Watching for file changes with StatReloader
Notification count: total=1
Notification count: total=1
Internal Server Error: /settings/
Traceback (most recent call last):
  File "C:\Users\T.SHIGARAKI\Desktop\Projet-Bibliotheque\Projet-bibliotheque-admin\venv_admin\Lib\site-packages\django\template\backends\django.py", line 107, in render
    return self.template.render(context)
           ~~~~~~~~~~~~~~~~~~~~^^^^^^^^^
  File "C:\Users\T.SHIGARAKI\Desktop\Projet-Bibliotheque\Projet-bibliotheque-admin\venv_admin\Lib\site-packages\django\template\base.py", line 171, in render
    return self._render(context)
           ~~~~~~~~~~~~^^^^^^^^^
  File "C:\Users\T.SHIGARAKI\Desktop\Projet-Bibliotheque\Projet-bibliotheque-admin\venv_admin\Lib\site-packages\django\template\base.py", line 163, in _render
    return self.nodelist.render(context)
           ~~~~~~~~~~~~~~~~~~~~^^^^^^^^^
  File "C:\Users\T.SHIGARAKI\Desktop\Projet-Bibliotheque\Projet-bibliotheque-admin\venv_admin\Lib\site-packages\django\template\base.py", line 1016, in render
    return SafeString("".join([node.render_annotated(context) for node in self]))
                               ~~~~~~~~~~~~~~~~~~~~~^^^^^^^^^
  File "C:\Users\T.SHIGARAKI\Desktop\Projet-Bibliotheque\Projet-bibliotheque-admin\venv_admin\Lib\site-packages\django\template\base.py", line 977, in render_annotated
    return self.render(context)
           ~~~~~~~~~~~^^^^^^^^^
  File "C:\Users\T.SHIGARAKI\Desktop\Projet-Bibliotheque\Projet-bibliotheque-admin\venv_admin\Lib\site-packages\django\template\loader_tags.py", line 134, in render
    compiled_parent = self.get_parent(context)
  File "C:\Users\T.SHIGARAKI\Desktop\Projet-Bibliotheque\Projet-bibliotheque-admin\venv_admin\Lib\site-packages\django\template\loader_tags.py", line 131, in get_parent
    return self.find_template(parent, context)
           ~~~~~~~~~~~~~~~~~~^^^^^^^^^^^^^^^^^
  File "C:\Users\T.SHIGARAKI\Desktop\Projet-Bibliotheque\Projet-bibliotheque-admin\venv_admin\Lib\site-packages\django\template\loader_tags.py", line 109, in find_template
    template, origin = context.template.engine.find_template(
                       ~~~~~~~~~~~~~~~~~~~~~~~~~~~~~~~~~~~~~^
        template_name,
        ^^^^^^^^^^^^^^
        skip=history,
        ^^^^^^^^^^^^^
    )
    ^
  File "C:\Users\T.SHIGARAKI\Desktop\Projet-Bibliotheque\Projet-bibliotheque-admin\venv_admin\Lib\site-packages\django\template\engine.py", line 163, in find_template
    raise TemplateDoesNotExist(name, tried=tried)
django.template.exceptions.TemplateDoesNotExist: base.html

The above exception was the direct cause of the following exception:

Traceback (most recent call last):
  File "C:\Users\T.SHIGARAKI\Desktop\Projet-Bibliotheque\Projet-bibliotheque-admin\venv_admin\Lib\site-packages\django\core\handlers\exception.py", line 55, in inner
    response = get_response(request)
  File "C:\Users\T.SHIGARAKI\Desktop\Projet-Bibliotheque\Projet-bibliotheque-admin\venv_admin\Lib\site-packages\django\core\handlers\base.py", line 197, in _get_response
    response = wrapped_callback(request, *callback_args, **callback_kwargs)
  File "C:\Users\T.SHIGARAKI\Desktop\Projet-Bibliotheque\Projet-bibliotheque-admin\venv_admin\Lib\site-packages\django\contrib\auth\decorators.py", line 59, in _view_wrapper
    return view_func(request, *args, **kwargs)
  File "C:\Users\T.SHIGARAKI\Desktop\Projet-Bibliotheque\Projet-bibliotheque-admin\settings_app\views.py", line 28, in settings_view
    return render(request, 'settings_app/settings.html', {
        'form': form,
        'log_content': log_content,
    })
  File "C:\Users\T.SHIGARAKI\Desktop\Projet-Bibliotheque\Projet-bibliotheque-admin\venv_admin\Lib\site-packages\django\shortcuts.py", line 25, in render
    content = loader.render_to_string(template_name, context, request, using=using)
  File "C:\Users\T.SHIGARAKI\Desktop\Projet-Bibliotheque\Projet-bibliotheque-admin\venv_admin\Lib\site-packages\django\template\loader.py", line 62, in render_to_string
    return template.render(context, request)
           ~~~~~~~~~~~~~~~^^^^^^^^^^^^^^^^^^
  File "C:\Users\T.SHIGARAKI\Desktop\Projet-Bibliotheque\Projet-bibliotheque-admin\venv_admin\Lib\site-packages\django\template\backends\django.py", line 109, in render
    reraise(exc, self.backend)
    ~~~~~~~^^^^^^^^^^^^^^^^^^^
  File "C:\Users\T.SHIGARAKI\Desktop\Projet-Bibliotheque\Projet-bibliotheque-admin\venv_admin\Lib\site-packages\django\template\backends\django.py", line 130, in reraise
    raise new from exc
django.template.exceptions.TemplateDoesNotExist: base.html
Notification count: total=1
Notification count: total=1
Notification count: total=1
Supprimé 1 notifications pour prêt retourné: livre Livre 1, utilisateur utilisateur_1
Notification créée: ID 16, message: 'Livre 1' de utilisateur_1 est en retard (échéance: 2025-05-20).
Total des notifications affichées: 2
Notification count: total=1
Notification count: total=1
Notification count: total=1
Notification count: total=1
Internal Server Error: /settings/
Traceback (most recent call last):
  File "C:\Users\T.SHIGARAKI\Desktop\Projet-Bibliotheque\Projet-bibliotheque-admin\venv_admin\Lib\site-packages\django\core\handlers\exception.py", line 55, in inner
    response = get_response(request)
  File "C:\Users\T.SHIGARAKI\Desktop\Projet-Bibliotheque\Projet-bibliotheque-admin\venv_admin\Lib\site-packages\django\core\handlers\base.py", line 197, in _get_response
    response = wrapped_callback(request, *callback_args, **callback_kwargs)
  File "C:\Users\T.SHIGARAKI\Desktop\Projet-Bibliotheque\Projet-bibliotheque-admin\venv_admin\Lib\site-packages\django\contrib\auth\decorators.py", line 59, in _view_wrapper
    return view_func(request, *args, **kwargs)
  File "C:\Users\T.SHIGARAKI\Desktop\Projet-Bibliotheque\Projet-bibliotheque-admin\settings_app\views.py", line 15, in settings_view
    log_content = f.read().splitlines()[-10:]  # Dernières 10 lignes
                  ~~~~~~^^
  File "<frozen codecs>", line 325, in decode
UnicodeDecodeError: 'utf-8' codec can't decode byte 0xe9 in position 4738: invalid continuation byte
Internal Server Error: /settings/
Traceback (most recent call last):
  File "C:\Users\T.SHIGARAKI\Desktop\Projet-Bibliotheque\Projet-bibliotheque-admin\venv_admin\Lib\site-packages\django\core\handlers\exception.py", line 55, in inner
    response = get_response(request)
  File "C:\Users\T.SHIGARAKI\Desktop\Projet-Bibliotheque\Projet-bibliotheque-admin\venv_admin\Lib\site-packages\django\core\handlers\base.py", line 197, in _get_response
    response = wrapped_callback(request, *callback_args, **callback_kwargs)
  File "C:\Users\T.SHIGARAKI\Desktop\Projet-Bibliotheque\Projet-bibliotheque-admin\venv_admin\Lib\site-packages\django\contrib\auth\decorators.py", line 59, in _view_wrapper
    return view_func(request, *args, **kwargs)
  File "C:\Users\T.SHIGARAKI\Desktop\Projet-Bibliotheque\Projet-bibliotheque-admin\settings_app\views.py", line 15, in settings_view
    log_content = f.read().splitlines()[-10:]  # Dernières 10 lignes
                  ~~~~~~^^
  File "<frozen codecs>", line 325, in decode
UnicodeDecodeError: 'utf-8' codec can't decode byte 0xe9 in position 4738: invalid continuation byte
Notification count: total=1
Internal Server Error: /settings/
Traceback (most recent call last):
  File "C:\Users\T.SHIGARAKI\Desktop\Projet-Bibliotheque\Projet-bibliotheque-admin\venv_admin\Lib\site-packages\django\core\handlers\exception.py", line 55, in inner
    response = get_response(request)
  File "C:\Users\T.SHIGARAKI\Desktop\Projet-Bibliotheque\Projet-bibliotheque-admin\venv_admin\Lib\site-packages\django\core\handlers\base.py", line 197, in _get_response
    response = wrapped_callback(request, *callback_args, **callback_kwargs)
  File "C:\Users\T.SHIGARAKI\Desktop\Projet-Bibliotheque\Projet-bibliotheque-admin\venv_admin\Lib\site-packages\django\contrib\auth\decorators.py", line 59, in _view_wrapper
    return view_func(request, *args, **kwargs)
  File "C:\Users\T.SHIGARAKI\Desktop\Projet-Bibliotheque\Projet-bibliotheque-admin\settings_app\views.py", line 15, in settings_view
    log_content = f.read().splitlines()[-10:]  # Dernières 10 lignes
                  ~~~~~~^^
  File "<frozen codecs>", line 325, in decode
UnicodeDecodeError: 'utf-8' codec can't decode byte 0xe9 in position 4738: invalid continuation byte
Watching for file changes with StatReloader
Not Found: /favicon.ico
Not Found: /favicon.ico
Notification count: total=1
Supprimé 1 notifications pour prêt retourné: livre Livre 1, utilisateur utilisateur_1
Notification créée: ID 17, message: 'Livre 1' de utilisateur_1 est en retard (échéance: 2025-05-20).
Total des notifications affichées: 2
Notification count: total=1
Tentative de marquage comme lu pour la notification ID 17 par l'utilisateur Bibliothecaire_1
Notification marquée comme lue: ID 17
Notification count: total=0
Supprimé 1 notifications pour prêt retourné: livre Livre 1, utilisateur utilisateur_1
Notification créée: ID 18, message: 'Livre 1' de utilisateur_1 est en retard (échéance: 2025-05-20).
Total des notifications affichées: 2
Notification count: total=1
Notification count: total=1
Internal Server Error: /settings/
Traceback (most recent call last):
  File "C:\Users\T.SHIGARAKI\Desktop\Projet-Bibliotheque\Projet-bibliotheque-admin\venv_admin\Lib\site-packages\django\core\handlers\exception.py", line 55, in inner
    response = get_response(request)
  File "C:\Users\T.SHIGARAKI\Desktop\Projet-Bibliotheque\Projet-bibliotheque-admin\venv_admin\Lib\site-packages\django\core\handlers\base.py", line 197, in _get_response
    response = wrapped_callback(request, *callback_args, **callback_kwargs)
  File "C:\Users\T.SHIGARAKI\Desktop\Projet-Bibliotheque\Projet-bibliotheque-admin\venv_admin\Lib\site-packages\django\contrib\auth\decorators.py", line 59, in _view_wrapper
    return view_func(request, *args, **kwargs)
  File "C:\Users\T.SHIGARAKI\Desktop\Projet-Bibliotheque\Projet-bibliotheque-admin\settings_app\views.py", line 15, in settings_view
    log_content = f.read().splitlines()[-10:]  # Dernières 10 lignes
                  ~~~~~~^^
  File "<frozen codecs>", line 325, in decode
UnicodeDecodeError: 'utf-8' codec can't decode byte 0xe9 in position 4738: invalid continuation byte
Notification count: total=1
Notification count: total=1
Notification count: total=1
Notification count: total=1
Notification count: total=1
Notification count: total=1
Internal Server Error: /settings/
Traceback (most recent call last):
  File "C:\Users\T.SHIGARAKI\Desktop\Projet-Bibliotheque\Projet-bibliotheque-admin\venv_admin\Lib\site-packages\django\core\handlers\exception.py", line 55, in inner
    response = get_response(request)
  File "C:\Users\T.SHIGARAKI\Desktop\Projet-Bibliotheque\Projet-bibliotheque-admin\venv_admin\Lib\site-packages\django\core\handlers\base.py", line 197, in _get_response
    response = wrapped_callback(request, *callback_args, **callback_kwargs)
  File "C:\Users\T.SHIGARAKI\Desktop\Projet-Bibliotheque\Projet-bibliotheque-admin\venv_admin\Lib\site-packages\django\contrib\auth\decorators.py", line 59, in _view_wrapper
    return view_func(request, *args, **kwargs)
  File "C:\Users\T.SHIGARAKI\Desktop\Projet-Bibliotheque\Projet-bibliotheque-admin\settings_app\views.py", line 15, in settings_view
    log_content = f.read().splitlines()[-10:]  # Dernières 10 lignes
                  ~~~~~~^^
  File "<frozen codecs>", line 325, in decode
UnicodeDecodeError: 'utf-8' codec can't decode byte 0xe9 in position 4738: invalid continuation byte
C:\Users\T.SHIGARAKI\Desktop\Projet-Bibliotheque\Projet-bibliotheque-admin\settings_app\views.py changed, reloading.
Watching for file changes with StatReloader
Watching for file changes with StatReloader
Notification count: total=1
C:\Users\T.SHIGARAKI\Desktop\Projet-Bibliotheque\Projet-bibliotheque-admin\settings_app\models.py changed, reloading.
Watching for file changes with StatReloader
Watching for file changes with StatReloader
Notification count: total=1
Internal Server Error: /settings/
Traceback (most recent call last):
  File "C:\Users\T.SHIGARAKI\Desktop\Projet-Bibliotheque\Projet-bibliotheque-admin\venv_admin\Lib\site-packages\django\template\backends\django.py", line 107, in render
    return self.template.render(context)
           ~~~~~~~~~~~~~~~~~~~~^^^^^^^^^
  File "C:\Users\T.SHIGARAKI\Desktop\Projet-Bibliotheque\Projet-bibliotheque-admin\venv_admin\Lib\site-packages\django\template\base.py", line 171, in render
    return self._render(context)
           ~~~~~~~~~~~~^^^^^^^^^
  File "C:\Users\T.SHIGARAKI\Desktop\Projet-Bibliotheque\Projet-bibliotheque-admin\venv_admin\Lib\site-packages\django\template\base.py", line 163, in _render
    return self.nodelist.render(context)
           ~~~~~~~~~~~~~~~~~~~~^^^^^^^^^
  File "C:\Users\T.SHIGARAKI\Desktop\Projet-Bibliotheque\Projet-bibliotheque-admin\venv_admin\Lib\site-packages\django\template\base.py", line 1016, in render
    return SafeString("".join([node.render_annotated(context) for node in self]))
                               ~~~~~~~~~~~~~~~~~~~~~^^^^^^^^^
  File "C:\Users\T.SHIGARAKI\Desktop\Projet-Bibliotheque\Projet-bibliotheque-admin\venv_admin\Lib\site-packages\django\template\base.py", line 977, in render_annotated
    return self.render(context)
           ~~~~~~~~~~~^^^^^^^^^
  File "C:\Users\T.SHIGARAKI\Desktop\Projet-Bibliotheque\Projet-bibliotheque-admin\venv_admin\Lib\site-packages\django\template\loader_tags.py", line 134, in render
    compiled_parent = self.get_parent(context)
  File "C:\Users\T.SHIGARAKI\Desktop\Projet-Bibliotheque\Projet-bibliotheque-admin\venv_admin\Lib\site-packages\django\template\loader_tags.py", line 131, in get_parent
    return self.find_template(parent, context)
           ~~~~~~~~~~~~~~~~~~^^^^^^^^^^^^^^^^^
  File "C:\Users\T.SHIGARAKI\Desktop\Projet-Bibliotheque\Projet-bibliotheque-admin\venv_admin\Lib\site-packages\django\template\loader_tags.py", line 109, in find_template
    template, origin = context.template.engine.find_template(
                       ~~~~~~~~~~~~~~~~~~~~~~~~~~~~~~~~~~~~~^
        template_name,
        ^^^^^^^^^^^^^^
        skip=history,
        ^^^^^^^^^^^^^
    )
    ^
  File "C:\Users\T.SHIGARAKI\Desktop\Projet-Bibliotheque\Projet-bibliotheque-admin\venv_admin\Lib\site-packages\django\template\engine.py", line 163, in find_template
    raise TemplateDoesNotExist(name, tried=tried)
django.template.exceptions.TemplateDoesNotExist: base.html

The above exception was the direct cause of the following exception:

Traceback (most recent call last):
  File "C:\Users\T.SHIGARAKI\Desktop\Projet-Bibliotheque\Projet-bibliotheque-admin\venv_admin\Lib\site-packages\django\core\handlers\exception.py", line 55, in inner
    response = get_response(request)
  File "C:\Users\T.SHIGARAKI\Desktop\Projet-Bibliotheque\Projet-bibliotheque-admin\venv_admin\Lib\site-packages\django\core\handlers\base.py", line 197, in _get_response
    response = wrapped_callback(request, *callback_args, **callback_kwargs)
  File "C:\Users\T.SHIGARAKI\Desktop\Projet-Bibliotheque\Projet-bibliotheque-admin\venv_admin\Lib\site-packages\django\contrib\auth\decorators.py", line 59, in _view_wrapper
    return view_func(request, *args, **kwargs)
  File "C:\Users\T.SHIGARAKI\Desktop\Projet-Bibliotheque\Projet-bibliotheque-admin\settings_app\views.py", line 20, in settings_view
    return render(request, 'settings_app/settings.html', {
        'form': form,
    })
  File "C:\Users\T.SHIGARAKI\Desktop\Projet-Bibliotheque\Projet-bibliotheque-admin\venv_admin\Lib\site-packages\django\shortcuts.py", line 25, in render
    content = loader.render_to_string(template_name, context, request, using=using)
  File "C:\Users\T.SHIGARAKI\Desktop\Projet-Bibliotheque\Projet-bibliotheque-admin\venv_admin\Lib\site-packages\django\template\loader.py", line 62, in render_to_string
    return template.render(context, request)
           ~~~~~~~~~~~~~~~^^^^^^^^^^^^^^^^^^
  File "C:\Users\T.SHIGARAKI\Desktop\Projet-Bibliotheque\Projet-bibliotheque-admin\venv_admin\Lib\site-packages\django\template\backends\django.py", line 109, in render
    reraise(exc, self.backend)
    ~~~~~~~^^^^^^^^^^^^^^^^^^^
  File "C:\Users\T.SHIGARAKI\Desktop\Projet-Bibliotheque\Projet-bibliotheque-admin\venv_admin\Lib\site-packages\django\template\backends\django.py", line 130, in reraise
    raise new from exc
django.template.exceptions.TemplateDoesNotExist: base.html
Notification count: total=1
Supprimé 1 notifications pour prêt retourné: livre Livre 1, utilisateur utilisateur_1
Notification créée: ID 19, message: 'Livre 1' de utilisateur_1 est en retard (échéance: 2025-05-20).
Total des notifications affichées: 2
Notification count: total=1
Supprimé 1 notifications pour prêt retourné: livre Livre 1, utilisateur utilisateur_1
Notification créée: ID 20, message: 'Livre 1' de utilisateur_1 est en retard (échéance: 2025-05-20).
Total des notifications affichées: 2
Notification count: total=1
Notification count: total=1
Notification count: total=1
Notification count: total=1
Notification count: total=1
Notification count: total=1
Notification count: total=1
Supprimé 1 notifications pour prêt retourné: livre Livre 1, utilisateur utilisateur_1
Notification créée: ID 21, message: 'Livre 1' de utilisateur_1 est en retard (échéance: 2025-05-20).
Total des notifications affichées: 2
Notification count: total=1
Notification count: total=1
Notification count: total=1
Notification count: total=1
Notification count: total=1
Notification count: total=1
Supprimé 1 notifications pour prêt retourné: livre Livre 1, utilisateur utilisateur_1
Notification créée: ID 22, message: 'Livre 1' de utilisateur_1 est en retard (échéance: 2025-05-20).
Total des notifications affichées: 2
Notification count: total=1
Notification count: total=1
Supprimé 1 notifications pour prêt retourné: livre Livre 1, utilisateur utilisateur_1
Notification créée: ID 23, message: 'Livre 1' de utilisateur_1 est en retard (échéance: 2025-05-20).
Total des notifications affichées: 2
Notification count: total=1
Notification count: total=1
Notification count: total=1
Notification count: total=1
Notification count: total=1
Notification count: total=1
Notification count: total=1
Notification count: total=1
Notification count: total=1
Notification count: total=1
Notification count: total=1
Notification count: total=1
Notification count: total=1
Notification count: total=1
Notification count: total=1
Notification count: total=1
Notification count: total=1
Supprimé 1 notifications pour prêt retourné: livre Livre 1, utilisateur utilisateur_1
Notification créée: ID 24, message: 'Livre 1' de utilisateur_1 est en retard (échéance: 2025-05-20).
Notification créée: ID 25, message: Il reste 1 unité(s) de 'kq' dans la bibliothèque.
Total des notifications affichées: 3
Notification count: total=2
Notification count: total=2
Notification count: total=2
Notification count: total=2
Notification count: total=2
Notification count: total=2
Internal Server Error: /settings/
Traceback (most recent call last):
  File "C:\Users\T.SHIGARAKI\Desktop\Projet-Bibliotheque\Projet-bibliotheque-admin\venv_admin\Lib\site-packages\django\template\backends\django.py", line 107, in render
    return self.template.render(context)
           ~~~~~~~~~~~~~~~~~~~~^^^^^^^^^
  File "C:\Users\T.SHIGARAKI\Desktop\Projet-Bibliotheque\Projet-bibliotheque-admin\venv_admin\Lib\site-packages\django\template\base.py", line 171, in render
    return self._render(context)
           ~~~~~~~~~~~~^^^^^^^^^
  File "C:\Users\T.SHIGARAKI\Desktop\Projet-Bibliotheque\Projet-bibliotheque-admin\venv_admin\Lib\site-packages\django\template\base.py", line 163, in _render
    return self.nodelist.render(context)
           ~~~~~~~~~~~~~~~~~~~~^^^^^^^^^
  File "C:\Users\T.SHIGARAKI\Desktop\Projet-Bibliotheque\Projet-bibliotheque-admin\venv_admin\Lib\site-packages\django\template\base.py", line 1016, in render
    return SafeString("".join([node.render_annotated(context) for node in self]))
                               ~~~~~~~~~~~~~~~~~~~~~^^^^^^^^^
  File "C:\Users\T.SHIGARAKI\Desktop\Projet-Bibliotheque\Projet-bibliotheque-admin\venv_admin\Lib\site-packages\django\template\base.py", line 977, in render_annotated
    return self.render(context)
           ~~~~~~~~~~~^^^^^^^^^
  File "C:\Users\T.SHIGARAKI\Desktop\Projet-Bibliotheque\Projet-bibliotheque-admin\venv_admin\Lib\site-packages\django\template\loader_tags.py", line 134, in render
    compiled_parent = self.get_parent(context)
  File "C:\Users\T.SHIGARAKI\Desktop\Projet-Bibliotheque\Projet-bibliotheque-admin\venv_admin\Lib\site-packages\django\template\loader_tags.py", line 131, in get_parent
    return self.find_template(parent, context)
           ~~~~~~~~~~~~~~~~~~^^^^^^^^^^^^^^^^^
  File "C:\Users\T.SHIGARAKI\Desktop\Projet-Bibliotheque\Projet-bibliotheque-admin\venv_admin\Lib\site-packages\django\template\loader_tags.py", line 109, in find_template
    template, origin = context.template.engine.find_template(
                       ~~~~~~~~~~~~~~~~~~~~~~~~~~~~~~~~~~~~~^
        template_name,
        ^^^^^^^^^^^^^^
        skip=history,
        ^^^^^^^^^^^^^
    )
    ^
  File "C:\Users\T.SHIGARAKI\Desktop\Projet-Bibliotheque\Projet-bibliotheque-admin\venv_admin\Lib\site-packages\django\template\engine.py", line 163, in find_template
    raise TemplateDoesNotExist(name, tried=tried)
django.template.exceptions.TemplateDoesNotExist: base.html

The above exception was the direct cause of the following exception:

Traceback (most recent call last):
  File "C:\Users\T.SHIGARAKI\Desktop\Projet-Bibliotheque\Projet-bibliotheque-admin\venv_admin\Lib\site-packages\django\core\handlers\exception.py", line 55, in inner
    response = get_response(request)
  File "C:\Users\T.SHIGARAKI\Desktop\Projet-Bibliotheque\Projet-bibliotheque-admin\venv_admin\Lib\site-packages\django\core\handlers\base.py", line 197, in _get_response
    response = wrapped_callback(request, *callback_args, **callback_kwargs)
  File "C:\Users\T.SHIGARAKI\Desktop\Projet-Bibliotheque\Projet-bibliotheque-admin\venv_admin\Lib\site-packages\django\contrib\auth\decorators.py", line 59, in _view_wrapper
    return view_func(request, *args, **kwargs)
  File "C:\Users\T.SHIGARAKI\Desktop\Projet-Bibliotheque\Projet-bibliotheque-admin\settings_app\views.py", line 20, in settings_view
    return render(request, 'settings_app/settings.html', {
        'form': form,
    })
  File "C:\Users\T.SHIGARAKI\Desktop\Projet-Bibliotheque\Projet-bibliotheque-admin\venv_admin\Lib\site-packages\django\shortcuts.py", line 25, in render
    content = loader.render_to_string(template_name, context, request, using=using)
  File "C:\Users\T.SHIGARAKI\Desktop\Projet-Bibliotheque\Projet-bibliotheque-admin\venv_admin\Lib\site-packages\django\template\loader.py", line 62, in render_to_string
    return template.render(context, request)
           ~~~~~~~~~~~~~~~^^^^^^^^^^^^^^^^^^
  File "C:\Users\T.SHIGARAKI\Desktop\Projet-Bibliotheque\Projet-bibliotheque-admin\venv_admin\Lib\site-packages\django\template\backends\django.py", line 109, in render
    reraise(exc, self.backend)
    ~~~~~~~^^^^^^^^^^^^^^^^^^^
  File "C:\Users\T.SHIGARAKI\Desktop\Projet-Bibliotheque\Projet-bibliotheque-admin\venv_admin\Lib\site-packages\django\template\backends\django.py", line 130, in reraise
    raise new from exc
django.template.exceptions.TemplateDoesNotExist: base.html
Notification count: total=2
Notification count: total=2
Notification count: total=2
Notification count: total=2
Notification count: total=2
Supprimé 1 notifications pour prêt retourné: livre Livre 1, utilisateur utilisateur_1
Notification créée: ID 26, message: 'Livre 1' de utilisateur_1 est en retard (échéance: 2025-05-20).
Total des notifications affichées: 3
Notification count: total=2
Notification count: total=2
Notification count: total=2
Notification count: total=2
Notification count: total=2
Supprimé 1 notifications pour prêt retourné: livre Livre 1, utilisateur utilisateur_1
Notification créée: ID 27, message: 'Livre 1' de utilisateur_1 est en retard (échéance: 2025-05-20).
Total des notifications affichées: 3
Notification count: total=2
Tentative de marquage de toutes les notifications comme lues par l'utilisateur Bibliothecaire_1
2 notifications marquées comme lues
Notification count: total=0
Notification count: total=0
Notification count: total=0
C:\Users\T.SHIGARAKI\Desktop\Projet-Bibliotheque\Projet-bibliotheque-admin\settings_app\models.py changed, reloading.
Watching for file changes with StatReloader
Watching for file changes with StatReloader
Notification count: total=0
Supprimé 1 notifications pour prêt retourné: livre Livre 1, utilisateur utilisateur_1
Notification créée: ID 28, message: 'Livre 1' de utilisateur_1 est en retard (échéance: 2025-05-20).
Total des notifications affichées: 3
Notification count: total=1
Notification count: total=1
Notification count: total=1
Notification count: total=1
Notification count: total=1
Notification count: total=1
Supprimé 1 notifications pour prêt retourné: livre Livre 1, utilisateur utilisateur_1
Notification créée: ID 29, message: 'Livre 1' de utilisateur_1 est en retard (échéance: 2025-05-20).
Total des notifications affichées: 3
Notification count: total=1
Notification count: total=1
Notification count: total=1
Notification count: total=1
Notification count: total=1
Watching for file changes with StatReloader
Notification count: total=1
Notification count: total=1
Notification count: total=1
Supprimé 1 notifications pour prêt retourné: livre Livre 1, utilisateur utilisateur_1
Notification créée: ID 30, message: 'Livre 1' de utilisateur_1 est en retard (échéance: 2025-05-20).
Notification créée: ID 31, message: Stock critique: 1 unité(s) de 'D3ZAA' restantes.
Notification créée: ID 32, message: Stock critique: 1 unité(s) de 'kq' restantes.
Notification créée: ID 33, message: Stock faible: 2 unité(s) de 'Livre 1' restantes.
Notification créée: ID 34, message: Stock faible: 3 unité(s) de 'Test Book' restantes.
Total des notifications affichées: 5
Notification count: total=5
Notification count: total=5
Notification count: total=5
Supprimé 1 notifications pour prêt retourné: livre Livre 1, utilisateur utilisateur_1
Notification créée: ID 35, message: 'Livre 1' de utilisateur_1 est en retard (échéance: 2025-05-20).
Total des notifications affichées: 5
Notification count: total=5
Supprimé 1 notifications pour prêt retourné: livre Livre 1, utilisateur utilisateur_1
Notification créée: ID 36, message: 'Livre 1' de utilisateur_1 est en retard (échéance: 2025-05-20).
Total des notifications affichées: 5
Notification count: total=5
Notification count: total=5
Notification count: total=5
Notification count: total=5
Notification count: total=5
Supprimé 1 notifications pour prêt retourné: livre Livre 1, utilisateur utilisateur_1
Supprimé 1 notifications pour stock réapprovisionné: livre Livre 1
Supprimé 1 notifications pour stock réapprovisionné: livre Test Book
Notification créée: ID 37, message: 'Livre 1' de utilisateur_1 est en retard (échéance: 2025-05-20).
Total des notifications affichées: 3
Notification count: total=3
Notification count: total=3
Notification count: total=3
Notification count: total=3
Supprimé 1 notifications pour prêt retourné: livre Livre 1, utilisateur utilisateur_1
Notification créée: ID 38, message: 'Livre 1' de utilisateur_1 est en retard (échéance: 2025-05-20).
Total des notifications affichées: 3
Notification count: total=3
Notification count: total=3
Notification count: total=3
Notification count: total=3
Notification count: total=3
Supprimé 1 notifications pour prêt retourné: livre Livre 1, utilisateur utilisateur_1
Notification créée: ID 39, message: 'Livre 1' de utilisateur_1 est en retard (échéance: 2025-05-20).
Notification créée: ID 40, message: Stock faible: 2 unité(s) de 'Livre 1' restantes.
Notification créée: ID 41, message: Stock faible: 9 unité(s) de 'Test Book' restantes.
Total des notifications affichées: 5
Notification count: total=5
Tentative de marquage comme lu pour la notification ID 39 par l'utilisateur Bibliothecaire_1
Notification marquée comme lue: ID 39
Notification count: total=4
Tentative de marquage de toutes les notifications comme lues par l'utilisateur Bibliothecaire_1
4 notifications marquées comme lues
Notification count: total=0
Supprimé 1 notifications pour prêt retourné: livre Livre 1, utilisateur utilisateur_1
Notification créée: ID 42, message: 'Livre 1' de utilisateur_1 est en retard (échéance: 2025-05-20).
Total des notifications affichées: 5
Notification count: total=1
Tentative de suppression de la notification ID 42 par l'utilisateur Bibliothecaire_1
Notification supprimée: ID 42, unique_identifier: 813b7d21614b91ee3df46497493ac2ae5db0cc5354b5e9d593987d9bda1986b3
Notification count: total=0
Notification créée: ID 43, message: 'Livre 1' de utilisateur_1 est en retard (échéance: 2025-05-20).
Total des notifications affichées: 5
Notification count: total=1
Notification count: total=1
Tentative de suppression de la notification ID 31 par l'utilisateur Bibliothecaire_1
Notification supprimée: ID 31, unique_identifier: bd1c8aaf1172698f0680d7cde01b6d4b4b264f37c6f15ade373b3f1b19f9e1a7
Notification count: total=1
Supprimé 1 notifications pour prêt retourné: livre Livre 1, utilisateur utilisateur_1
Notification créée: ID 44, message: 'Livre 1' de utilisateur_1 est en retard (échéance: 2025-05-20).
Total des notifications affichées: 4
Notification count: total=1
Notification count: total=1
Notification count: total=1
Notification count: total=1
Supprimé 1 notifications pour prêt retourné: livre Livre 1, utilisateur utilisateur_1
Notification créée: ID 45, message: 'Livre 1' de utilisateur_1 est en retard (échéance: 2025-05-20).
Total des notifications affichées: 4
Notification count: total=1
Notification count: total=1
Notification count: total=1
Notification count: total=1
Notification count: total=1
Notification count: total=1
Notification count: total=1
Notification count: total=1
Notification count: total=1
Notification count: total=1
Notification count: total=1
Notification count: total=1
Supprimé 1 notifications pour prêt retourné: livre Livre 1, utilisateur utilisateur_1
Notification créée: ID 46, message: 'Livre 1' de utilisateur_1 est en retard (échéance: 2025-05-20).
Total des notifications affichées: 4
Notification count: total=1
Notification count: total=1
Notification count: total=1
Notification count: total=1
Notification count: total=1
Notification count: total=1
Notification count: total=1
Notification count: total=1
Notification count: total=1
Notification count: total=1
Notification count: total=1
Notification count: total=1
Notification count: total=1
Notification count: total=1
C:\Users\T.SHIGARAKI\Desktop\Projet-Bibliotheque\Projet-bibliotheque-admin\notifications\views.py changed, reloading.
Watching for file changes with StatReloader
C:\Users\T.SHIGARAKI\Desktop\Projet-Bibliotheque\Projet-bibliotheque-admin\notifications\views.py changed, reloading.
Watching for file changes with StatReloader
C:\Users\T.SHIGARAKI\Desktop\Projet-Bibliotheque\Projet-bibliotheque-admin\notifications\views.py changed, reloading.
Watching for file changes with StatReloader
Notification count: total=1
Notification count: total=1
Supprimé 1 notifications pour prêt retourné: livre Livre 1, utilisateur utilisateur_1
Notification créée: ID 47, message: 'Livre 1' de utilisateur_1 est en retard (échéance: 2025-05-20).
Total des notifications affichées: 1
Notification count: total=1
Tentative de marquage comme lu pour la notification ID 47 par l'utilisateur Bibliothecaire_1
Notification marquée comme lue: ID 47
Notification count: total=0
Supprimé 1 notifications pour prêt retourné: livre Livre 1, utilisateur utilisateur_1
Notification créée: ID 48, message: 'Livre 1' de utilisateur_1 est en retard (échéance: 2025-05-20).
Total des notifications affichées: 1
Notification count: total=1
Supprimé 1 notifications pour prêt retourné: livre Livre 1, utilisateur utilisateur_1
Notification créée: ID 49, message: 'Livre 1' de utilisateur_1 est en retard (échéance: 2025-05-20).
Total des notifications affichées: 1
Notification count: total=1
Tentative de suppression de toutes les notifications par l'utilisateur Bibliothecaire_1
6 notifications supprimées
Notification count: total=0
Notification créée: ID 50, message: 'Livre 1' de utilisateur_1 est en retard (échéance: 2025-05-20).
Total des notifications affichées: 1
Notification count: total=1
Notification count: total=1
Supprimé 1 notifications pour prêt retourné: livre Livre 1, utilisateur utilisateur_1
Notification créée: ID 51, message: 'D3ZAA' de utilisateur_1 est en retard (échéance: 2025-05-22).
Notification créée: ID 52, message: 'Livre 1' de utilisateur_1 est en retard (échéance: 2025-05-20).
Total des notifications affichées: 2
Notification count: total=2
Notification count: total=2
Tentative de marquage comme lu pour la notification ID 52 par l'utilisateur Bibliothecaire_1
Notification marquée comme lue: ID 52
Notification count: total=1
Supprimé 1 notifications pour prêt retourné: livre Livre 1, utilisateur utilisateur_1
Notification créée: ID 53, message: 'Livre 1' de utilisateur_1 est en retard (échéance: 2025-05-20).
Total des notifications affichées: 2
Notification count: total=2
Supprimé 1 notifications pour prêt retourné: livre Livre 1, utilisateur utilisateur_1
Notification créée: ID 54, message: 'Livre 1' de utilisateur_1 est en retard (échéance: 2025-05-20).
Total des notifications affichées: 2
Notification count: total=2
Notification count: total=2
Notification count: total=2
Notification count: total=2
Notification count: total=2
Supprimé 1 notifications pour prêt retourné: livre Livre 1, utilisateur utilisateur_1
Notification créée: ID 55, message: 'Livre 1' de utilisateur_1 est en retard (échéance: 2025-05-20).
Notification créée: ID 56, message: Stock critique: 1 unité(s) de 'Livre 1' restantes.
Total des notifications affichées: 4
Notification count: total=3
Notification count: total=3
Notification count: total=3
Notification count: total=3
Supprimé 1 notifications pour prêt retourné: livre Livre 1, utilisateur utilisateur_1
Notification créée: ID 57, message: Retour proche pour 'Test Book' emprunté par utilisateur_1 (échéance: 2025-05-25).
Notification créée: ID 58, message: 'Livre 1' de utilisateur_1 est en retard (échéance: 2025-05-20).
Notification créée: ID 59, message: Stock faible: 8 unité(s) de 'Test Book' restantes.
Total des notifications affichées: 6
Notification count: total=5
Notification count: total=5
Notification count: total=5
Supprimé 1 notifications pour prêt retourné: livre Livre 1, utilisateur utilisateur_1
Notification créée: ID 60, message: 'Livre 1' de utilisateur_1 est en retard (échéance: 2025-05-20).
Total des notifications affichées: 6
Notification count: total=5
Tentative de suppression de la notification ID 59 par l'utilisateur Bibliothecaire_1
Notification supprimée: ID 59, unique_identifier: 020a301a54bcf7ff1261593ca74f9a370a794c69cf2aba304d0c994588291c3c
Notification count: total=4
Watching for file changes with StatReloader
Watching for file changes with StatReloader
Not Found: /favicon.ico
Notification count: total=2
Notification count: total=2
Notification count: total=2
Notification count: total=2
Internal Server Error: /notifications/
Traceback (most recent call last):
  File "C:\Users\T.SHIGARAKI\Desktop\Projet-Bibliotheque\Projet-bibliotheque-admin\venv_admin\Lib\site-packages\django\db\backends\utils.py", line 105, in _execute
    return self.cursor.execute(sql, params)
           ~~~~~~~~~~~~~~~~~~~^^^^^^^^^^^^^
  File "C:\Users\T.SHIGARAKI\Desktop\Projet-Bibliotheque\Projet-bibliotheque-admin\venv_admin\Lib\site-packages\django\db\backends\mysql\base.py", line 76, in execute
    return self.cursor.execute(query, args)
           ~~~~~~~~~~~~~~~~~~~^^^^^^^^^^^^^
  File "C:\Users\T.SHIGARAKI\Desktop\Projet-Bibliotheque\Projet-bibliotheque-admin\venv_admin\Lib\site-packages\pymysql\cursors.py", line 153, in execute
    result = self._query(query)
  File "C:\Users\T.SHIGARAKI\Desktop\Projet-Bibliotheque\Projet-bibliotheque-admin\venv_admin\Lib\site-packages\pymysql\cursors.py", line 322, in _query
    conn.query(q)
    ~~~~~~~~~~^^^
  File "C:\Users\T.SHIGARAKI\Desktop\Projet-Bibliotheque\Projet-bibliotheque-admin\venv_admin\Lib\site-packages\pymysql\connections.py", line 563, in query
    self._affected_rows = self._read_query_result(unbuffered=unbuffered)
                          ~~~~~~~~~~~~~~~~~~~~~~~^^^^^^^^^^^^^^^^^^^^^^^
  File "C:\Users\T.SHIGARAKI\Desktop\Projet-Bibliotheque\Projet-bibliotheque-admin\venv_admin\Lib\site-packages\pymysql\connections.py", line 825, in _read_query_result
    result.read()
    ~~~~~~~~~~~^^
  File "C:\Users\T.SHIGARAKI\Desktop\Projet-Bibliotheque\Projet-bibliotheque-admin\venv_admin\Lib\site-packages\pymysql\connections.py", line 1199, in read
    first_packet = self.connection._read_packet()
  File "C:\Users\T.SHIGARAKI\Desktop\Projet-Bibliotheque\Projet-bibliotheque-admin\venv_admin\Lib\site-packages\pymysql\connections.py", line 775, in _read_packet
    packet.raise_for_error()
    ~~~~~~~~~~~~~~~~~~~~~~^^
  File "C:\Users\T.SHIGARAKI\Desktop\Projet-Bibliotheque\Projet-bibliotheque-admin\venv_admin\Lib\site-packages\pymysql\protocol.py", line 219, in raise_for_error
    err.raise_mysql_exception(self._data)
    ~~~~~~~~~~~~~~~~~~~~~~~~~^^^^^^^^^^^^
  File "C:\Users\T.SHIGARAKI\Desktop\Projet-Bibliotheque\Projet-bibliotheque-admin\venv_admin\Lib\site-packages\pymysql\err.py", line 150, in raise_mysql_exception
    raise errorclass(errno, errval)
pymysql.err.OperationalError: (1054, "Champ 'settings_app_systemsettings.loan_warning_days' inconnu dans field list")

The above exception was the direct cause of the following exception:

Traceback (most recent call last):
  File "C:\Users\T.SHIGARAKI\Desktop\Projet-Bibliotheque\Projet-bibliotheque-admin\venv_admin\Lib\site-packages\django\core\handlers\exception.py", line 55, in inner
    response = get_response(request)
  File "C:\Users\T.SHIGARAKI\Desktop\Projet-Bibliotheque\Projet-bibliotheque-admin\venv_admin\Lib\site-packages\django\core\handlers\base.py", line 197, in _get_response
    response = wrapped_callback(request, *callback_args, **callback_kwargs)
  File "C:\Users\T.SHIGARAKI\Desktop\Projet-Bibliotheque\Projet-bibliotheque-admin\venv_admin\Lib\site-packages\django\contrib\auth\decorators.py", line 59, in _view_wrapper
    return view_func(request, *args, **kwargs)
  File "C:\Users\T.SHIGARAKI\Desktop\Projet-Bibliotheque\Projet-bibliotheque-admin\notifications\views.py", line 28, in notifications
    settings = SystemSettings.objects.first()
  File "C:\Users\T.SHIGARAKI\Desktop\Projet-Bibliotheque\Projet-bibliotheque-admin\venv_admin\Lib\site-packages\django\db\models\manager.py", line 87, in manager_method
    return getattr(self.get_queryset(), name)(*args, **kwargs)
           ~~~~~~~~~~~~~~~~~~~~~~~~~~~~~~~~~~^^^^^^^^^^^^^^^^^
  File "C:\Users\T.SHIGARAKI\Desktop\Projet-Bibliotheque\Projet-bibliotheque-admin\venv_admin\Lib\site-packages\django\db\models\query.py", line 1104, in first
    for obj in queryset[:1]:
               ~~~~~~~~^^^^
  File "C:\Users\T.SHIGARAKI\Desktop\Projet-Bibliotheque\Projet-bibliotheque-admin\venv_admin\Lib\site-packages\django\db\models\query.py", line 384, in __iter__
    self._fetch_all()
    ~~~~~~~~~~~~~~~^^
  File "C:\Users\T.SHIGARAKI\Desktop\Projet-Bibliotheque\Projet-bibliotheque-admin\venv_admin\Lib\site-packages\django\db\models\query.py", line 1945, in _fetch_all
    self._result_cache = list(self._iterable_class(self))
                         ~~~~^^^^^^^^^^^^^^^^^^^^^^^^^^^^
  File "C:\Users\T.SHIGARAKI\Desktop\Projet-Bibliotheque\Projet-bibliotheque-admin\venv_admin\Lib\site-packages\django\db\models\query.py", line 91, in __iter__
    results = compiler.execute_sql(
        chunked_fetch=self.chunked_fetch, chunk_size=self.chunk_size
    )
  File "C:\Users\T.SHIGARAKI\Desktop\Projet-Bibliotheque\Projet-bibliotheque-admin\venv_admin\Lib\site-packages\django\db\models\sql\compiler.py", line 1623, in execute_sql
    cursor.execute(sql, params)
    ~~~~~~~~~~~~~~^^^^^^^^^^^^^
  File "C:\Users\T.SHIGARAKI\Desktop\Projet-Bibliotheque\Projet-bibliotheque-admin\venv_admin\Lib\site-packages\django\db\backends\utils.py", line 122, in execute
    return super().execute(sql, params)
           ~~~~~~~~~~~~~~~^^^^^^^^^^^^^
  File "C:\Users\T.SHIGARAKI\Desktop\Projet-Bibliotheque\Projet-bibliotheque-admin\venv_admin\Lib\site-packages\django\db\backends\utils.py", line 79, in execute
    return self._execute_with_wrappers(
           ~~~~~~~~~~~~~~~~~~~~~~~~~~~^
        sql, params, many=False, executor=self._execute
        ^^^^^^^^^^^^^^^^^^^^^^^^^^^^^^^^^^^^^^^^^^^^^^^
    )
    ^
  File "C:\Users\T.SHIGARAKI\Desktop\Projet-Bibliotheque\Projet-bibliotheque-admin\venv_admin\Lib\site-packages\django\db\backends\utils.py", line 92, in _execute_with_wrappers
    return executor(sql, params, many, context)
  File "C:\Users\T.SHIGARAKI\Desktop\Projet-Bibliotheque\Projet-bibliotheque-admin\venv_admin\Lib\site-packages\django\db\backends\utils.py", line 100, in _execute
    with self.db.wrap_database_errors:
         ^^^^^^^^^^^^^^^^^^^^^^^^^^^^
  File "C:\Users\T.SHIGARAKI\Desktop\Projet-Bibliotheque\Projet-bibliotheque-admin\venv_admin\Lib\site-packages\django\db\utils.py", line 91, in __exit__
    raise dj_exc_value.with_traceback(traceback) from exc_value
  File "C:\Users\T.SHIGARAKI\Desktop\Projet-Bibliotheque\Projet-bibliotheque-admin\venv_admin\Lib\site-packages\django\db\backends\utils.py", line 105, in _execute
    return self.cursor.execute(sql, params)
           ~~~~~~~~~~~~~~~~~~~^^^^^^^^^^^^^
  File "C:\Users\T.SHIGARAKI\Desktop\Projet-Bibliotheque\Projet-bibliotheque-admin\venv_admin\Lib\site-packages\django\db\backends\mysql\base.py", line 76, in execute
    return self.cursor.execute(query, args)
           ~~~~~~~~~~~~~~~~~~~^^^^^^^^^^^^^
  File "C:\Users\T.SHIGARAKI\Desktop\Projet-Bibliotheque\Projet-bibliotheque-admin\venv_admin\Lib\site-packages\pymysql\cursors.py", line 153, in execute
    result = self._query(query)
  File "C:\Users\T.SHIGARAKI\Desktop\Projet-Bibliotheque\Projet-bibliotheque-admin\venv_admin\Lib\site-packages\pymysql\cursors.py", line 322, in _query
    conn.query(q)
    ~~~~~~~~~~^^^
  File "C:\Users\T.SHIGARAKI\Desktop\Projet-Bibliotheque\Projet-bibliotheque-admin\venv_admin\Lib\site-packages\pymysql\connections.py", line 563, in query
    self._affected_rows = self._read_query_result(unbuffered=unbuffered)
                          ~~~~~~~~~~~~~~~~~~~~~~~^^^^^^^^^^^^^^^^^^^^^^^
  File "C:\Users\T.SHIGARAKI\Desktop\Projet-Bibliotheque\Projet-bibliotheque-admin\venv_admin\Lib\site-packages\pymysql\connections.py", line 825, in _read_query_result
    result.read()
    ~~~~~~~~~~~^^
  File "C:\Users\T.SHIGARAKI\Desktop\Projet-Bibliotheque\Projet-bibliotheque-admin\venv_admin\Lib\site-packages\pymysql\connections.py", line 1199, in read
    first_packet = self.connection._read_packet()
  File "C:\Users\T.SHIGARAKI\Desktop\Projet-Bibliotheque\Projet-bibliotheque-admin\venv_admin\Lib\site-packages\pymysql\connections.py", line 775, in _read_packet
    packet.raise_for_error()
    ~~~~~~~~~~~~~~~~~~~~~~^^
  File "C:\Users\T.SHIGARAKI\Desktop\Projet-Bibliotheque\Projet-bibliotheque-admin\venv_admin\Lib\site-packages\pymysql\protocol.py", line 219, in raise_for_error
    err.raise_mysql_exception(self._data)
    ~~~~~~~~~~~~~~~~~~~~~~~~~^^^^^^^^^^^^
  File "C:\Users\T.SHIGARAKI\Desktop\Projet-Bibliotheque\Projet-bibliotheque-admin\venv_admin\Lib\site-packages\pymysql\err.py", line 150, in raise_mysql_exception
    raise errorclass(errno, errval)
django.db.utils.OperationalError: (1054, "Champ 'settings_app_systemsettings.loan_warning_days' inconnu dans field list")
C:\Users\T.SHIGARAKI\Desktop\Projet-Bibliotheque\Projet-bibliotheque-admin\settings_app\forms.py changed, reloading.
Watching for file changes with StatReloader
C:\Users\T.SHIGARAKI\Desktop\Projet-Bibliotheque\Projet-bibliotheque-admin\notifications\views.py changed, reloading.
Watching for file changes with StatReloader
C:\Users\T.SHIGARAKI\Desktop\Projet-Bibliotheque\Projet-bibliotheque-admin\notifications\views.py changed, reloading.
Watching for file changes with StatReloader
Internal Server Error: /notifications/
Traceback (most recent call last):
  File "C:\Users\T.SHIGARAKI\Desktop\Projet-Bibliotheque\Projet-bibliotheque-admin\venv_admin\Lib\site-packages\django\db\backends\utils.py", line 105, in _execute
    return self.cursor.execute(sql, params)
           ~~~~~~~~~~~~~~~~~~~^^^^^^^^^^^^^
  File "C:\Users\T.SHIGARAKI\Desktop\Projet-Bibliotheque\Projet-bibliotheque-admin\venv_admin\Lib\site-packages\django\db\backends\mysql\base.py", line 76, in execute
    return self.cursor.execute(query, args)
           ~~~~~~~~~~~~~~~~~~~^^^^^^^^^^^^^
  File "C:\Users\T.SHIGARAKI\Desktop\Projet-Bibliotheque\Projet-bibliotheque-admin\venv_admin\Lib\site-packages\pymysql\cursors.py", line 153, in execute
    result = self._query(query)
  File "C:\Users\T.SHIGARAKI\Desktop\Projet-Bibliotheque\Projet-bibliotheque-admin\venv_admin\Lib\site-packages\pymysql\cursors.py", line 322, in _query
    conn.query(q)
    ~~~~~~~~~~^^^
  File "C:\Users\T.SHIGARAKI\Desktop\Projet-Bibliotheque\Projet-bibliotheque-admin\venv_admin\Lib\site-packages\pymysql\connections.py", line 563, in query
    self._affected_rows = self._read_query_result(unbuffered=unbuffered)
                          ~~~~~~~~~~~~~~~~~~~~~~~^^^^^^^^^^^^^^^^^^^^^^^
  File "C:\Users\T.SHIGARAKI\Desktop\Projet-Bibliotheque\Projet-bibliotheque-admin\venv_admin\Lib\site-packages\pymysql\connections.py", line 825, in _read_query_result
    result.read()
    ~~~~~~~~~~~^^
  File "C:\Users\T.SHIGARAKI\Desktop\Projet-Bibliotheque\Projet-bibliotheque-admin\venv_admin\Lib\site-packages\pymysql\connections.py", line 1199, in read
    first_packet = self.connection._read_packet()
  File "C:\Users\T.SHIGARAKI\Desktop\Projet-Bibliotheque\Projet-bibliotheque-admin\venv_admin\Lib\site-packages\pymysql\connections.py", line 775, in _read_packet
    packet.raise_for_error()
    ~~~~~~~~~~~~~~~~~~~~~~^^
  File "C:\Users\T.SHIGARAKI\Desktop\Projet-Bibliotheque\Projet-bibliotheque-admin\venv_admin\Lib\site-packages\pymysql\protocol.py", line 219, in raise_for_error
    err.raise_mysql_exception(self._data)
    ~~~~~~~~~~~~~~~~~~~~~~~~~^^^^^^^^^^^^
  File "C:\Users\T.SHIGARAKI\Desktop\Projet-Bibliotheque\Projet-bibliotheque-admin\venv_admin\Lib\site-packages\pymysql\err.py", line 150, in raise_mysql_exception
    raise errorclass(errno, errval)
pymysql.err.OperationalError: (1054, "Champ 'settings_app_systemsettings.loan_warning_days' inconnu dans field list")

The above exception was the direct cause of the following exception:

Traceback (most recent call last):
  File "C:\Users\T.SHIGARAKI\Desktop\Projet-Bibliotheque\Projet-bibliotheque-admin\venv_admin\Lib\site-packages\django\core\handlers\exception.py", line 55, in inner
    response = get_response(request)
  File "C:\Users\T.SHIGARAKI\Desktop\Projet-Bibliotheque\Projet-bibliotheque-admin\venv_admin\Lib\site-packages\django\core\handlers\base.py", line 197, in _get_response
    response = wrapped_callback(request, *callback_args, **callback_kwargs)
  File "C:\Users\T.SHIGARAKI\Desktop\Projet-Bibliotheque\Projet-bibliotheque-admin\venv_admin\Lib\site-packages\django\contrib\auth\decorators.py", line 59, in _view_wrapper
    return view_func(request, *args, **kwargs)
  File "C:\Users\T.SHIGARAKI\Desktop\Projet-Bibliotheque\Projet-bibliotheque-admin\notifications\views.py", line 28, in notifications
    settings = SystemSettings.objects.first()
  File "C:\Users\T.SHIGARAKI\Desktop\Projet-Bibliotheque\Projet-bibliotheque-admin\venv_admin\Lib\site-packages\django\db\models\manager.py", line 87, in manager_method
    return getattr(self.get_queryset(), name)(*args, **kwargs)
           ~~~~~~~~~~~~~~~~~~~~~~~~~~~~~~~~~~^^^^^^^^^^^^^^^^^
  File "C:\Users\T.SHIGARAKI\Desktop\Projet-Bibliotheque\Projet-bibliotheque-admin\venv_admin\Lib\site-packages\django\db\models\query.py", line 1104, in first
    for obj in queryset[:1]:
               ~~~~~~~~^^^^
  File "C:\Users\T.SHIGARAKI\Desktop\Projet-Bibliotheque\Projet-bibliotheque-admin\venv_admin\Lib\site-packages\django\db\models\query.py", line 384, in __iter__
    self._fetch_all()
    ~~~~~~~~~~~~~~~^^
  File "C:\Users\T.SHIGARAKI\Desktop\Projet-Bibliotheque\Projet-bibliotheque-admin\venv_admin\Lib\site-packages\django\db\models\query.py", line 1945, in _fetch_all
    self._result_cache = list(self._iterable_class(self))
                         ~~~~^^^^^^^^^^^^^^^^^^^^^^^^^^^^
  File "C:\Users\T.SHIGARAKI\Desktop\Projet-Bibliotheque\Projet-bibliotheque-admin\venv_admin\Lib\site-packages\django\db\models\query.py", line 91, in __iter__
    results = compiler.execute_sql(
        chunked_fetch=self.chunked_fetch, chunk_size=self.chunk_size
    )
  File "C:\Users\T.SHIGARAKI\Desktop\Projet-Bibliotheque\Projet-bibliotheque-admin\venv_admin\Lib\site-packages\django\db\models\sql\compiler.py", line 1623, in execute_sql
    cursor.execute(sql, params)
    ~~~~~~~~~~~~~~^^^^^^^^^^^^^
  File "C:\Users\T.SHIGARAKI\Desktop\Projet-Bibliotheque\Projet-bibliotheque-admin\venv_admin\Lib\site-packages\django\db\backends\utils.py", line 122, in execute
    return super().execute(sql, params)
           ~~~~~~~~~~~~~~~^^^^^^^^^^^^^
  File "C:\Users\T.SHIGARAKI\Desktop\Projet-Bibliotheque\Projet-bibliotheque-admin\venv_admin\Lib\site-packages\django\db\backends\utils.py", line 79, in execute
    return self._execute_with_wrappers(
           ~~~~~~~~~~~~~~~~~~~~~~~~~~~^
        sql, params, many=False, executor=self._execute
        ^^^^^^^^^^^^^^^^^^^^^^^^^^^^^^^^^^^^^^^^^^^^^^^
    )
    ^
  File "C:\Users\T.SHIGARAKI\Desktop\Projet-Bibliotheque\Projet-bibliotheque-admin\venv_admin\Lib\site-packages\django\db\backends\utils.py", line 92, in _execute_with_wrappers
    return executor(sql, params, many, context)
  File "C:\Users\T.SHIGARAKI\Desktop\Projet-Bibliotheque\Projet-bibliotheque-admin\venv_admin\Lib\site-packages\django\db\backends\utils.py", line 100, in _execute
    with self.db.wrap_database_errors:
         ^^^^^^^^^^^^^^^^^^^^^^^^^^^^
  File "C:\Users\T.SHIGARAKI\Desktop\Projet-Bibliotheque\Projet-bibliotheque-admin\venv_admin\Lib\site-packages\django\db\utils.py", line 91, in __exit__
    raise dj_exc_value.with_traceback(traceback) from exc_value
  File "C:\Users\T.SHIGARAKI\Desktop\Projet-Bibliotheque\Projet-bibliotheque-admin\venv_admin\Lib\site-packages\django\db\backends\utils.py", line 105, in _execute
    return self.cursor.execute(sql, params)
           ~~~~~~~~~~~~~~~~~~~^^^^^^^^^^^^^
  File "C:\Users\T.SHIGARAKI\Desktop\Projet-Bibliotheque\Projet-bibliotheque-admin\venv_admin\Lib\site-packages\django\db\backends\mysql\base.py", line 76, in execute
    return self.cursor.execute(query, args)
           ~~~~~~~~~~~~~~~~~~~^^^^^^^^^^^^^
  File "C:\Users\T.SHIGARAKI\Desktop\Projet-Bibliotheque\Projet-bibliotheque-admin\venv_admin\Lib\site-packages\pymysql\cursors.py", line 153, in execute
    result = self._query(query)
  File "C:\Users\T.SHIGARAKI\Desktop\Projet-Bibliotheque\Projet-bibliotheque-admin\venv_admin\Lib\site-packages\pymysql\cursors.py", line 322, in _query
    conn.query(q)
    ~~~~~~~~~~^^^
  File "C:\Users\T.SHIGARAKI\Desktop\Projet-Bibliotheque\Projet-bibliotheque-admin\venv_admin\Lib\site-packages\pymysql\connections.py", line 563, in query
    self._affected_rows = self._read_query_result(unbuffered=unbuffered)
                          ~~~~~~~~~~~~~~~~~~~~~~~^^^^^^^^^^^^^^^^^^^^^^^
  File "C:\Users\T.SHIGARAKI\Desktop\Projet-Bibliotheque\Projet-bibliotheque-admin\venv_admin\Lib\site-packages\pymysql\connections.py", line 825, in _read_query_result
    result.read()
    ~~~~~~~~~~~^^
  File "C:\Users\T.SHIGARAKI\Desktop\Projet-Bibliotheque\Projet-bibliotheque-admin\venv_admin\Lib\site-packages\pymysql\connections.py", line 1199, in read
    first_packet = self.connection._read_packet()
  File "C:\Users\T.SHIGARAKI\Desktop\Projet-Bibliotheque\Projet-bibliotheque-admin\venv_admin\Lib\site-packages\pymysql\connections.py", line 775, in _read_packet
    packet.raise_for_error()
    ~~~~~~~~~~~~~~~~~~~~~~^^
  File "C:\Users\T.SHIGARAKI\Desktop\Projet-Bibliotheque\Projet-bibliotheque-admin\venv_admin\Lib\site-packages\pymysql\protocol.py", line 219, in raise_for_error
    err.raise_mysql_exception(self._data)
    ~~~~~~~~~~~~~~~~~~~~~~~~~^^^^^^^^^^^^
  File "C:\Users\T.SHIGARAKI\Desktop\Projet-Bibliotheque\Projet-bibliotheque-admin\venv_admin\Lib\site-packages\pymysql\err.py", line 150, in raise_mysql_exception
    raise errorclass(errno, errval)
django.db.utils.OperationalError: (1054, "Champ 'settings_app_systemsettings.loan_warning_days' inconnu dans field list")
C:\Users\T.SHIGARAKI\Desktop\Projet-Bibliotheque\Projet-bibliotheque-admin\notifications\views.py changed, reloading.
Watching for file changes with StatReloader
Watching for file changes with StatReloader
Watching for file changes with StatReloader
Notification count: total=0
Notification count: total=0
Notification count: total=0
Notification count: total=0
Notification count: total=0
Notification count: total=0
Notification count: total=0
Internal Server Error: /notifications/
Traceback (most recent call last):
  File "C:\Users\T.SHIGARAKI\Desktop\Projet-Bibliotheque\Projet-bibliotheque-admin\venv_admin\Lib\site-packages\django\db\backends\utils.py", line 105, in _execute
    return self.cursor.execute(sql, params)
           ~~~~~~~~~~~~~~~~~~~^^^^^^^^^^^^^
  File "C:\Users\T.SHIGARAKI\Desktop\Projet-Bibliotheque\Projet-bibliotheque-admin\venv_admin\Lib\site-packages\django\db\backends\mysql\base.py", line 76, in execute
    return self.cursor.execute(query, args)
           ~~~~~~~~~~~~~~~~~~~^^^^^^^^^^^^^
  File "C:\Users\T.SHIGARAKI\Desktop\Projet-Bibliotheque\Projet-bibliotheque-admin\venv_admin\Lib\site-packages\pymysql\cursors.py", line 153, in execute
    result = self._query(query)
  File "C:\Users\T.SHIGARAKI\Desktop\Projet-Bibliotheque\Projet-bibliotheque-admin\venv_admin\Lib\site-packages\pymysql\cursors.py", line 322, in _query
    conn.query(q)
    ~~~~~~~~~~^^^
  File "C:\Users\T.SHIGARAKI\Desktop\Projet-Bibliotheque\Projet-bibliotheque-admin\venv_admin\Lib\site-packages\pymysql\connections.py", line 563, in query
    self._affected_rows = self._read_query_result(unbuffered=unbuffered)
                          ~~~~~~~~~~~~~~~~~~~~~~~^^^^^^^^^^^^^^^^^^^^^^^
  File "C:\Users\T.SHIGARAKI\Desktop\Projet-Bibliotheque\Projet-bibliotheque-admin\venv_admin\Lib\site-packages\pymysql\connections.py", line 825, in _read_query_result
    result.read()
    ~~~~~~~~~~~^^
  File "C:\Users\T.SHIGARAKI\Desktop\Projet-Bibliotheque\Projet-bibliotheque-admin\venv_admin\Lib\site-packages\pymysql\connections.py", line 1199, in read
    first_packet = self.connection._read_packet()
  File "C:\Users\T.SHIGARAKI\Desktop\Projet-Bibliotheque\Projet-bibliotheque-admin\venv_admin\Lib\site-packages\pymysql\connections.py", line 775, in _read_packet
    packet.raise_for_error()
    ~~~~~~~~~~~~~~~~~~~~~~^^
  File "C:\Users\T.SHIGARAKI\Desktop\Projet-Bibliotheque\Projet-bibliotheque-admin\venv_admin\Lib\site-packages\pymysql\protocol.py", line 219, in raise_for_error
    err.raise_mysql_exception(self._data)
    ~~~~~~~~~~~~~~~~~~~~~~~~~^^^^^^^^^^^^
  File "C:\Users\T.SHIGARAKI\Desktop\Projet-Bibliotheque\Projet-bibliotheque-admin\venv_admin\Lib\site-packages\pymysql\err.py", line 150, in raise_mysql_exception
    raise errorclass(errno, errval)
pymysql.err.ProgrammingError: (1146, "La table 'librairy_db.settings_app_systemsettings' n'existe pas")

The above exception was the direct cause of the following exception:

Traceback (most recent call last):
  File "C:\Users\T.SHIGARAKI\Desktop\Projet-Bibliotheque\Projet-bibliotheque-admin\venv_admin\Lib\site-packages\django\core\handlers\exception.py", line 55, in inner
    response = get_response(request)
  File "C:\Users\T.SHIGARAKI\Desktop\Projet-Bibliotheque\Projet-bibliotheque-admin\venv_admin\Lib\site-packages\django\core\handlers\base.py", line 197, in _get_response
    response = wrapped_callback(request, *callback_args, **callback_kwargs)
  File "C:\Users\T.SHIGARAKI\Desktop\Projet-Bibliotheque\Projet-bibliotheque-admin\venv_admin\Lib\site-packages\django\contrib\auth\decorators.py", line 59, in _view_wrapper
    return view_func(request, *args, **kwargs)
  File "C:\Users\T.SHIGARAKI\Desktop\Projet-Bibliotheque\Projet-bibliotheque-admin\notifications\views.py", line 28, in notifications
    settings = SystemSettings.objects.first()
  File "C:\Users\T.SHIGARAKI\Desktop\Projet-Bibliotheque\Projet-bibliotheque-admin\venv_admin\Lib\site-packages\django\db\models\manager.py", line 87, in manager_method
    return getattr(self.get_queryset(), name)(*args, **kwargs)
           ~~~~~~~~~~~~~~~~~~~~~~~~~~~~~~~~~~^^^^^^^^^^^^^^^^^
  File "C:\Users\T.SHIGARAKI\Desktop\Projet-Bibliotheque\Projet-bibliotheque-admin\venv_admin\Lib\site-packages\django\db\models\query.py", line 1104, in first
    for obj in queryset[:1]:
               ~~~~~~~~^^^^
  File "C:\Users\T.SHIGARAKI\Desktop\Projet-Bibliotheque\Projet-bibliotheque-admin\venv_admin\Lib\site-packages\django\db\models\query.py", line 384, in __iter__
    self._fetch_all()
    ~~~~~~~~~~~~~~~^^
  File "C:\Users\T.SHIGARAKI\Desktop\Projet-Bibliotheque\Projet-bibliotheque-admin\venv_admin\Lib\site-packages\django\db\models\query.py", line 1945, in _fetch_all
    self._result_cache = list(self._iterable_class(self))
                         ~~~~^^^^^^^^^^^^^^^^^^^^^^^^^^^^
  File "C:\Users\T.SHIGARAKI\Desktop\Projet-Bibliotheque\Projet-bibliotheque-admin\venv_admin\Lib\site-packages\django\db\models\query.py", line 91, in __iter__
    results = compiler.execute_sql(
        chunked_fetch=self.chunked_fetch, chunk_size=self.chunk_size
    )
  File "C:\Users\T.SHIGARAKI\Desktop\Projet-Bibliotheque\Projet-bibliotheque-admin\venv_admin\Lib\site-packages\django\db\models\sql\compiler.py", line 1623, in execute_sql
    cursor.execute(sql, params)
    ~~~~~~~~~~~~~~^^^^^^^^^^^^^
  File "C:\Users\T.SHIGARAKI\Desktop\Projet-Bibliotheque\Projet-bibliotheque-admin\venv_admin\Lib\site-packages\django\db\backends\utils.py", line 122, in execute
    return super().execute(sql, params)
           ~~~~~~~~~~~~~~~^^^^^^^^^^^^^
  File "C:\Users\T.SHIGARAKI\Desktop\Projet-Bibliotheque\Projet-bibliotheque-admin\venv_admin\Lib\site-packages\django\db\backends\utils.py", line 79, in execute
    return self._execute_with_wrappers(
           ~~~~~~~~~~~~~~~~~~~~~~~~~~~^
        sql, params, many=False, executor=self._execute
        ^^^^^^^^^^^^^^^^^^^^^^^^^^^^^^^^^^^^^^^^^^^^^^^
    )
    ^
  File "C:\Users\T.SHIGARAKI\Desktop\Projet-Bibliotheque\Projet-bibliotheque-admin\venv_admin\Lib\site-packages\django\db\backends\utils.py", line 92, in _execute_with_wrappers
    return executor(sql, params, many, context)
  File "C:\Users\T.SHIGARAKI\Desktop\Projet-Bibliotheque\Projet-bibliotheque-admin\venv_admin\Lib\site-packages\django\db\backends\utils.py", line 100, in _execute
    with self.db.wrap_database_errors:
         ^^^^^^^^^^^^^^^^^^^^^^^^^^^^
  File "C:\Users\T.SHIGARAKI\Desktop\Projet-Bibliotheque\Projet-bibliotheque-admin\venv_admin\Lib\site-packages\django\db\utils.py", line 91, in __exit__
    raise dj_exc_value.with_traceback(traceback) from exc_value
  File "C:\Users\T.SHIGARAKI\Desktop\Projet-Bibliotheque\Projet-bibliotheque-admin\venv_admin\Lib\site-packages\django\db\backends\utils.py", line 105, in _execute
    return self.cursor.execute(sql, params)
           ~~~~~~~~~~~~~~~~~~~^^^^^^^^^^^^^
  File "C:\Users\T.SHIGARAKI\Desktop\Projet-Bibliotheque\Projet-bibliotheque-admin\venv_admin\Lib\site-packages\django\db\backends\mysql\base.py", line 76, in execute
    return self.cursor.execute(query, args)
           ~~~~~~~~~~~~~~~~~~~^^^^^^^^^^^^^
  File "C:\Users\T.SHIGARAKI\Desktop\Projet-Bibliotheque\Projet-bibliotheque-admin\venv_admin\Lib\site-packages\pymysql\cursors.py", line 153, in execute
    result = self._query(query)
  File "C:\Users\T.SHIGARAKI\Desktop\Projet-Bibliotheque\Projet-bibliotheque-admin\venv_admin\Lib\site-packages\pymysql\cursors.py", line 322, in _query
    conn.query(q)
    ~~~~~~~~~~^^^
  File "C:\Users\T.SHIGARAKI\Desktop\Projet-Bibliotheque\Projet-bibliotheque-admin\venv_admin\Lib\site-packages\pymysql\connections.py", line 563, in query
    self._affected_rows = self._read_query_result(unbuffered=unbuffered)
                          ~~~~~~~~~~~~~~~~~~~~~~~^^^^^^^^^^^^^^^^^^^^^^^
  File "C:\Users\T.SHIGARAKI\Desktop\Projet-Bibliotheque\Projet-bibliotheque-admin\venv_admin\Lib\site-packages\pymysql\connections.py", line 825, in _read_query_result
    result.read()
    ~~~~~~~~~~~^^
  File "C:\Users\T.SHIGARAKI\Desktop\Projet-Bibliotheque\Projet-bibliotheque-admin\venv_admin\Lib\site-packages\pymysql\connections.py", line 1199, in read
    first_packet = self.connection._read_packet()
  File "C:\Users\T.SHIGARAKI\Desktop\Projet-Bibliotheque\Projet-bibliotheque-admin\venv_admin\Lib\site-packages\pymysql\connections.py", line 775, in _read_packet
    packet.raise_for_error()
    ~~~~~~~~~~~~~~~~~~~~~~^^
  File "C:\Users\T.SHIGARAKI\Desktop\Projet-Bibliotheque\Projet-bibliotheque-admin\venv_admin\Lib\site-packages\pymysql\protocol.py", line 219, in raise_for_error
    err.raise_mysql_exception(self._data)
    ~~~~~~~~~~~~~~~~~~~~~~~~~^^^^^^^^^^^^
  File "C:\Users\T.SHIGARAKI\Desktop\Projet-Bibliotheque\Projet-bibliotheque-admin\venv_admin\Lib\site-packages\pymysql\err.py", line 150, in raise_mysql_exception
    raise errorclass(errno, errval)
django.db.utils.ProgrammingError: (1146, "La table 'librairy_db.settings_app_systemsettings' n'existe pas")
C:\Users\T.SHIGARAKI\Desktop\Projet-Bibliotheque\Projet-bibliotheque-admin\settings_app\models.py changed, reloading.
Watching for file changes with StatReloader
Watching for file changes with StatReloader
C:\Users\T.SHIGARAKI\Desktop\Projet-Bibliotheque\Projet-bibliotheque-admin\admin_librairy_project\settings.py changed, reloading.
Watching for file changes with StatReloader
Watching for file changes with StatReloader
Total des notifications affichées: 0
Notification count: total=0
Notification count: total=0
Notification count: total=0
Notification count: total=0
Notification count: total=0
Notification count: total=0
Notification count: total=0
Notification count: total=0
Notification count: total=0
Watching for file changes with StatReloader
Notification count: total=0
Notification count: total=0
Notification count: total=0
Notification count: total=0
Notification count: total=0
Notification count: total=0
Notification créée: ID 1, message: Stock faible: 3 unité(s) de 'Livre 1' restantes.
Total des notifications affichées: 1
Notification count: total=1
Notification count: total=1
Notification count: total=1
Notification count: total=1
Total des notifications affichées: 1
Notification count: total=1
Notification count: total=1
Notification count: total=1
Total des notifications affichées: 1
Notification count: total=1
Notification count: total=1
Notification count: total=1
Notification count: total=1
Notification créée: ID 2, message: 'Livre 1' de utilisateur_1 est en retard (échéance: 2025-05-25).
Notification créée: ID 3, message: Stock faible: 2 unité(s) de 'Livre 1' restantes.
Total des notifications affichées: 2
Notification count: total=3
Notification count: total=3
Notification count: total=3
Notification count: total=3
Notification créée: ID 4, message: Retour proche pour 'livre 2' emprunté par utilisateur_2 (échéance: 2025-05-28).
Total des notifications affichées: 3
Notification count: total=4
Notification count: total=4
Notification count: total=4
Notification count: total=4
Notification count: total=4
Supprimé 2 notifications pour stock réapprovisionné: livre Livre 1
Total des notifications affichées: 2
Notification count: total=2
Notification count: total=2
Notification count: total=2
Notification count: total=2
Notification créée: ID 5, message: Stock faible: 2 unité(s) de 'Livre 1' restantes.
Total des notifications affichées: 2
Notification count: total=3
Notification count: total=3
Notification count: total=3
Total des notifications affichées: 2
Notification count: total=3
Notification count: total=3
Watching for file changes with StatReloader
Total des notifications affichées: 2
Notification count: total=3
Notification count: total=3
Notification count: total=3
C:\Users\T.SHIGARAKI\Desktop\Projet-Bibliotheque\Projet-bibliotheque-admin\loans\views.py changed, reloading.
Watching for file changes with StatReloader
C:\Users\T.SHIGARAKI\Desktop\Projet-Bibliotheque\Projet-bibliotheque-admin\loans\urls.py changed, reloading.
Watching for file changes with StatReloader
Internal Server Error: /loans/create/
Traceback (most recent call last):
  File "C:\Users\T.SHIGARAKI\Desktop\Projet-Bibliotheque\Projet-bibliotheque-admin\venv_admin\Lib\site-packages\django\core\handlers\exception.py", line 55, in inner
    response = get_response(request)
  File "C:\Users\T.SHIGARAKI\Desktop\Projet-Bibliotheque\Projet-bibliotheque-admin\venv_admin\Lib\site-packages\django\core\handlers\base.py", line 197, in _get_response
    response = wrapped_callback(request, *callback_args, **callback_kwargs)
  File "C:\Users\T.SHIGARAKI\Desktop\Projet-Bibliotheque\Projet-bibliotheque-admin\venv_admin\Lib\site-packages\django\contrib\auth\decorators.py", line 59, in _view_wrapper
    return view_func(request, *args, **kwargs)
  File "C:\Users\T.SHIGARAKI\Desktop\Projet-Bibliotheque\Projet-bibliotheque-admin\loans\views.py", line 200, in create_loan
    return render(request, 'loans/create_loan.html')
  File "C:\Users\T.SHIGARAKI\Desktop\Projet-Bibliotheque\Projet-bibliotheque-admin\venv_admin\Lib\site-packages\django\shortcuts.py", line 25, in render
    content = loader.render_to_string(template_name, context, request, using=using)
  File "C:\Users\T.SHIGARAKI\Desktop\Projet-Bibliotheque\Projet-bibliotheque-admin\venv_admin\Lib\site-packages\django\template\loader.py", line 62, in render_to_string
    return template.render(context, request)
           ~~~~~~~~~~~~~~~^^^^^^^^^^^^^^^^^^
  File "C:\Users\T.SHIGARAKI\Desktop\Projet-Bibliotheque\Projet-bibliotheque-admin\venv_admin\Lib\site-packages\django\template\backends\django.py", line 107, in render
    return self.template.render(context)
           ~~~~~~~~~~~~~~~~~~~~^^^^^^^^^
  File "C:\Users\T.SHIGARAKI\Desktop\Projet-Bibliotheque\Projet-bibliotheque-admin\venv_admin\Lib\site-packages\django\template\base.py", line 171, in render
    return self._render(context)
           ~~~~~~~~~~~~^^^^^^^^^
  File "C:\Users\T.SHIGARAKI\Desktop\Projet-Bibliotheque\Projet-bibliotheque-admin\venv_admin\Lib\site-packages\django\template\base.py", line 163, in _render
    return self.nodelist.render(context)
           ~~~~~~~~~~~~~~~~~~~~^^^^^^^^^
  File "C:\Users\T.SHIGARAKI\Desktop\Projet-Bibliotheque\Projet-bibliotheque-admin\venv_admin\Lib\site-packages\django\template\base.py", line 1016, in render
    return SafeString("".join([node.render_annotated(context) for node in self]))
                               ~~~~~~~~~~~~~~~~~~~~~^^^^^^^^^
  File "C:\Users\T.SHIGARAKI\Desktop\Projet-Bibliotheque\Projet-bibliotheque-admin\venv_admin\Lib\site-packages\django\template\base.py", line 977, in render_annotated
    return self.render(context)
           ~~~~~~~~~~~^^^^^^^^^
  File "C:\Users\T.SHIGARAKI\Desktop\Projet-Bibliotheque\Projet-bibliotheque-admin\venv_admin\Lib\site-packages\django\template\loader_tags.py", line 159, in render
    return compiled_parent._render(context)
           ~~~~~~~~~~~~~~~~~~~~~~~^^^^^^^^^
  File "C:\Users\T.SHIGARAKI\Desktop\Projet-Bibliotheque\Projet-bibliotheque-admin\venv_admin\Lib\site-packages\django\template\base.py", line 163, in _render
    return self.nodelist.render(context)
           ~~~~~~~~~~~~~~~~~~~~^^^^^^^^^
  File "C:\Users\T.SHIGARAKI\Desktop\Projet-Bibliotheque\Projet-bibliotheque-admin\venv_admin\Lib\site-packages\django\template\base.py", line 1016, in render
    return SafeString("".join([node.render_annotated(context) for node in self]))
                               ~~~~~~~~~~~~~~~~~~~~~^^^^^^^^^
  File "C:\Users\T.SHIGARAKI\Desktop\Projet-Bibliotheque\Projet-bibliotheque-admin\venv_admin\Lib\site-packages\django\template\base.py", line 977, in render_annotated
    return self.render(context)
           ~~~~~~~~~~~^^^^^^^^^
  File "C:\Users\T.SHIGARAKI\Desktop\Projet-Bibliotheque\Projet-bibliotheque-admin\venv_admin\Lib\site-packages\django\template\defaulttags.py", line 327, in render
    return nodelist.render(context)
           ~~~~~~~~~~~~~~~^^^^^^^^^
  File "C:\Users\T.SHIGARAKI\Desktop\Projet-Bibliotheque\Projet-bibliotheque-admin\venv_admin\Lib\site-packages\django\template\base.py", line 1016, in render
    return SafeString("".join([node.render_annotated(context) for node in self]))
                               ~~~~~~~~~~~~~~~~~~~~~^^^^^^^^^
  File "C:\Users\T.SHIGARAKI\Desktop\Projet-Bibliotheque\Projet-bibliotheque-admin\venv_admin\Lib\site-packages\django\template\base.py", line 977, in render_annotated
    return self.render(context)
           ~~~~~~~~~~~^^^^^^^^^
  File "C:\Users\T.SHIGARAKI\Desktop\Projet-Bibliotheque\Projet-bibliotheque-admin\venv_admin\Lib\site-packages\django\template\defaulttags.py", line 480, in render
    url = reverse(view_name, args=args, kwargs=kwargs, current_app=current_app)
  File "C:\Users\T.SHIGARAKI\Desktop\Projet-Bibliotheque\Projet-bibliotheque-admin\venv_admin\Lib\site-packages\django\urls\base.py", line 98, in reverse
    resolved_url = resolver._reverse_with_prefix(view, prefix, *args, **kwargs)
  File "C:\Users\T.SHIGARAKI\Desktop\Projet-Bibliotheque\Projet-bibliotheque-admin\venv_admin\Lib\site-packages\django\urls\resolvers.py", line 831, in _reverse_with_prefix
    raise NoReverseMatch(msg)
django.urls.exceptions.NoReverseMatch: Reverse for 'loan_list' not found. 'loan_list' is not a valid view function or pattern name.
Not Found: /favicon.ico
C:\Users\T.SHIGARAKI\Desktop\Projet-Bibliotheque\Projet-bibliotheque-admin\loans\urls.py changed, reloading.
Watching for file changes with StatReloader
Internal Server Error: /loans/create/
Traceback (most recent call last):
  File "C:\Users\T.SHIGARAKI\Desktop\Projet-Bibliotheque\Projet-bibliotheque-admin\venv_admin\Lib\site-packages\django\urls\base.py", line 81, in reverse
    extra, resolver = resolver.namespace_dict[ns]
                      ~~~~~~~~~~~~~~~~~~~~~~~^^^^
KeyError: 'loans'

During handling of the above exception, another exception occurred:

Traceback (most recent call last):
  File "C:\Users\T.SHIGARAKI\Desktop\Projet-Bibliotheque\Projet-bibliotheque-admin\venv_admin\Lib\site-packages\django\core\handlers\exception.py", line 55, in inner
    response = get_response(request)
  File "C:\Users\T.SHIGARAKI\Desktop\Projet-Bibliotheque\Projet-bibliotheque-admin\venv_admin\Lib\site-packages\django\core\handlers\base.py", line 197, in _get_response
    response = wrapped_callback(request, *callback_args, **callback_kwargs)
  File "C:\Users\T.SHIGARAKI\Desktop\Projet-Bibliotheque\Projet-bibliotheque-admin\venv_admin\Lib\site-packages\django\contrib\auth\decorators.py", line 59, in _view_wrapper
    return view_func(request, *args, **kwargs)
  File "C:\Users\T.SHIGARAKI\Desktop\Projet-Bibliotheque\Projet-bibliotheque-admin\loans\views.py", line 200, in create_loan
    return render(request, 'loans/create_loan.html')
  File "C:\Users\T.SHIGARAKI\Desktop\Projet-Bibliotheque\Projet-bibliotheque-admin\venv_admin\Lib\site-packages\django\shortcuts.py", line 25, in render
    content = loader.render_to_string(template_name, context, request, using=using)
  File "C:\Users\T.SHIGARAKI\Desktop\Projet-Bibliotheque\Projet-bibliotheque-admin\venv_admin\Lib\site-packages\django\template\loader.py", line 62, in render_to_string
    return template.render(context, request)
           ~~~~~~~~~~~~~~~^^^^^^^^^^^^^^^^^^
  File "C:\Users\T.SHIGARAKI\Desktop\Projet-Bibliotheque\Projet-bibliotheque-admin\venv_admin\Lib\site-packages\django\template\backends\django.py", line 107, in render
    return self.template.render(context)
           ~~~~~~~~~~~~~~~~~~~~^^^^^^^^^
  File "C:\Users\T.SHIGARAKI\Desktop\Projet-Bibliotheque\Projet-bibliotheque-admin\venv_admin\Lib\site-packages\django\template\base.py", line 171, in render
    return self._render(context)
           ~~~~~~~~~~~~^^^^^^^^^
  File "C:\Users\T.SHIGARAKI\Desktop\Projet-Bibliotheque\Projet-bibliotheque-admin\venv_admin\Lib\site-packages\django\template\base.py", line 163, in _render
    return self.nodelist.render(context)
           ~~~~~~~~~~~~~~~~~~~~^^^^^^^^^
  File "C:\Users\T.SHIGARAKI\Desktop\Projet-Bibliotheque\Projet-bibliotheque-admin\venv_admin\Lib\site-packages\django\template\base.py", line 1016, in render
    return SafeString("".join([node.render_annotated(context) for node in self]))
                               ~~~~~~~~~~~~~~~~~~~~~^^^^^^^^^
  File "C:\Users\T.SHIGARAKI\Desktop\Projet-Bibliotheque\Projet-bibliotheque-admin\venv_admin\Lib\site-packages\django\template\base.py", line 977, in render_annotated
    return self.render(context)
           ~~~~~~~~~~~^^^^^^^^^
  File "C:\Users\T.SHIGARAKI\Desktop\Projet-Bibliotheque\Projet-bibliotheque-admin\venv_admin\Lib\site-packages\django\template\loader_tags.py", line 159, in render
    return compiled_parent._render(context)
           ~~~~~~~~~~~~~~~~~~~~~~~^^^^^^^^^
  File "C:\Users\T.SHIGARAKI\Desktop\Projet-Bibliotheque\Projet-bibliotheque-admin\venv_admin\Lib\site-packages\django\template\base.py", line 163, in _render
    return self.nodelist.render(context)
           ~~~~~~~~~~~~~~~~~~~~^^^^^^^^^
  File "C:\Users\T.SHIGARAKI\Desktop\Projet-Bibliotheque\Projet-bibliotheque-admin\venv_admin\Lib\site-packages\django\template\base.py", line 1016, in render
    return SafeString("".join([node.render_annotated(context) for node in self]))
                               ~~~~~~~~~~~~~~~~~~~~~^^^^^^^^^
  File "C:\Users\T.SHIGARAKI\Desktop\Projet-Bibliotheque\Projet-bibliotheque-admin\venv_admin\Lib\site-packages\django\template\base.py", line 977, in render_annotated
    return self.render(context)
           ~~~~~~~~~~~^^^^^^^^^
  File "C:\Users\T.SHIGARAKI\Desktop\Projet-Bibliotheque\Projet-bibliotheque-admin\venv_admin\Lib\site-packages\django\template\loader_tags.py", line 65, in render
    result = block.nodelist.render(context)
  File "C:\Users\T.SHIGARAKI\Desktop\Projet-Bibliotheque\Projet-bibliotheque-admin\venv_admin\Lib\site-packages\django\template\base.py", line 1016, in render
    return SafeString("".join([node.render_annotated(context) for node in self]))
                               ~~~~~~~~~~~~~~~~~~~~~^^^^^^^^^
  File "C:\Users\T.SHIGARAKI\Desktop\Projet-Bibliotheque\Projet-bibliotheque-admin\venv_admin\Lib\site-packages\django\template\base.py", line 977, in render_annotated
    return self.render(context)
           ~~~~~~~~~~~^^^^^^^^^
  File "C:\Users\T.SHIGARAKI\Desktop\Projet-Bibliotheque\Projet-bibliotheque-admin\venv_admin\Lib\site-packages\django\template\defaulttags.py", line 480, in render
    url = reverse(view_name, args=args, kwargs=kwargs, current_app=current_app)
  File "C:\Users\T.SHIGARAKI\Desktop\Projet-Bibliotheque\Projet-bibliotheque-admin\venv_admin\Lib\site-packages\django\urls\base.py", line 92, in reverse
    raise NoReverseMatch("%s is not a registered namespace" % key)
django.urls.exceptions.NoReverseMatch: 'loans' is not a registered namespace
C:\Users\T.SHIGARAKI\Desktop\Projet-Bibliotheque\Projet-bibliotheque-admin\loans\views.py changed, reloading.
Watching for file changes with StatReloader
Internal Server Error: /loans/create/
Traceback (most recent call last):
  File "C:\Users\T.SHIGARAKI\Desktop\Projet-Bibliotheque\Projet-bibliotheque-admin\venv_admin\Lib\site-packages\django\urls\base.py", line 81, in reverse
    extra, resolver = resolver.namespace_dict[ns]
                      ~~~~~~~~~~~~~~~~~~~~~~~^^^^
KeyError: 'loans'

During handling of the above exception, another exception occurred:

Traceback (most recent call last):
  File "C:\Users\T.SHIGARAKI\Desktop\Projet-Bibliotheque\Projet-bibliotheque-admin\venv_admin\Lib\site-packages\django\core\handlers\exception.py", line 55, in inner
    response = get_response(request)
  File "C:\Users\T.SHIGARAKI\Desktop\Projet-Bibliotheque\Projet-bibliotheque-admin\venv_admin\Lib\site-packages\django\core\handlers\base.py", line 197, in _get_response
    response = wrapped_callback(request, *callback_args, **callback_kwargs)
  File "C:\Users\T.SHIGARAKI\Desktop\Projet-Bibliotheque\Projet-bibliotheque-admin\venv_admin\Lib\site-packages\django\contrib\auth\decorators.py", line 59, in _view_wrapper
    return view_func(request, *args, **kwargs)
  File "C:\Users\T.SHIGARAKI\Desktop\Projet-Bibliotheque\Projet-bibliotheque-admin\loans\views.py", line 170, in create_loan
    return render(request, 'loans/create_loan.html', {'users': users, 'books': books})
  File "C:\Users\T.SHIGARAKI\Desktop\Projet-Bibliotheque\Projet-bibliotheque-admin\venv_admin\Lib\site-packages\django\shortcuts.py", line 25, in render
    content = loader.render_to_string(template_name, context, request, using=using)
  File "C:\Users\T.SHIGARAKI\Desktop\Projet-Bibliotheque\Projet-bibliotheque-admin\venv_admin\Lib\site-packages\django\template\loader.py", line 62, in render_to_string
    return template.render(context, request)
           ~~~~~~~~~~~~~~~^^^^^^^^^^^^^^^^^^
  File "C:\Users\T.SHIGARAKI\Desktop\Projet-Bibliotheque\Projet-bibliotheque-admin\venv_admin\Lib\site-packages\django\template\backends\django.py", line 107, in render
    return self.template.render(context)
           ~~~~~~~~~~~~~~~~~~~~^^^^^^^^^
  File "C:\Users\T.SHIGARAKI\Desktop\Projet-Bibliotheque\Projet-bibliotheque-admin\venv_admin\Lib\site-packages\django\template\base.py", line 171, in render
    return self._render(context)
           ~~~~~~~~~~~~^^^^^^^^^
  File "C:\Users\T.SHIGARAKI\Desktop\Projet-Bibliotheque\Projet-bibliotheque-admin\venv_admin\Lib\site-packages\django\template\base.py", line 163, in _render
    return self.nodelist.render(context)
           ~~~~~~~~~~~~~~~~~~~~^^^^^^^^^
  File "C:\Users\T.SHIGARAKI\Desktop\Projet-Bibliotheque\Projet-bibliotheque-admin\venv_admin\Lib\site-packages\django\template\base.py", line 1016, in render
    return SafeString("".join([node.render_annotated(context) for node in self]))
                               ~~~~~~~~~~~~~~~~~~~~~^^^^^^^^^
  File "C:\Users\T.SHIGARAKI\Desktop\Projet-Bibliotheque\Projet-bibliotheque-admin\venv_admin\Lib\site-packages\django\template\base.py", line 977, in render_annotated
    return self.render(context)
           ~~~~~~~~~~~^^^^^^^^^
  File "C:\Users\T.SHIGARAKI\Desktop\Projet-Bibliotheque\Projet-bibliotheque-admin\venv_admin\Lib\site-packages\django\template\loader_tags.py", line 159, in render
    return compiled_parent._render(context)
           ~~~~~~~~~~~~~~~~~~~~~~~^^^^^^^^^
  File "C:\Users\T.SHIGARAKI\Desktop\Projet-Bibliotheque\Projet-bibliotheque-admin\venv_admin\Lib\site-packages\django\template\base.py", line 163, in _render
    return self.nodelist.render(context)
           ~~~~~~~~~~~~~~~~~~~~^^^^^^^^^
  File "C:\Users\T.SHIGARAKI\Desktop\Projet-Bibliotheque\Projet-bibliotheque-admin\venv_admin\Lib\site-packages\django\template\base.py", line 1016, in render
    return SafeString("".join([node.render_annotated(context) for node in self]))
                               ~~~~~~~~~~~~~~~~~~~~~^^^^^^^^^
  File "C:\Users\T.SHIGARAKI\Desktop\Projet-Bibliotheque\Projet-bibliotheque-admin\venv_admin\Lib\site-packages\django\template\base.py", line 977, in render_annotated
    return self.render(context)
           ~~~~~~~~~~~^^^^^^^^^
  File "C:\Users\T.SHIGARAKI\Desktop\Projet-Bibliotheque\Projet-bibliotheque-admin\venv_admin\Lib\site-packages\django\template\loader_tags.py", line 65, in render
    result = block.nodelist.render(context)
  File "C:\Users\T.SHIGARAKI\Desktop\Projet-Bibliotheque\Projet-bibliotheque-admin\venv_admin\Lib\site-packages\django\template\base.py", line 1016, in render
    return SafeString("".join([node.render_annotated(context) for node in self]))
                               ~~~~~~~~~~~~~~~~~~~~~^^^^^^^^^
  File "C:\Users\T.SHIGARAKI\Desktop\Projet-Bibliotheque\Projet-bibliotheque-admin\venv_admin\Lib\site-packages\django\template\base.py", line 977, in render_annotated
    return self.render(context)
           ~~~~~~~~~~~^^^^^^^^^
  File "C:\Users\T.SHIGARAKI\Desktop\Projet-Bibliotheque\Projet-bibliotheque-admin\venv_admin\Lib\site-packages\django\template\defaulttags.py", line 480, in render
    url = reverse(view_name, args=args, kwargs=kwargs, current_app=current_app)
  File "C:\Users\T.SHIGARAKI\Desktop\Projet-Bibliotheque\Projet-bibliotheque-admin\venv_admin\Lib\site-packages\django\urls\base.py", line 92, in reverse
    raise NoReverseMatch("%s is not a registered namespace" % key)
django.urls.exceptions.NoReverseMatch: 'loans' is not a registered namespace
C:\Users\T.SHIGARAKI\Desktop\Projet-Bibliotheque\Projet-bibliotheque-admin\loans\views.py changed, reloading.
Watching for file changes with StatReloader
C:\Users\T.SHIGARAKI\Desktop\Projet-Bibliotheque\Projet-bibliotheque-admin\loans\urls.py changed, reloading.
Watching for file changes with StatReloader
Internal Server Error: /loans/create/
Traceback (most recent call last):
  File "C:\Users\T.SHIGARAKI\Desktop\Projet-Bibliotheque\Projet-bibliotheque-admin\venv_admin\Lib\site-packages\django\core\handlers\exception.py", line 55, in inner
    response = get_response(request)
  File "C:\Users\T.SHIGARAKI\Desktop\Projet-Bibliotheque\Projet-bibliotheque-admin\venv_admin\Lib\site-packages\django\core\handlers\base.py", line 197, in _get_response
    response = wrapped_callback(request, *callback_args, **callback_kwargs)
  File "C:\Users\T.SHIGARAKI\Desktop\Projet-Bibliotheque\Projet-bibliotheque-admin\venv_admin\Lib\site-packages\django\contrib\auth\decorators.py", line 59, in _view_wrapper
    return view_func(request, *args, **kwargs)
  File "C:\Users\T.SHIGARAKI\Desktop\Projet-Bibliotheque\Projet-bibliotheque-admin\loans\views.py", line 200, in create_loan
    return render(request, 'loans/create_loan.html')
  File "C:\Users\T.SHIGARAKI\Desktop\Projet-Bibliotheque\Projet-bibliotheque-admin\venv_admin\Lib\site-packages\django\shortcuts.py", line 25, in render
    content = loader.render_to_string(template_name, context, request, using=using)
  File "C:\Users\T.SHIGARAKI\Desktop\Projet-Bibliotheque\Projet-bibliotheque-admin\venv_admin\Lib\site-packages\django\template\loader.py", line 62, in render_to_string
    return template.render(context, request)
           ~~~~~~~~~~~~~~~^^^^^^^^^^^^^^^^^^
  File "C:\Users\T.SHIGARAKI\Desktop\Projet-Bibliotheque\Projet-bibliotheque-admin\venv_admin\Lib\site-packages\django\template\backends\django.py", line 107, in render
    return self.template.render(context)
           ~~~~~~~~~~~~~~~~~~~~^^^^^^^^^
  File "C:\Users\T.SHIGARAKI\Desktop\Projet-Bibliotheque\Projet-bibliotheque-admin\venv_admin\Lib\site-packages\django\template\base.py", line 171, in render
    return self._render(context)
           ~~~~~~~~~~~~^^^^^^^^^
  File "C:\Users\T.SHIGARAKI\Desktop\Projet-Bibliotheque\Projet-bibliotheque-admin\venv_admin\Lib\site-packages\django\template\base.py", line 163, in _render
    return self.nodelist.render(context)
           ~~~~~~~~~~~~~~~~~~~~^^^^^^^^^
  File "C:\Users\T.SHIGARAKI\Desktop\Projet-Bibliotheque\Projet-bibliotheque-admin\venv_admin\Lib\site-packages\django\template\base.py", line 1016, in render
    return SafeString("".join([node.render_annotated(context) for node in self]))
                               ~~~~~~~~~~~~~~~~~~~~~^^^^^^^^^
  File "C:\Users\T.SHIGARAKI\Desktop\Projet-Bibliotheque\Projet-bibliotheque-admin\venv_admin\Lib\site-packages\django\template\base.py", line 977, in render_annotated
    return self.render(context)
           ~~~~~~~~~~~^^^^^^^^^
  File "C:\Users\T.SHIGARAKI\Desktop\Projet-Bibliotheque\Projet-bibliotheque-admin\venv_admin\Lib\site-packages\django\template\loader_tags.py", line 159, in render
    return compiled_parent._render(context)
           ~~~~~~~~~~~~~~~~~~~~~~~^^^^^^^^^
  File "C:\Users\T.SHIGARAKI\Desktop\Projet-Bibliotheque\Projet-bibliotheque-admin\venv_admin\Lib\site-packages\django\template\base.py", line 163, in _render
    return self.nodelist.render(context)
           ~~~~~~~~~~~~~~~~~~~~^^^^^^^^^
  File "C:\Users\T.SHIGARAKI\Desktop\Projet-Bibliotheque\Projet-bibliotheque-admin\venv_admin\Lib\site-packages\django\template\base.py", line 1016, in render
    return SafeString("".join([node.render_annotated(context) for node in self]))
                               ~~~~~~~~~~~~~~~~~~~~~^^^^^^^^^
  File "C:\Users\T.SHIGARAKI\Desktop\Projet-Bibliotheque\Projet-bibliotheque-admin\venv_admin\Lib\site-packages\django\template\base.py", line 977, in render_annotated
    return self.render(context)
           ~~~~~~~~~~~^^^^^^^^^
  File "C:\Users\T.SHIGARAKI\Desktop\Projet-Bibliotheque\Projet-bibliotheque-admin\venv_admin\Lib\site-packages\django\template\defaulttags.py", line 327, in render
    return nodelist.render(context)
           ~~~~~~~~~~~~~~~^^^^^^^^^
  File "C:\Users\T.SHIGARAKI\Desktop\Projet-Bibliotheque\Projet-bibliotheque-admin\venv_admin\Lib\site-packages\django\template\base.py", line 1016, in render
    return SafeString("".join([node.render_annotated(context) for node in self]))
                               ~~~~~~~~~~~~~~~~~~~~~^^^^^^^^^
  File "C:\Users\T.SHIGARAKI\Desktop\Projet-Bibliotheque\Projet-bibliotheque-admin\venv_admin\Lib\site-packages\django\template\base.py", line 977, in render_annotated
    return self.render(context)
           ~~~~~~~~~~~^^^^^^^^^
  File "C:\Users\T.SHIGARAKI\Desktop\Projet-Bibliotheque\Projet-bibliotheque-admin\venv_admin\Lib\site-packages\django\template\defaulttags.py", line 480, in render
    url = reverse(view_name, args=args, kwargs=kwargs, current_app=current_app)
  File "C:\Users\T.SHIGARAKI\Desktop\Projet-Bibliotheque\Projet-bibliotheque-admin\venv_admin\Lib\site-packages\django\urls\base.py", line 98, in reverse
    resolved_url = resolver._reverse_with_prefix(view, prefix, *args, **kwargs)
  File "C:\Users\T.SHIGARAKI\Desktop\Projet-Bibliotheque\Projet-bibliotheque-admin\venv_admin\Lib\site-packages\django\urls\resolvers.py", line 831, in _reverse_with_prefix
    raise NoReverseMatch(msg)
django.urls.exceptions.NoReverseMatch: Reverse for 'loan_list' not found. 'loan_list' is not a valid view function or pattern name.
Watching for file changes with StatReloader
Internal Server Error: /loans/create/
Traceback (most recent call last):
  File "C:\Users\T.SHIGARAKI\Desktop\Projet-Bibliotheque\Projet-bibliotheque-admin\venv_admin\Lib\site-packages\django\core\handlers\exception.py", line 55, in inner
    response = get_response(request)
  File "C:\Users\T.SHIGARAKI\Desktop\Projet-Bibliotheque\Projet-bibliotheque-admin\venv_admin\Lib\site-packages\django\core\handlers\base.py", line 197, in _get_response
    response = wrapped_callback(request, *callback_args, **callback_kwargs)
  File "C:\Users\T.SHIGARAKI\Desktop\Projet-Bibliotheque\Projet-bibliotheque-admin\venv_admin\Lib\site-packages\django\contrib\auth\decorators.py", line 59, in _view_wrapper
    return view_func(request, *args, **kwargs)
  File "C:\Users\T.SHIGARAKI\Desktop\Projet-Bibliotheque\Projet-bibliotheque-admin\loans\views.py", line 200, in create_loan
    return render(request, 'loans/create_loan.html')
  File "C:\Users\T.SHIGARAKI\Desktop\Projet-Bibliotheque\Projet-bibliotheque-admin\venv_admin\Lib\site-packages\django\shortcuts.py", line 25, in render
    content = loader.render_to_string(template_name, context, request, using=using)
  File "C:\Users\T.SHIGARAKI\Desktop\Projet-Bibliotheque\Projet-bibliotheque-admin\venv_admin\Lib\site-packages\django\template\loader.py", line 62, in render_to_string
    return template.render(context, request)
           ~~~~~~~~~~~~~~~^^^^^^^^^^^^^^^^^^
  File "C:\Users\T.SHIGARAKI\Desktop\Projet-Bibliotheque\Projet-bibliotheque-admin\venv_admin\Lib\site-packages\django\template\backends\django.py", line 107, in render
    return self.template.render(context)
           ~~~~~~~~~~~~~~~~~~~~^^^^^^^^^
  File "C:\Users\T.SHIGARAKI\Desktop\Projet-Bibliotheque\Projet-bibliotheque-admin\venv_admin\Lib\site-packages\django\template\base.py", line 171, in render
    return self._render(context)
           ~~~~~~~~~~~~^^^^^^^^^
  File "C:\Users\T.SHIGARAKI\Desktop\Projet-Bibliotheque\Projet-bibliotheque-admin\venv_admin\Lib\site-packages\django\template\base.py", line 163, in _render
    return self.nodelist.render(context)
           ~~~~~~~~~~~~~~~~~~~~^^^^^^^^^
  File "C:\Users\T.SHIGARAKI\Desktop\Projet-Bibliotheque\Projet-bibliotheque-admin\venv_admin\Lib\site-packages\django\template\base.py", line 1016, in render
    return SafeString("".join([node.render_annotated(context) for node in self]))
                               ~~~~~~~~~~~~~~~~~~~~~^^^^^^^^^
  File "C:\Users\T.SHIGARAKI\Desktop\Projet-Bibliotheque\Projet-bibliotheque-admin\venv_admin\Lib\site-packages\django\template\base.py", line 977, in render_annotated
    return self.render(context)
           ~~~~~~~~~~~^^^^^^^^^
  File "C:\Users\T.SHIGARAKI\Desktop\Projet-Bibliotheque\Projet-bibliotheque-admin\venv_admin\Lib\site-packages\django\template\loader_tags.py", line 159, in render
    return compiled_parent._render(context)
           ~~~~~~~~~~~~~~~~~~~~~~~^^^^^^^^^
  File "C:\Users\T.SHIGARAKI\Desktop\Projet-Bibliotheque\Projet-bibliotheque-admin\venv_admin\Lib\site-packages\django\template\base.py", line 163, in _render
    return self.nodelist.render(context)
           ~~~~~~~~~~~~~~~~~~~~^^^^^^^^^
  File "C:\Users\T.SHIGARAKI\Desktop\Projet-Bibliotheque\Projet-bibliotheque-admin\venv_admin\Lib\site-packages\django\template\base.py", line 1016, in render
    return SafeString("".join([node.render_annotated(context) for node in self]))
                               ~~~~~~~~~~~~~~~~~~~~~^^^^^^^^^
  File "C:\Users\T.SHIGARAKI\Desktop\Projet-Bibliotheque\Projet-bibliotheque-admin\venv_admin\Lib\site-packages\django\template\base.py", line 977, in render_annotated
    return self.render(context)
           ~~~~~~~~~~~^^^^^^^^^
  File "C:\Users\T.SHIGARAKI\Desktop\Projet-Bibliotheque\Projet-bibliotheque-admin\venv_admin\Lib\site-packages\django\template\defaulttags.py", line 327, in render
    return nodelist.render(context)
           ~~~~~~~~~~~~~~~^^^^^^^^^
  File "C:\Users\T.SHIGARAKI\Desktop\Projet-Bibliotheque\Projet-bibliotheque-admin\venv_admin\Lib\site-packages\django\template\base.py", line 1016, in render
    return SafeString("".join([node.render_annotated(context) for node in self]))
                               ~~~~~~~~~~~~~~~~~~~~~^^^^^^^^^
  File "C:\Users\T.SHIGARAKI\Desktop\Projet-Bibliotheque\Projet-bibliotheque-admin\venv_admin\Lib\site-packages\django\template\base.py", line 977, in render_annotated
    return self.render(context)
           ~~~~~~~~~~~^^^^^^^^^
  File "C:\Users\T.SHIGARAKI\Desktop\Projet-Bibliotheque\Projet-bibliotheque-admin\venv_admin\Lib\site-packages\django\template\defaulttags.py", line 480, in render
    url = reverse(view_name, args=args, kwargs=kwargs, current_app=current_app)
  File "C:\Users\T.SHIGARAKI\Desktop\Projet-Bibliotheque\Projet-bibliotheque-admin\venv_admin\Lib\site-packages\django\urls\base.py", line 98, in reverse
    resolved_url = resolver._reverse_with_prefix(view, prefix, *args, **kwargs)
  File "C:\Users\T.SHIGARAKI\Desktop\Projet-Bibliotheque\Projet-bibliotheque-admin\venv_admin\Lib\site-packages\django\urls\resolvers.py", line 831, in _reverse_with_prefix
    raise NoReverseMatch(msg)
django.urls.exceptions.NoReverseMatch: Reverse for 'loan_list' not found. 'loan_list' is not a valid view function or pattern name.
Watching for file changes with StatReloader
Internal Server Error: /loans/create/
Traceback (most recent call last):
  File "C:\Users\T.SHIGARAKI\Desktop\Projet-Bibliotheque\Projet-bibliotheque-admin\venv_admin\Lib\site-packages\django\core\handlers\exception.py", line 55, in inner
    response = get_response(request)
  File "C:\Users\T.SHIGARAKI\Desktop\Projet-Bibliotheque\Projet-bibliotheque-admin\venv_admin\Lib\site-packages\django\core\handlers\base.py", line 197, in _get_response
    response = wrapped_callback(request, *callback_args, **callback_kwargs)
  File "C:\Users\T.SHIGARAKI\Desktop\Projet-Bibliotheque\Projet-bibliotheque-admin\venv_admin\Lib\site-packages\django\contrib\auth\decorators.py", line 59, in _view_wrapper
    return view_func(request, *args, **kwargs)
  File "C:\Users\T.SHIGARAKI\Desktop\Projet-Bibliotheque\Projet-bibliotheque-admin\loans\views.py", line 200, in create_loan
    return render(request, 'loans/create_loan.html')
  File "C:\Users\T.SHIGARAKI\Desktop\Projet-Bibliotheque\Projet-bibliotheque-admin\venv_admin\Lib\site-packages\django\shortcuts.py", line 25, in render
    content = loader.render_to_string(template_name, context, request, using=using)
  File "C:\Users\T.SHIGARAKI\Desktop\Projet-Bibliotheque\Projet-bibliotheque-admin\venv_admin\Lib\site-packages\django\template\loader.py", line 62, in render_to_string
    return template.render(context, request)
           ~~~~~~~~~~~~~~~^^^^^^^^^^^^^^^^^^
  File "C:\Users\T.SHIGARAKI\Desktop\Projet-Bibliotheque\Projet-bibliotheque-admin\venv_admin\Lib\site-packages\django\template\backends\django.py", line 107, in render
    return self.template.render(context)
           ~~~~~~~~~~~~~~~~~~~~^^^^^^^^^
  File "C:\Users\T.SHIGARAKI\Desktop\Projet-Bibliotheque\Projet-bibliotheque-admin\venv_admin\Lib\site-packages\django\template\base.py", line 171, in render
    return self._render(context)
           ~~~~~~~~~~~~^^^^^^^^^
  File "C:\Users\T.SHIGARAKI\Desktop\Projet-Bibliotheque\Projet-bibliotheque-admin\venv_admin\Lib\site-packages\django\template\base.py", line 163, in _render
    return self.nodelist.render(context)
           ~~~~~~~~~~~~~~~~~~~~^^^^^^^^^
  File "C:\Users\T.SHIGARAKI\Desktop\Projet-Bibliotheque\Projet-bibliotheque-admin\venv_admin\Lib\site-packages\django\template\base.py", line 1016, in render
    return SafeString("".join([node.render_annotated(context) for node in self]))
                               ~~~~~~~~~~~~~~~~~~~~~^^^^^^^^^
  File "C:\Users\T.SHIGARAKI\Desktop\Projet-Bibliotheque\Projet-bibliotheque-admin\venv_admin\Lib\site-packages\django\template\base.py", line 977, in render_annotated
    return self.render(context)
           ~~~~~~~~~~~^^^^^^^^^
  File "C:\Users\T.SHIGARAKI\Desktop\Projet-Bibliotheque\Projet-bibliotheque-admin\venv_admin\Lib\site-packages\django\template\loader_tags.py", line 159, in render
    return compiled_parent._render(context)
           ~~~~~~~~~~~~~~~~~~~~~~~^^^^^^^^^
  File "C:\Users\T.SHIGARAKI\Desktop\Projet-Bibliotheque\Projet-bibliotheque-admin\venv_admin\Lib\site-packages\django\template\base.py", line 163, in _render
    return self.nodelist.render(context)
           ~~~~~~~~~~~~~~~~~~~~^^^^^^^^^
  File "C:\Users\T.SHIGARAKI\Desktop\Projet-Bibliotheque\Projet-bibliotheque-admin\venv_admin\Lib\site-packages\django\template\base.py", line 1016, in render
    return SafeString("".join([node.render_annotated(context) for node in self]))
                               ~~~~~~~~~~~~~~~~~~~~~^^^^^^^^^
  File "C:\Users\T.SHIGARAKI\Desktop\Projet-Bibliotheque\Projet-bibliotheque-admin\venv_admin\Lib\site-packages\django\template\base.py", line 977, in render_annotated
    return self.render(context)
           ~~~~~~~~~~~^^^^^^^^^
  File "C:\Users\T.SHIGARAKI\Desktop\Projet-Bibliotheque\Projet-bibliotheque-admin\venv_admin\Lib\site-packages\django\template\defaulttags.py", line 327, in render
    return nodelist.render(context)
           ~~~~~~~~~~~~~~~^^^^^^^^^
  File "C:\Users\T.SHIGARAKI\Desktop\Projet-Bibliotheque\Projet-bibliotheque-admin\venv_admin\Lib\site-packages\django\template\base.py", line 1016, in render
    return SafeString("".join([node.render_annotated(context) for node in self]))
                               ~~~~~~~~~~~~~~~~~~~~~^^^^^^^^^
  File "C:\Users\T.SHIGARAKI\Desktop\Projet-Bibliotheque\Projet-bibliotheque-admin\venv_admin\Lib\site-packages\django\template\base.py", line 977, in render_annotated
    return self.render(context)
           ~~~~~~~~~~~^^^^^^^^^
  File "C:\Users\T.SHIGARAKI\Desktop\Projet-Bibliotheque\Projet-bibliotheque-admin\venv_admin\Lib\site-packages\django\template\defaulttags.py", line 480, in render
    url = reverse(view_name, args=args, kwargs=kwargs, current_app=current_app)
  File "C:\Users\T.SHIGARAKI\Desktop\Projet-Bibliotheque\Projet-bibliotheque-admin\venv_admin\Lib\site-packages\django\urls\base.py", line 98, in reverse
    resolved_url = resolver._reverse_with_prefix(view, prefix, *args, **kwargs)
  File "C:\Users\T.SHIGARAKI\Desktop\Projet-Bibliotheque\Projet-bibliotheque-admin\venv_admin\Lib\site-packages\django\urls\resolvers.py", line 831, in _reverse_with_prefix
    raise NoReverseMatch(msg)
django.urls.exceptions.NoReverseMatch: Reverse for 'loan_list' not found. 'loan_list' is not a valid view function or pattern name.
C:\Users\T.SHIGARAKI\Desktop\Projet-Bibliotheque\Projet-bibliotheque-admin\loans\urls.py changed, reloading.
Watching for file changes with StatReloader
Internal Server Error: /loans/create/
Traceback (most recent call last):
  File "C:\Users\T.SHIGARAKI\Desktop\Projet-Bibliotheque\Projet-bibliotheque-admin\venv_admin\Lib\site-packages\django\core\handlers\exception.py", line 55, in inner
    response = get_response(request)
  File "C:\Users\T.SHIGARAKI\Desktop\Projet-Bibliotheque\Projet-bibliotheque-admin\venv_admin\Lib\site-packages\django\core\handlers\base.py", line 197, in _get_response
    response = wrapped_callback(request, *callback_args, **callback_kwargs)
  File "C:\Users\T.SHIGARAKI\Desktop\Projet-Bibliotheque\Projet-bibliotheque-admin\venv_admin\Lib\site-packages\django\contrib\auth\decorators.py", line 59, in _view_wrapper
    return view_func(request, *args, **kwargs)
  File "C:\Users\T.SHIGARAKI\Desktop\Projet-Bibliotheque\Projet-bibliotheque-admin\loans\views.py", line 200, in create_loan
    return render(request, 'loans/create_loan.html')
  File "C:\Users\T.SHIGARAKI\Desktop\Projet-Bibliotheque\Projet-bibliotheque-admin\venv_admin\Lib\site-packages\django\shortcuts.py", line 25, in render
    content = loader.render_to_string(template_name, context, request, using=using)
  File "C:\Users\T.SHIGARAKI\Desktop\Projet-Bibliotheque\Projet-bibliotheque-admin\venv_admin\Lib\site-packages\django\template\loader.py", line 62, in render_to_string
    return template.render(context, request)
           ~~~~~~~~~~~~~~~^^^^^^^^^^^^^^^^^^
  File "C:\Users\T.SHIGARAKI\Desktop\Projet-Bibliotheque\Projet-bibliotheque-admin\venv_admin\Lib\site-packages\django\template\backends\django.py", line 107, in render
    return self.template.render(context)
           ~~~~~~~~~~~~~~~~~~~~^^^^^^^^^
  File "C:\Users\T.SHIGARAKI\Desktop\Projet-Bibliotheque\Projet-bibliotheque-admin\venv_admin\Lib\site-packages\django\template\base.py", line 171, in render
    return self._render(context)
           ~~~~~~~~~~~~^^^^^^^^^
  File "C:\Users\T.SHIGARAKI\Desktop\Projet-Bibliotheque\Projet-bibliotheque-admin\venv_admin\Lib\site-packages\django\template\base.py", line 163, in _render
    return self.nodelist.render(context)
           ~~~~~~~~~~~~~~~~~~~~^^^^^^^^^
  File "C:\Users\T.SHIGARAKI\Desktop\Projet-Bibliotheque\Projet-bibliotheque-admin\venv_admin\Lib\site-packages\django\template\base.py", line 1016, in render
    return SafeString("".join([node.render_annotated(context) for node in self]))
                               ~~~~~~~~~~~~~~~~~~~~~^^^^^^^^^
  File "C:\Users\T.SHIGARAKI\Desktop\Projet-Bibliotheque\Projet-bibliotheque-admin\venv_admin\Lib\site-packages\django\template\base.py", line 977, in render_annotated
    return self.render(context)
           ~~~~~~~~~~~^^^^^^^^^
  File "C:\Users\T.SHIGARAKI\Desktop\Projet-Bibliotheque\Projet-bibliotheque-admin\venv_admin\Lib\site-packages\django\template\loader_tags.py", line 159, in render
    return compiled_parent._render(context)
           ~~~~~~~~~~~~~~~~~~~~~~~^^^^^^^^^
  File "C:\Users\T.SHIGARAKI\Desktop\Projet-Bibliotheque\Projet-bibliotheque-admin\venv_admin\Lib\site-packages\django\template\base.py", line 163, in _render
    return self.nodelist.render(context)
           ~~~~~~~~~~~~~~~~~~~~^^^^^^^^^
  File "C:\Users\T.SHIGARAKI\Desktop\Projet-Bibliotheque\Projet-bibliotheque-admin\venv_admin\Lib\site-packages\django\template\base.py", line 1016, in render
    return SafeString("".join([node.render_annotated(context) for node in self]))
                               ~~~~~~~~~~~~~~~~~~~~~^^^^^^^^^
  File "C:\Users\T.SHIGARAKI\Desktop\Projet-Bibliotheque\Projet-bibliotheque-admin\venv_admin\Lib\site-packages\django\template\base.py", line 977, in render_annotated
    return self.render(context)
           ~~~~~~~~~~~^^^^^^^^^
  File "C:\Users\T.SHIGARAKI\Desktop\Projet-Bibliotheque\Projet-bibliotheque-admin\venv_admin\Lib\site-packages\django\template\defaulttags.py", line 327, in render
    return nodelist.render(context)
           ~~~~~~~~~~~~~~~^^^^^^^^^
  File "C:\Users\T.SHIGARAKI\Desktop\Projet-Bibliotheque\Projet-bibliotheque-admin\venv_admin\Lib\site-packages\django\template\base.py", line 1016, in render
    return SafeString("".join([node.render_annotated(context) for node in self]))
                               ~~~~~~~~~~~~~~~~~~~~~^^^^^^^^^
  File "C:\Users\T.SHIGARAKI\Desktop\Projet-Bibliotheque\Projet-bibliotheque-admin\venv_admin\Lib\site-packages\django\template\base.py", line 977, in render_annotated
    return self.render(context)
           ~~~~~~~~~~~^^^^^^^^^
  File "C:\Users\T.SHIGARAKI\Desktop\Projet-Bibliotheque\Projet-bibliotheque-admin\venv_admin\Lib\site-packages\django\template\defaulttags.py", line 480, in render
    url = reverse(view_name, args=args, kwargs=kwargs, current_app=current_app)
  File "C:\Users\T.SHIGARAKI\Desktop\Projet-Bibliotheque\Projet-bibliotheque-admin\venv_admin\Lib\site-packages\django\urls\base.py", line 98, in reverse
    resolved_url = resolver._reverse_with_prefix(view, prefix, *args, **kwargs)
  File "C:\Users\T.SHIGARAKI\Desktop\Projet-Bibliotheque\Projet-bibliotheque-admin\venv_admin\Lib\site-packages\django\urls\resolvers.py", line 831, in _reverse_with_prefix
    raise NoReverseMatch(msg)
django.urls.exceptions.NoReverseMatch: Reverse for 'loan_list' not found. 'loan_list' is not a valid view function or pattern name.
Watching for file changes with StatReloader
Watching for file changes with StatReloader
Not Found: /favicon.ico
Notification count: total=3
Notification count: total=3
Watching for file changes with StatReloader
Notification count: total=3
Notification count: total=3
Internal Server Error: /loans/create/
Traceback (most recent call last):
  File "C:\Users\T.SHIGARAKI\Desktop\Projet-Bibliotheque\Projet-bibliotheque-admin\venv_admin\Lib\site-packages\django\core\handlers\exception.py", line 55, in inner
    response = get_response(request)
  File "C:\Users\T.SHIGARAKI\Desktop\Projet-Bibliotheque\Projet-bibliotheque-admin\venv_admin\Lib\site-packages\django\core\handlers\base.py", line 197, in _get_response
    response = wrapped_callback(request, *callback_args, **callback_kwargs)
  File "C:\Users\T.SHIGARAKI\Desktop\Projet-Bibliotheque\Projet-bibliotheque-admin\venv_admin\Lib\site-packages\django\contrib\auth\decorators.py", line 59, in _view_wrapper
    return view_func(request, *args, **kwargs)
  File "C:\Users\T.SHIGARAKI\Desktop\Projet-Bibliotheque\Projet-bibliotheque-admin\loans\views.py", line 153, in create_loan
    settings = SystemSettings.objects.first()
               ^^^^^^^^^^^^^^
NameError: name 'SystemSettings' is not defined
Total des notifications affichées: 2
Notification count: total=3
Notification count: total=3
Watching for file changes with StatReloader
Notification count: total=3
Notification count: total=3
Notification count: total=3
Notification count: total=3
Total des notifications affichées: 2
Notification count: total=3
Notification count: total=3
Notification count: total=3
Total des notifications affichées: 2
Notification count: total=3
Notification count: total=3
Notification count: total=3
Notification count: total=3
Internal Server Error: /loans/late/
Traceback (most recent call last):
  File "C:\Users\T.SHIGARAKI\Desktop\Projet-Bibliotheque\Projet-bibliotheque-admin\venv_admin\Lib\site-packages\django\core\handlers\exception.py", line 55, in inner
    response = get_response(request)
  File "C:\Users\T.SHIGARAKI\Desktop\Projet-Bibliotheque\Projet-bibliotheque-admin\venv_admin\Lib\site-packages\django\core\handlers\base.py", line 197, in _get_response
    response = wrapped_callback(request, *callback_args, **callback_kwargs)
  File "C:\Users\T.SHIGARAKI\Desktop\Projet-Bibliotheque\Projet-bibliotheque-admin\venv_admin\Lib\site-packages\django\contrib\auth\decorators.py", line 59, in _view_wrapper
    return view_func(request, *args, **kwargs)
  File "C:\Users\T.SHIGARAKI\Desktop\Projet-Bibliotheque\Projet-bibliotheque-admin\loans\views.py", line 246, in late_books
    return render(request, 'loans/late_books.html', {
        'loans': page_obj,
        'now': now
    })
  File "C:\Users\T.SHIGARAKI\Desktop\Projet-Bibliotheque\Projet-bibliotheque-admin\venv_admin\Lib\site-packages\django\shortcuts.py", line 25, in render
    content = loader.render_to_string(template_name, context, request, using=using)
  File "C:\Users\T.SHIGARAKI\Desktop\Projet-Bibliotheque\Projet-bibliotheque-admin\venv_admin\Lib\site-packages\django\template\loader.py", line 62, in render_to_string
    return template.render(context, request)
           ~~~~~~~~~~~~~~~^^^^^^^^^^^^^^^^^^
  File "C:\Users\T.SHIGARAKI\Desktop\Projet-Bibliotheque\Projet-bibliotheque-admin\venv_admin\Lib\site-packages\django\template\backends\django.py", line 107, in render
    return self.template.render(context)
           ~~~~~~~~~~~~~~~~~~~~^^^^^^^^^
  File "C:\Users\T.SHIGARAKI\Desktop\Projet-Bibliotheque\Projet-bibliotheque-admin\venv_admin\Lib\site-packages\django\template\base.py", line 171, in render
    return self._render(context)
           ~~~~~~~~~~~~^^^^^^^^^
  File "C:\Users\T.SHIGARAKI\Desktop\Projet-Bibliotheque\Projet-bibliotheque-admin\venv_admin\Lib\site-packages\django\template\base.py", line 163, in _render
    return self.nodelist.render(context)
           ~~~~~~~~~~~~~~~~~~~~^^^^^^^^^
  File "C:\Users\T.SHIGARAKI\Desktop\Projet-Bibliotheque\Projet-bibliotheque-admin\venv_admin\Lib\site-packages\django\template\base.py", line 1016, in render
    return SafeString("".join([node.render_annotated(context) for node in self]))
                               ~~~~~~~~~~~~~~~~~~~~~^^^^^^^^^
  File "C:\Users\T.SHIGARAKI\Desktop\Projet-Bibliotheque\Projet-bibliotheque-admin\venv_admin\Lib\site-packages\django\template\base.py", line 977, in render_annotated
    return self.render(context)
           ~~~~~~~~~~~^^^^^^^^^
  File "C:\Users\T.SHIGARAKI\Desktop\Projet-Bibliotheque\Projet-bibliotheque-admin\venv_admin\Lib\site-packages\django\template\loader_tags.py", line 159, in render
    return compiled_parent._render(context)
           ~~~~~~~~~~~~~~~~~~~~~~~^^^^^^^^^
  File "C:\Users\T.SHIGARAKI\Desktop\Projet-Bibliotheque\Projet-bibliotheque-admin\venv_admin\Lib\site-packages\django\template\base.py", line 163, in _render
    return self.nodelist.render(context)
           ~~~~~~~~~~~~~~~~~~~~^^^^^^^^^
  File "C:\Users\T.SHIGARAKI\Desktop\Projet-Bibliotheque\Projet-bibliotheque-admin\venv_admin\Lib\site-packages\django\template\base.py", line 1016, in render
    return SafeString("".join([node.render_annotated(context) for node in self]))
                               ~~~~~~~~~~~~~~~~~~~~~^^^^^^^^^
  File "C:\Users\T.SHIGARAKI\Desktop\Projet-Bibliotheque\Projet-bibliotheque-admin\venv_admin\Lib\site-packages\django\template\base.py", line 977, in render_annotated
    return self.render(context)
           ~~~~~~~~~~~^^^^^^^^^
  File "C:\Users\T.SHIGARAKI\Desktop\Projet-Bibliotheque\Projet-bibliotheque-admin\venv_admin\Lib\site-packages\django\template\loader_tags.py", line 65, in render
    result = block.nodelist.render(context)
  File "C:\Users\T.SHIGARAKI\Desktop\Projet-Bibliotheque\Projet-bibliotheque-admin\venv_admin\Lib\site-packages\django\template\base.py", line 1016, in render
    return SafeString("".join([node.render_annotated(context) for node in self]))
                               ~~~~~~~~~~~~~~~~~~~~~^^^^^^^^^
  File "C:\Users\T.SHIGARAKI\Desktop\Projet-Bibliotheque\Projet-bibliotheque-admin\venv_admin\Lib\site-packages\django\template\base.py", line 977, in render_annotated
    return self.render(context)
           ~~~~~~~~~~~^^^^^^^^^
  File "C:\Users\T.SHIGARAKI\Desktop\Projet-Bibliotheque\Projet-bibliotheque-admin\venv_admin\Lib\site-packages\django\template\defaulttags.py", line 327, in render
    return nodelist.render(context)
           ~~~~~~~~~~~~~~~^^^^^^^^^
  File "C:\Users\T.SHIGARAKI\Desktop\Projet-Bibliotheque\Projet-bibliotheque-admin\venv_admin\Lib\site-packages\django\template\base.py", line 1016, in render
    return SafeString("".join([node.render_annotated(context) for node in self]))
                               ~~~~~~~~~~~~~~~~~~~~~^^^^^^^^^
  File "C:\Users\T.SHIGARAKI\Desktop\Projet-Bibliotheque\Projet-bibliotheque-admin\venv_admin\Lib\site-packages\django\template\base.py", line 977, in render_annotated
    return self.render(context)
           ~~~~~~~~~~~^^^^^^^^^
  File "C:\Users\T.SHIGARAKI\Desktop\Projet-Bibliotheque\Projet-bibliotheque-admin\venv_admin\Lib\site-packages\django\template\defaulttags.py", line 243, in render
    nodelist.append(node.render_annotated(context))
                    ~~~~~~~~~~~~~~~~~~~~~^^^^^^^^^
  File "C:\Users\T.SHIGARAKI\Desktop\Projet-Bibliotheque\Projet-bibliotheque-admin\venv_admin\Lib\site-packages\django\template\base.py", line 977, in render_annotated
    return self.render(context)
           ~~~~~~~~~~~^^^^^^^^^
  File "C:\Users\T.SHIGARAKI\Desktop\Projet-Bibliotheque\Projet-bibliotheque-admin\venv_admin\Lib\site-packages\django\template\defaulttags.py", line 480, in render
    url = reverse(view_name, args=args, kwargs=kwargs, current_app=current_app)
  File "C:\Users\T.SHIGARAKI\Desktop\Projet-Bibliotheque\Projet-bibliotheque-admin\venv_admin\Lib\site-packages\django\urls\base.py", line 98, in reverse
    resolved_url = resolver._reverse_with_prefix(view, prefix, *args, **kwargs)
  File "C:\Users\T.SHIGARAKI\Desktop\Projet-Bibliotheque\Projet-bibliotheque-admin\venv_admin\Lib\site-packages\django\urls\resolvers.py", line 831, in _reverse_with_prefix
    raise NoReverseMatch(msg)
django.urls.exceptions.NoReverseMatch: Reverse for 'return_book' not found. 'return_book' is not a valid view function or pattern name.
Notification count: total=3
Notification count: total=3
Notification count: total=3
Internal Server Error: /loans/
Traceback (most recent call last):
  File "C:\Users\T.SHIGARAKI\Desktop\Projet-Bibliotheque\Projet-bibliotheque-admin\venv_admin\Lib\site-packages\django\core\handlers\exception.py", line 55, in inner
    response = get_response(request)
  File "C:\Users\T.SHIGARAKI\Desktop\Projet-Bibliotheque\Projet-bibliotheque-admin\venv_admin\Lib\site-packages\django\core\handlers\base.py", line 197, in _get_response
    response = wrapped_callback(request, *callback_args, **callback_kwargs)
  File "C:\Users\T.SHIGARAKI\Desktop\Projet-Bibliotheque\Projet-bibliotheque-admin\venv_admin\Lib\site-packages\django\contrib\auth\decorators.py", line 59, in _view_wrapper
    return view_func(request, *args, **kwargs)
  File "C:\Users\T.SHIGARAKI\Desktop\Projet-Bibliotheque\Projet-bibliotheque-admin\loans\views.py", line 38, in loan_list
    return render(request, 'loans/loan_list.html', {'loans': loans, 'now': timezone.now()})
  File "C:\Users\T.SHIGARAKI\Desktop\Projet-Bibliotheque\Projet-bibliotheque-admin\venv_admin\Lib\site-packages\django\shortcuts.py", line 25, in render
    content = loader.render_to_string(template_name, context, request, using=using)
  File "C:\Users\T.SHIGARAKI\Desktop\Projet-Bibliotheque\Projet-bibliotheque-admin\venv_admin\Lib\site-packages\django\template\loader.py", line 62, in render_to_string
    return template.render(context, request)
           ~~~~~~~~~~~~~~~^^^^^^^^^^^^^^^^^^
  File "C:\Users\T.SHIGARAKI\Desktop\Projet-Bibliotheque\Projet-bibliotheque-admin\venv_admin\Lib\site-packages\django\template\backends\django.py", line 107, in render
    return self.template.render(context)
           ~~~~~~~~~~~~~~~~~~~~^^^^^^^^^
  File "C:\Users\T.SHIGARAKI\Desktop\Projet-Bibliotheque\Projet-bibliotheque-admin\venv_admin\Lib\site-packages\django\template\base.py", line 171, in render
    return self._render(context)
           ~~~~~~~~~~~~^^^^^^^^^
  File "C:\Users\T.SHIGARAKI\Desktop\Projet-Bibliotheque\Projet-bibliotheque-admin\venv_admin\Lib\site-packages\django\template\base.py", line 163, in _render
    return self.nodelist.render(context)
           ~~~~~~~~~~~~~~~~~~~~^^^^^^^^^
  File "C:\Users\T.SHIGARAKI\Desktop\Projet-Bibliotheque\Projet-bibliotheque-admin\venv_admin\Lib\site-packages\django\template\base.py", line 1016, in render
    return SafeString("".join([node.render_annotated(context) for node in self]))
                               ~~~~~~~~~~~~~~~~~~~~~^^^^^^^^^
  File "C:\Users\T.SHIGARAKI\Desktop\Projet-Bibliotheque\Projet-bibliotheque-admin\venv_admin\Lib\site-packages\django\template\base.py", line 977, in render_annotated
    return self.render(context)
           ~~~~~~~~~~~^^^^^^^^^
  File "C:\Users\T.SHIGARAKI\Desktop\Projet-Bibliotheque\Projet-bibliotheque-admin\venv_admin\Lib\site-packages\django\template\loader_tags.py", line 159, in render
    return compiled_parent._render(context)
           ~~~~~~~~~~~~~~~~~~~~~~~^^^^^^^^^
  File "C:\Users\T.SHIGARAKI\Desktop\Projet-Bibliotheque\Projet-bibliotheque-admin\venv_admin\Lib\site-packages\django\template\base.py", line 163, in _render
    return self.nodelist.render(context)
           ~~~~~~~~~~~~~~~~~~~~^^^^^^^^^
  File "C:\Users\T.SHIGARAKI\Desktop\Projet-Bibliotheque\Projet-bibliotheque-admin\venv_admin\Lib\site-packages\django\template\base.py", line 1016, in render
    return SafeString("".join([node.render_annotated(context) for node in self]))
                               ~~~~~~~~~~~~~~~~~~~~~^^^^^^^^^
  File "C:\Users\T.SHIGARAKI\Desktop\Projet-Bibliotheque\Projet-bibliotheque-admin\venv_admin\Lib\site-packages\django\template\base.py", line 977, in render_annotated
    return self.render(context)
           ~~~~~~~~~~~^^^^^^^^^
  File "C:\Users\T.SHIGARAKI\Desktop\Projet-Bibliotheque\Projet-bibliotheque-admin\venv_admin\Lib\site-packages\django\template\loader_tags.py", line 65, in render
    result = block.nodelist.render(context)
  File "C:\Users\T.SHIGARAKI\Desktop\Projet-Bibliotheque\Projet-bibliotheque-admin\venv_admin\Lib\site-packages\django\template\base.py", line 1016, in render
    return SafeString("".join([node.render_annotated(context) for node in self]))
                               ~~~~~~~~~~~~~~~~~~~~~^^^^^^^^^
  File "C:\Users\T.SHIGARAKI\Desktop\Projet-Bibliotheque\Projet-bibliotheque-admin\venv_admin\Lib\site-packages\django\template\base.py", line 977, in render_annotated
    return self.render(context)
           ~~~~~~~~~~~^^^^^^^^^
  File "C:\Users\T.SHIGARAKI\Desktop\Projet-Bibliotheque\Projet-bibliotheque-admin\venv_admin\Lib\site-packages\django\template\defaulttags.py", line 327, in render
    return nodelist.render(context)
           ~~~~~~~~~~~~~~~^^^^^^^^^
  File "C:\Users\T.SHIGARAKI\Desktop\Projet-Bibliotheque\Projet-bibliotheque-admin\venv_admin\Lib\site-packages\django\template\base.py", line 1016, in render
    return SafeString("".join([node.render_annotated(context) for node in self]))
                               ~~~~~~~~~~~~~~~~~~~~~^^^^^^^^^
  File "C:\Users\T.SHIGARAKI\Desktop\Projet-Bibliotheque\Projet-bibliotheque-admin\venv_admin\Lib\site-packages\django\template\base.py", line 977, in render_annotated
    return self.render(context)
           ~~~~~~~~~~~^^^^^^^^^
  File "C:\Users\T.SHIGARAKI\Desktop\Projet-Bibliotheque\Projet-bibliotheque-admin\venv_admin\Lib\site-packages\django\template\defaulttags.py", line 243, in render
    nodelist.append(node.render_annotated(context))
                    ~~~~~~~~~~~~~~~~~~~~~^^^^^^^^^
  File "C:\Users\T.SHIGARAKI\Desktop\Projet-Bibliotheque\Projet-bibliotheque-admin\venv_admin\Lib\site-packages\django\template\base.py", line 977, in render_annotated
    return self.render(context)
           ~~~~~~~~~~~^^^^^^^^^
  File "C:\Users\T.SHIGARAKI\Desktop\Projet-Bibliotheque\Projet-bibliotheque-admin\venv_admin\Lib\site-packages\django\template\defaulttags.py", line 480, in render
    url = reverse(view_name, args=args, kwargs=kwargs, current_app=current_app)
  File "C:\Users\T.SHIGARAKI\Desktop\Projet-Bibliotheque\Projet-bibliotheque-admin\venv_admin\Lib\site-packages\django\urls\base.py", line 98, in reverse
    resolved_url = resolver._reverse_with_prefix(view, prefix, *args, **kwargs)
  File "C:\Users\T.SHIGARAKI\Desktop\Projet-Bibliotheque\Projet-bibliotheque-admin\venv_admin\Lib\site-packages\django\urls\resolvers.py", line 831, in _reverse_with_prefix
    raise NoReverseMatch(msg)
django.urls.exceptions.NoReverseMatch: Reverse for 'return_book' not found. 'return_book' is not a valid view function or pattern name.
Notification count: total=3
Notification count: total=3
Notification count: total=3
Internal Server Error: /loans/
Traceback (most recent call last):
  File "C:\Users\T.SHIGARAKI\Desktop\Projet-Bibliotheque\Projet-bibliotheque-admin\venv_admin\Lib\site-packages\django\core\handlers\exception.py", line 55, in inner
    response = get_response(request)
  File "C:\Users\T.SHIGARAKI\Desktop\Projet-Bibliotheque\Projet-bibliotheque-admin\venv_admin\Lib\site-packages\django\core\handlers\base.py", line 197, in _get_response
    response = wrapped_callback(request, *callback_args, **callback_kwargs)
  File "C:\Users\T.SHIGARAKI\Desktop\Projet-Bibliotheque\Projet-bibliotheque-admin\venv_admin\Lib\site-packages\django\contrib\auth\decorators.py", line 59, in _view_wrapper
    return view_func(request, *args, **kwargs)
  File "C:\Users\T.SHIGARAKI\Desktop\Projet-Bibliotheque\Projet-bibliotheque-admin\loans\views.py", line 38, in loan_list
    return render(request, 'loans/loan_list.html', {'loans': loans, 'now': timezone.now()})
  File "C:\Users\T.SHIGARAKI\Desktop\Projet-Bibliotheque\Projet-bibliotheque-admin\venv_admin\Lib\site-packages\django\shortcuts.py", line 25, in render
    content = loader.render_to_string(template_name, context, request, using=using)
  File "C:\Users\T.SHIGARAKI\Desktop\Projet-Bibliotheque\Projet-bibliotheque-admin\venv_admin\Lib\site-packages\django\template\loader.py", line 62, in render_to_string
    return template.render(context, request)
           ~~~~~~~~~~~~~~~^^^^^^^^^^^^^^^^^^
  File "C:\Users\T.SHIGARAKI\Desktop\Projet-Bibliotheque\Projet-bibliotheque-admin\venv_admin\Lib\site-packages\django\template\backends\django.py", line 107, in render
    return self.template.render(context)
           ~~~~~~~~~~~~~~~~~~~~^^^^^^^^^
  File "C:\Users\T.SHIGARAKI\Desktop\Projet-Bibliotheque\Projet-bibliotheque-admin\venv_admin\Lib\site-packages\django\template\base.py", line 171, in render
    return self._render(context)
           ~~~~~~~~~~~~^^^^^^^^^
  File "C:\Users\T.SHIGARAKI\Desktop\Projet-Bibliotheque\Projet-bibliotheque-admin\venv_admin\Lib\site-packages\django\template\base.py", line 163, in _render
    return self.nodelist.render(context)
           ~~~~~~~~~~~~~~~~~~~~^^^^^^^^^
  File "C:\Users\T.SHIGARAKI\Desktop\Projet-Bibliotheque\Projet-bibliotheque-admin\venv_admin\Lib\site-packages\django\template\base.py", line 1016, in render
    return SafeString("".join([node.render_annotated(context) for node in self]))
                               ~~~~~~~~~~~~~~~~~~~~~^^^^^^^^^
  File "C:\Users\T.SHIGARAKI\Desktop\Projet-Bibliotheque\Projet-bibliotheque-admin\venv_admin\Lib\site-packages\django\template\base.py", line 977, in render_annotated
    return self.render(context)
           ~~~~~~~~~~~^^^^^^^^^
  File "C:\Users\T.SHIGARAKI\Desktop\Projet-Bibliotheque\Projet-bibliotheque-admin\venv_admin\Lib\site-packages\django\template\loader_tags.py", line 159, in render
    return compiled_parent._render(context)
           ~~~~~~~~~~~~~~~~~~~~~~~^^^^^^^^^
  File "C:\Users\T.SHIGARAKI\Desktop\Projet-Bibliotheque\Projet-bibliotheque-admin\venv_admin\Lib\site-packages\django\template\base.py", line 163, in _render
    return self.nodelist.render(context)
           ~~~~~~~~~~~~~~~~~~~~^^^^^^^^^
  File "C:\Users\T.SHIGARAKI\Desktop\Projet-Bibliotheque\Projet-bibliotheque-admin\venv_admin\Lib\site-packages\django\template\base.py", line 1016, in render
    return SafeString("".join([node.render_annotated(context) for node in self]))
                               ~~~~~~~~~~~~~~~~~~~~~^^^^^^^^^
  File "C:\Users\T.SHIGARAKI\Desktop\Projet-Bibliotheque\Projet-bibliotheque-admin\venv_admin\Lib\site-packages\django\template\base.py", line 977, in render_annotated
    return self.render(context)
           ~~~~~~~~~~~^^^^^^^^^
  File "C:\Users\T.SHIGARAKI\Desktop\Projet-Bibliotheque\Projet-bibliotheque-admin\venv_admin\Lib\site-packages\django\template\loader_tags.py", line 65, in render
    result = block.nodelist.render(context)
  File "C:\Users\T.SHIGARAKI\Desktop\Projet-Bibliotheque\Projet-bibliotheque-admin\venv_admin\Lib\site-packages\django\template\base.py", line 1016, in render
    return SafeString("".join([node.render_annotated(context) for node in self]))
                               ~~~~~~~~~~~~~~~~~~~~~^^^^^^^^^
  File "C:\Users\T.SHIGARAKI\Desktop\Projet-Bibliotheque\Projet-bibliotheque-admin\venv_admin\Lib\site-packages\django\template\base.py", line 977, in render_annotated
    return self.render(context)
           ~~~~~~~~~~~^^^^^^^^^
  File "C:\Users\T.SHIGARAKI\Desktop\Projet-Bibliotheque\Projet-bibliotheque-admin\venv_admin\Lib\site-packages\django\template\defaulttags.py", line 327, in render
    return nodelist.render(context)
           ~~~~~~~~~~~~~~~^^^^^^^^^
  File "C:\Users\T.SHIGARAKI\Desktop\Projet-Bibliotheque\Projet-bibliotheque-admin\venv_admin\Lib\site-packages\django\template\base.py", line 1016, in render
    return SafeString("".join([node.render_annotated(context) for node in self]))
                               ~~~~~~~~~~~~~~~~~~~~~^^^^^^^^^
  File "C:\Users\T.SHIGARAKI\Desktop\Projet-Bibliotheque\Projet-bibliotheque-admin\venv_admin\Lib\site-packages\django\template\base.py", line 977, in render_annotated
    return self.render(context)
           ~~~~~~~~~~~^^^^^^^^^
  File "C:\Users\T.SHIGARAKI\Desktop\Projet-Bibliotheque\Projet-bibliotheque-admin\venv_admin\Lib\site-packages\django\template\defaulttags.py", line 243, in render
    nodelist.append(node.render_annotated(context))
                    ~~~~~~~~~~~~~~~~~~~~~^^^^^^^^^
  File "C:\Users\T.SHIGARAKI\Desktop\Projet-Bibliotheque\Projet-bibliotheque-admin\venv_admin\Lib\site-packages\django\template\base.py", line 977, in render_annotated
    return self.render(context)
           ~~~~~~~~~~~^^^^^^^^^
  File "C:\Users\T.SHIGARAKI\Desktop\Projet-Bibliotheque\Projet-bibliotheque-admin\venv_admin\Lib\site-packages\django\template\defaulttags.py", line 480, in render
    url = reverse(view_name, args=args, kwargs=kwargs, current_app=current_app)
  File "C:\Users\T.SHIGARAKI\Desktop\Projet-Bibliotheque\Projet-bibliotheque-admin\venv_admin\Lib\site-packages\django\urls\base.py", line 98, in reverse
    resolved_url = resolver._reverse_with_prefix(view, prefix, *args, **kwargs)
  File "C:\Users\T.SHIGARAKI\Desktop\Projet-Bibliotheque\Projet-bibliotheque-admin\venv_admin\Lib\site-packages\django\urls\resolvers.py", line 831, in _reverse_with_prefix
    raise NoReverseMatch(msg)
django.urls.exceptions.NoReverseMatch: Reverse for 'return_book' not found. 'return_book' is not a valid view function or pattern name.
Watching for file changes with StatReloader
Internal Server Error: /loans/
Traceback (most recent call last):
  File "C:\Users\T.SHIGARAKI\Desktop\Projet-Bibliotheque\Projet-bibliotheque-admin\venv_admin\Lib\site-packages\django\core\handlers\exception.py", line 55, in inner
    response = get_response(request)
  File "C:\Users\T.SHIGARAKI\Desktop\Projet-Bibliotheque\Projet-bibliotheque-admin\venv_admin\Lib\site-packages\django\core\handlers\base.py", line 197, in _get_response
    response = wrapped_callback(request, *callback_args, **callback_kwargs)
  File "C:\Users\T.SHIGARAKI\Desktop\Projet-Bibliotheque\Projet-bibliotheque-admin\venv_admin\Lib\site-packages\django\contrib\auth\decorators.py", line 59, in _view_wrapper
    return view_func(request, *args, **kwargs)
  File "C:\Users\T.SHIGARAKI\Desktop\Projet-Bibliotheque\Projet-bibliotheque-admin\loans\views.py", line 38, in loan_list
    return render(request, 'loans/loan_list.html', {'loans': loans, 'now': timezone.now()})
  File "C:\Users\T.SHIGARAKI\Desktop\Projet-Bibliotheque\Projet-bibliotheque-admin\venv_admin\Lib\site-packages\django\shortcuts.py", line 25, in render
    content = loader.render_to_string(template_name, context, request, using=using)
  File "C:\Users\T.SHIGARAKI\Desktop\Projet-Bibliotheque\Projet-bibliotheque-admin\venv_admin\Lib\site-packages\django\template\loader.py", line 62, in render_to_string
    return template.render(context, request)
           ~~~~~~~~~~~~~~~^^^^^^^^^^^^^^^^^^
  File "C:\Users\T.SHIGARAKI\Desktop\Projet-Bibliotheque\Projet-bibliotheque-admin\venv_admin\Lib\site-packages\django\template\backends\django.py", line 107, in render
    return self.template.render(context)
           ~~~~~~~~~~~~~~~~~~~~^^^^^^^^^
  File "C:\Users\T.SHIGARAKI\Desktop\Projet-Bibliotheque\Projet-bibliotheque-admin\venv_admin\Lib\site-packages\django\template\base.py", line 171, in render
    return self._render(context)
           ~~~~~~~~~~~~^^^^^^^^^
  File "C:\Users\T.SHIGARAKI\Desktop\Projet-Bibliotheque\Projet-bibliotheque-admin\venv_admin\Lib\site-packages\django\template\base.py", line 163, in _render
    return self.nodelist.render(context)
           ~~~~~~~~~~~~~~~~~~~~^^^^^^^^^
  File "C:\Users\T.SHIGARAKI\Desktop\Projet-Bibliotheque\Projet-bibliotheque-admin\venv_admin\Lib\site-packages\django\template\base.py", line 1016, in render
    return SafeString("".join([node.render_annotated(context) for node in self]))
                               ~~~~~~~~~~~~~~~~~~~~~^^^^^^^^^
  File "C:\Users\T.SHIGARAKI\Desktop\Projet-Bibliotheque\Projet-bibliotheque-admin\venv_admin\Lib\site-packages\django\template\base.py", line 977, in render_annotated
    return self.render(context)
           ~~~~~~~~~~~^^^^^^^^^
  File "C:\Users\T.SHIGARAKI\Desktop\Projet-Bibliotheque\Projet-bibliotheque-admin\venv_admin\Lib\site-packages\django\template\loader_tags.py", line 159, in render
    return compiled_parent._render(context)
           ~~~~~~~~~~~~~~~~~~~~~~~^^^^^^^^^
  File "C:\Users\T.SHIGARAKI\Desktop\Projet-Bibliotheque\Projet-bibliotheque-admin\venv_admin\Lib\site-packages\django\template\base.py", line 163, in _render
    return self.nodelist.render(context)
           ~~~~~~~~~~~~~~~~~~~~^^^^^^^^^
  File "C:\Users\T.SHIGARAKI\Desktop\Projet-Bibliotheque\Projet-bibliotheque-admin\venv_admin\Lib\site-packages\django\template\base.py", line 1016, in render
    return SafeString("".join([node.render_annotated(context) for node in self]))
                               ~~~~~~~~~~~~~~~~~~~~~^^^^^^^^^
  File "C:\Users\T.SHIGARAKI\Desktop\Projet-Bibliotheque\Projet-bibliotheque-admin\venv_admin\Lib\site-packages\django\template\base.py", line 977, in render_annotated
    return self.render(context)
           ~~~~~~~~~~~^^^^^^^^^
  File "C:\Users\T.SHIGARAKI\Desktop\Projet-Bibliotheque\Projet-bibliotheque-admin\venv_admin\Lib\site-packages\django\template\loader_tags.py", line 65, in render
    result = block.nodelist.render(context)
  File "C:\Users\T.SHIGARAKI\Desktop\Projet-Bibliotheque\Projet-bibliotheque-admin\venv_admin\Lib\site-packages\django\template\base.py", line 1016, in render
    return SafeString("".join([node.render_annotated(context) for node in self]))
                               ~~~~~~~~~~~~~~~~~~~~~^^^^^^^^^
  File "C:\Users\T.SHIGARAKI\Desktop\Projet-Bibliotheque\Projet-bibliotheque-admin\venv_admin\Lib\site-packages\django\template\base.py", line 977, in render_annotated
    return self.render(context)
           ~~~~~~~~~~~^^^^^^^^^
  File "C:\Users\T.SHIGARAKI\Desktop\Projet-Bibliotheque\Projet-bibliotheque-admin\venv_admin\Lib\site-packages\django\template\defaulttags.py", line 327, in render
    return nodelist.render(context)
           ~~~~~~~~~~~~~~~^^^^^^^^^
  File "C:\Users\T.SHIGARAKI\Desktop\Projet-Bibliotheque\Projet-bibliotheque-admin\venv_admin\Lib\site-packages\django\template\base.py", line 1016, in render
    return SafeString("".join([node.render_annotated(context) for node in self]))
                               ~~~~~~~~~~~~~~~~~~~~~^^^^^^^^^
  File "C:\Users\T.SHIGARAKI\Desktop\Projet-Bibliotheque\Projet-bibliotheque-admin\venv_admin\Lib\site-packages\django\template\base.py", line 977, in render_annotated
    return self.render(context)
           ~~~~~~~~~~~^^^^^^^^^
  File "C:\Users\T.SHIGARAKI\Desktop\Projet-Bibliotheque\Projet-bibliotheque-admin\venv_admin\Lib\site-packages\django\template\defaulttags.py", line 243, in render
    nodelist.append(node.render_annotated(context))
                    ~~~~~~~~~~~~~~~~~~~~~^^^^^^^^^
  File "C:\Users\T.SHIGARAKI\Desktop\Projet-Bibliotheque\Projet-bibliotheque-admin\venv_admin\Lib\site-packages\django\template\base.py", line 977, in render_annotated
    return self.render(context)
           ~~~~~~~~~~~^^^^^^^^^
  File "C:\Users\T.SHIGARAKI\Desktop\Projet-Bibliotheque\Projet-bibliotheque-admin\venv_admin\Lib\site-packages\django\template\defaulttags.py", line 480, in render
    url = reverse(view_name, args=args, kwargs=kwargs, current_app=current_app)
  File "C:\Users\T.SHIGARAKI\Desktop\Projet-Bibliotheque\Projet-bibliotheque-admin\venv_admin\Lib\site-packages\django\urls\base.py", line 98, in reverse
    resolved_url = resolver._reverse_with_prefix(view, prefix, *args, **kwargs)
  File "C:\Users\T.SHIGARAKI\Desktop\Projet-Bibliotheque\Projet-bibliotheque-admin\venv_admin\Lib\site-packages\django\urls\resolvers.py", line 831, in _reverse_with_prefix
    raise NoReverseMatch(msg)
django.urls.exceptions.NoReverseMatch: Reverse for 'return_book' not found. 'return_book' is not a valid view function or pattern name.
Watching for file changes with StatReloader
Notification count: total=3
Notification count: total=3
Notification count: total=3
Notification count: total=3
Notification count: total=3
Total des notifications affichées: 2
Notification count: total=3
Notification count: total=3
Notification count: total=3
Internal Server Error: /loans/return/1/
Traceback (most recent call last):
  File "C:\Users\T.SHIGARAKI\Desktop\Projet-Bibliotheque\Projet-bibliotheque-admin\venv_admin\Lib\site-packages\django\core\handlers\exception.py", line 55, in inner
    response = get_response(request)
  File "C:\Users\T.SHIGARAKI\Desktop\Projet-Bibliotheque\Projet-bibliotheque-admin\venv_admin\Lib\site-packages\django\core\handlers\base.py", line 197, in _get_response
    response = wrapped_callback(request, *callback_args, **callback_kwargs)
  File "C:\Users\T.SHIGARAKI\Desktop\Projet-Bibliotheque\Projet-bibliotheque-admin\venv_admin\Lib\site-packages\django\contrib\auth\decorators.py", line 59, in _view_wrapper
    return view_func(request, *args, **kwargs)
  File "C:\Users\T.SHIGARAKI\Desktop\Projet-Bibliotheque\Projet-bibliotheque-admin\loans\views.py", line 103, in return_book
    return render(request, 'loans/return_book.html', {'loan': loan})
  File "C:\Users\T.SHIGARAKI\Desktop\Projet-Bibliotheque\Projet-bibliotheque-admin\venv_admin\Lib\site-packages\django\shortcuts.py", line 25, in render
    content = loader.render_to_string(template_name, context, request, using=using)
  File "C:\Users\T.SHIGARAKI\Desktop\Projet-Bibliotheque\Projet-bibliotheque-admin\venv_admin\Lib\site-packages\django\template\loader.py", line 62, in render_to_string
    return template.render(context, request)
           ~~~~~~~~~~~~~~~^^^^^^^^^^^^^^^^^^
  File "C:\Users\T.SHIGARAKI\Desktop\Projet-Bibliotheque\Projet-bibliotheque-admin\venv_admin\Lib\site-packages\django\template\backends\django.py", line 107, in render
    return self.template.render(context)
           ~~~~~~~~~~~~~~~~~~~~^^^^^^^^^
  File "C:\Users\T.SHIGARAKI\Desktop\Projet-Bibliotheque\Projet-bibliotheque-admin\venv_admin\Lib\site-packages\django\template\base.py", line 171, in render
    return self._render(context)
           ~~~~~~~~~~~~^^^^^^^^^
  File "C:\Users\T.SHIGARAKI\Desktop\Projet-Bibliotheque\Projet-bibliotheque-admin\venv_admin\Lib\site-packages\django\template\base.py", line 163, in _render
    return self.nodelist.render(context)
           ~~~~~~~~~~~~~~~~~~~~^^^^^^^^^
  File "C:\Users\T.SHIGARAKI\Desktop\Projet-Bibliotheque\Projet-bibliotheque-admin\venv_admin\Lib\site-packages\django\template\base.py", line 1016, in render
    return SafeString("".join([node.render_annotated(context) for node in self]))
                               ~~~~~~~~~~~~~~~~~~~~~^^^^^^^^^
  File "C:\Users\T.SHIGARAKI\Desktop\Projet-Bibliotheque\Projet-bibliotheque-admin\venv_admin\Lib\site-packages\django\template\base.py", line 977, in render_annotated
    return self.render(context)
           ~~~~~~~~~~~^^^^^^^^^
  File "C:\Users\T.SHIGARAKI\Desktop\Projet-Bibliotheque\Projet-bibliotheque-admin\venv_admin\Lib\site-packages\django\template\loader_tags.py", line 159, in render
    return compiled_parent._render(context)
           ~~~~~~~~~~~~~~~~~~~~~~~^^^^^^^^^
  File "C:\Users\T.SHIGARAKI\Desktop\Projet-Bibliotheque\Projet-bibliotheque-admin\venv_admin\Lib\site-packages\django\template\base.py", line 163, in _render
    return self.nodelist.render(context)
           ~~~~~~~~~~~~~~~~~~~~^^^^^^^^^
  File "C:\Users\T.SHIGARAKI\Desktop\Projet-Bibliotheque\Projet-bibliotheque-admin\venv_admin\Lib\site-packages\django\template\base.py", line 1016, in render
    return SafeString("".join([node.render_annotated(context) for node in self]))
                               ~~~~~~~~~~~~~~~~~~~~~^^^^^^^^^
  File "C:\Users\T.SHIGARAKI\Desktop\Projet-Bibliotheque\Projet-bibliotheque-admin\venv_admin\Lib\site-packages\django\template\base.py", line 977, in render_annotated
    return self.render(context)
           ~~~~~~~~~~~^^^^^^^^^
  File "C:\Users\T.SHIGARAKI\Desktop\Projet-Bibliotheque\Projet-bibliotheque-admin\venv_admin\Lib\site-packages\django\template\loader_tags.py", line 65, in render
    result = block.nodelist.render(context)
  File "C:\Users\T.SHIGARAKI\Desktop\Projet-Bibliotheque\Projet-bibliotheque-admin\venv_admin\Lib\site-packages\django\template\base.py", line 1016, in render
    return SafeString("".join([node.render_annotated(context) for node in self]))
                               ~~~~~~~~~~~~~~~~~~~~~^^^^^^^^^
  File "C:\Users\T.SHIGARAKI\Desktop\Projet-Bibliotheque\Projet-bibliotheque-admin\venv_admin\Lib\site-packages\django\template\base.py", line 977, in render_annotated
    return self.render(context)
           ~~~~~~~~~~~^^^^^^^^^
  File "C:\Users\T.SHIGARAKI\Desktop\Projet-Bibliotheque\Projet-bibliotheque-admin\venv_admin\Lib\site-packages\django\template\defaulttags.py", line 480, in render
    url = reverse(view_name, args=args, kwargs=kwargs, current_app=current_app)
  File "C:\Users\T.SHIGARAKI\Desktop\Projet-Bibliotheque\Projet-bibliotheque-admin\venv_admin\Lib\site-packages\django\urls\base.py", line 98, in reverse
    resolved_url = resolver._reverse_with_prefix(view, prefix, *args, **kwargs)
  File "C:\Users\T.SHIGARAKI\Desktop\Projet-Bibliotheque\Projet-bibliotheque-admin\venv_admin\Lib\site-packages\django\urls\resolvers.py", line 831, in _reverse_with_prefix
    raise NoReverseMatch(msg)
django.urls.exceptions.NoReverseMatch: Reverse for 'loan_list' not found. 'loan_list' is not a valid view function or pattern name.
Notification count: total=3
Internal Server Error: /loans/return/2/
Traceback (most recent call last):
  File "C:\Users\T.SHIGARAKI\Desktop\Projet-Bibliotheque\Projet-bibliotheque-admin\venv_admin\Lib\site-packages\django\core\handlers\exception.py", line 55, in inner
    response = get_response(request)
  File "C:\Users\T.SHIGARAKI\Desktop\Projet-Bibliotheque\Projet-bibliotheque-admin\venv_admin\Lib\site-packages\django\core\handlers\base.py", line 197, in _get_response
    response = wrapped_callback(request, *callback_args, **callback_kwargs)
  File "C:\Users\T.SHIGARAKI\Desktop\Projet-Bibliotheque\Projet-bibliotheque-admin\venv_admin\Lib\site-packages\django\contrib\auth\decorators.py", line 59, in _view_wrapper
    return view_func(request, *args, **kwargs)
  File "C:\Users\T.SHIGARAKI\Desktop\Projet-Bibliotheque\Projet-bibliotheque-admin\loans\views.py", line 103, in return_book
    return render(request, 'loans/return_book.html', {'loan': loan})
  File "C:\Users\T.SHIGARAKI\Desktop\Projet-Bibliotheque\Projet-bibliotheque-admin\venv_admin\Lib\site-packages\django\shortcuts.py", line 25, in render
    content = loader.render_to_string(template_name, context, request, using=using)
  File "C:\Users\T.SHIGARAKI\Desktop\Projet-Bibliotheque\Projet-bibliotheque-admin\venv_admin\Lib\site-packages\django\template\loader.py", line 62, in render_to_string
    return template.render(context, request)
           ~~~~~~~~~~~~~~~^^^^^^^^^^^^^^^^^^
  File "C:\Users\T.SHIGARAKI\Desktop\Projet-Bibliotheque\Projet-bibliotheque-admin\venv_admin\Lib\site-packages\django\template\backends\django.py", line 107, in render
    return self.template.render(context)
           ~~~~~~~~~~~~~~~~~~~~^^^^^^^^^
  File "C:\Users\T.SHIGARAKI\Desktop\Projet-Bibliotheque\Projet-bibliotheque-admin\venv_admin\Lib\site-packages\django\template\base.py", line 171, in render
    return self._render(context)
           ~~~~~~~~~~~~^^^^^^^^^
  File "C:\Users\T.SHIGARAKI\Desktop\Projet-Bibliotheque\Projet-bibliotheque-admin\venv_admin\Lib\site-packages\django\template\base.py", line 163, in _render
    return self.nodelist.render(context)
           ~~~~~~~~~~~~~~~~~~~~^^^^^^^^^
  File "C:\Users\T.SHIGARAKI\Desktop\Projet-Bibliotheque\Projet-bibliotheque-admin\venv_admin\Lib\site-packages\django\template\base.py", line 1016, in render
    return SafeString("".join([node.render_annotated(context) for node in self]))
                               ~~~~~~~~~~~~~~~~~~~~~^^^^^^^^^
  File "C:\Users\T.SHIGARAKI\Desktop\Projet-Bibliotheque\Projet-bibliotheque-admin\venv_admin\Lib\site-packages\django\template\base.py", line 977, in render_annotated
    return self.render(context)
           ~~~~~~~~~~~^^^^^^^^^
  File "C:\Users\T.SHIGARAKI\Desktop\Projet-Bibliotheque\Projet-bibliotheque-admin\venv_admin\Lib\site-packages\django\template\loader_tags.py", line 159, in render
    return compiled_parent._render(context)
           ~~~~~~~~~~~~~~~~~~~~~~~^^^^^^^^^
  File "C:\Users\T.SHIGARAKI\Desktop\Projet-Bibliotheque\Projet-bibliotheque-admin\venv_admin\Lib\site-packages\django\template\base.py", line 163, in _render
    return self.nodelist.render(context)
           ~~~~~~~~~~~~~~~~~~~~^^^^^^^^^
  File "C:\Users\T.SHIGARAKI\Desktop\Projet-Bibliotheque\Projet-bibliotheque-admin\venv_admin\Lib\site-packages\django\template\base.py", line 1016, in render
    return SafeString("".join([node.render_annotated(context) for node in self]))
                               ~~~~~~~~~~~~~~~~~~~~~^^^^^^^^^
  File "C:\Users\T.SHIGARAKI\Desktop\Projet-Bibliotheque\Projet-bibliotheque-admin\venv_admin\Lib\site-packages\django\template\base.py", line 977, in render_annotated
    return self.render(context)
           ~~~~~~~~~~~^^^^^^^^^
  File "C:\Users\T.SHIGARAKI\Desktop\Projet-Bibliotheque\Projet-bibliotheque-admin\venv_admin\Lib\site-packages\django\template\loader_tags.py", line 65, in render
    result = block.nodelist.render(context)
  File "C:\Users\T.SHIGARAKI\Desktop\Projet-Bibliotheque\Projet-bibliotheque-admin\venv_admin\Lib\site-packages\django\template\base.py", line 1016, in render
    return SafeString("".join([node.render_annotated(context) for node in self]))
                               ~~~~~~~~~~~~~~~~~~~~~^^^^^^^^^
  File "C:\Users\T.SHIGARAKI\Desktop\Projet-Bibliotheque\Projet-bibliotheque-admin\venv_admin\Lib\site-packages\django\template\base.py", line 977, in render_annotated
    return self.render(context)
           ~~~~~~~~~~~^^^^^^^^^
  File "C:\Users\T.SHIGARAKI\Desktop\Projet-Bibliotheque\Projet-bibliotheque-admin\venv_admin\Lib\site-packages\django\template\defaulttags.py", line 480, in render
    url = reverse(view_name, args=args, kwargs=kwargs, current_app=current_app)
  File "C:\Users\T.SHIGARAKI\Desktop\Projet-Bibliotheque\Projet-bibliotheque-admin\venv_admin\Lib\site-packages\django\urls\base.py", line 98, in reverse
    resolved_url = resolver._reverse_with_prefix(view, prefix, *args, **kwargs)
  File "C:\Users\T.SHIGARAKI\Desktop\Projet-Bibliotheque\Projet-bibliotheque-admin\venv_admin\Lib\site-packages\django\urls\resolvers.py", line 831, in _reverse_with_prefix
    raise NoReverseMatch(msg)
django.urls.exceptions.NoReverseMatch: Reverse for 'loan_list' not found. 'loan_list' is not a valid view function or pattern name.
Notification count: total=3
Notification count: total=3
Notification count: total=3
Notification count: total=3
Notification count: total=3
Notification count: total=3
Notification count: total=3
Notification count: total=3
Notification count: total=3
Supprimé 1 notifications pour prêt retourné: livre livre 2, utilisateur utilisateur_2
Supprimé 1 notifications pour prêt retourné: livre Livre 1, utilisateur utilisateur_1
Notification créée: ID 6, message: Stock faible: 3 unité(s) de 'Livre 1' restantes.
Total des notifications affichées: 1
Notification count: total=2
Notification count: total=2
Notification count: total=2
Notification count: total=2
Notification count: total=2
Notification count: total=2
Notification count: total=2
Notification count: total=2
Notification count: total=2
Notification count: total=2
Notification count: total=2
Notification count: total=2
Watching for file changes with StatReloader
Notification count: total=2
Notification count: total=2
Notification count: total=2
Notification count: total=2
Notification count: total=2
Notification count: total=2
Notification count: total=2
Notification count: total=2
Notification count: total=2
Notification count: total=2
Notification count: total=2
Notification count: total=2
Notification count: total=2
Notification count: total=2
Notification count: total=2
Notification count: total=2
Notification count: total=2
Notification count: total=2
Notification count: total=2
Notification count: total=2
Watching for file changes with StatReloader
Not Found: /favicon.ico
Notification count: total=2
Notification créée: ID 7, message: Retour proche pour 'livre 2' emprunté par utilisateur_1 (échéance: 2025-05-28).
Total des notifications affichées: 2
Notification count: total=3
Notification count: total=3
Notification count: total=3
Notification count: total=3
Notification count: total=3
Notification count: total=3
Total des notifications affichées: 2
Notification count: total=3
Notification count: total=3
Notification count: total=3
Notification count: total=3
Notification count: total=3
Notification count: total=3
Notification count: total=3
Notification count: total=3
Total des notifications affichées: 2
Notification count: total=3
Notification count: total=3
Total des notifications affichées: 2
Notification count: total=3
Notification count: total=3
Notification count: total=3
Notification count: total=3
Notification count: total=3
Notification count: total=3
Notification count: total=3
Notification count: total=3
Notification count: total=3
Notification count: total=3
Notification count: total=3
Notification count: total=3
Notification count: total=3
Notification count: total=3
Notification count: total=3
Notification count: total=3
Notification count: total=3
Notification count: total=3
Notification count: total=3
Notification count: total=3
Notification count: total=3
Notification count: total=3
Notification count: total=3
Notification count: total=3
Notification count: total=3
Notification count: total=3
Notification count: total=3
Notification créée: ID 8, message: Retour proche pour 'Livre 1' emprunté par utilisateur_1 (échéance: 2025-05-27).
Total des notifications affichées: 2
Notification count: total=4
Notification count: total=4
Notification count: total=4
Notification count: total=4
Notification count: total=4
Notification count: total=4
Notification count: total=4
Notification count: total=4
Notification count: total=4
Notification count: total=4
Supprimé 1 notifications pour prêt retourné: livre Livre 1, utilisateur utilisateur_1
Notification créée: ID 9, message: Stock critique: 1 unité(s) de 'Livre 1' restantes.
Total des notifications affichées: 2
Notification count: total=4
Tentative de marquage de toutes les notifications comme lues par l'utilisateur Bibliothecaire_1
4 notifications marquées comme lues
Notification count: total=0
Total des notifications affichées: 0
Notification count: total=0
Notification count: total=0
Notification count: total=0
Notification count: total=0
Total des notifications affichées: 0
Notification count: total=0
Notification count: total=0
Notification count: total=0
Total des notifications affichées: 0
Notification count: total=0
Notification count: total=0
Notification count: total=0
Notification count: total=0
Notification count: total=0
Notification count: total=0
Notification count: total=0
Notification count: total=0
Notification count: total=0
Notification count: total=0
Notification count: total=0
Watching for file changes with StatReloader
Notification count: total=0
Notification count: total=0
Notification count: total=0
Notification count: total=0
Notification count: total=0
Notification count: total=0
Notification count: total=0
Total des notifications affichées: 0
Notification count: total=0
Notification count: total=0
Notification count: total=0
Notification count: total=0
Notification count: total=0
Notification count: total=0
Notification count: total=0
Notification count: total=0
Notification count: total=0
Notification count: total=0
Notification count: total=0
Notification count: total=0
Notification count: total=0
Total des notifications affichées: 0
Notification count: total=0
Notification count: total=0
Notification count: total=0
Watching for file changes with StatReloader
Notification count: total=0
Notification count: total=0
Notification count: total=0
Notification count: total=0
Notification count: total=0
Notification count: total=0
Notification count: total=0
Notification count: total=0
Notification count: total=0
Notification count: total=0
Total des notifications affichées: 0
Notification count: total=0
Notification count: total=0
Notification count: total=0
Notification count: total=0
Notification count: total=0
Watching for file changes with StatReloader
Session data corrupted
Session data corrupted
Not Found: /favicon.ico
Session data corrupted
Notification count: total=2
Internal Server Error: /loans/late/
Traceback (most recent call last):
  File "C:\Users\T.SHIGARAKI\Downloads\Projet-Bibliotheque-daniel\projet-bibliotheque-admin\venv_admin\Lib\site-packages\django\core\handlers\exception.py", line 55, in inner
    response = get_response(request)
  File "C:\Users\T.SHIGARAKI\Downloads\Projet-Bibliotheque-daniel\projet-bibliotheque-admin\venv_admin\Lib\site-packages\django\core\handlers\base.py", line 197, in _get_response
    response = wrapped_callback(request, *callback_args, **callback_kwargs)
  File "C:\Users\T.SHIGARAKI\Downloads\Projet-Bibliotheque-daniel\projet-bibliotheque-admin\venv_admin\Lib\site-packages\django\contrib\auth\decorators.py", line 59, in _view_wrapper
    return view_func(request, *args, **kwargs)
  File "C:\Users\T.SHIGARAKI\Downloads\Projet-Bibliotheque-daniel\projet-bibliotheque-admin\loans\views.py", line 246, in late_books
    return render(request, 'loans/late_books.html', {
        'loans': page_obj,
        'now': now
    })
  File "C:\Users\T.SHIGARAKI\Downloads\Projet-Bibliotheque-daniel\projet-bibliotheque-admin\venv_admin\Lib\site-packages\django\shortcuts.py", line 25, in render
    content = loader.render_to_string(template_name, context, request, using=using)
  File "C:\Users\T.SHIGARAKI\Downloads\Projet-Bibliotheque-daniel\projet-bibliotheque-admin\venv_admin\Lib\site-packages\django\template\loader.py", line 62, in render_to_string
    return template.render(context, request)
           ~~~~~~~~~~~~~~~^^^^^^^^^^^^^^^^^^
  File "C:\Users\T.SHIGARAKI\Downloads\Projet-Bibliotheque-daniel\projet-bibliotheque-admin\venv_admin\Lib\site-packages\django\template\backends\django.py", line 107, in render
    return self.template.render(context)
           ~~~~~~~~~~~~~~~~~~~~^^^^^^^^^
  File "C:\Users\T.SHIGARAKI\Downloads\Projet-Bibliotheque-daniel\projet-bibliotheque-admin\venv_admin\Lib\site-packages\django\template\base.py", line 171, in render
    return self._render(context)
           ~~~~~~~~~~~~^^^^^^^^^
  File "C:\Users\T.SHIGARAKI\Downloads\Projet-Bibliotheque-daniel\projet-bibliotheque-admin\venv_admin\Lib\site-packages\django\template\base.py", line 163, in _render
    return self.nodelist.render(context)
           ~~~~~~~~~~~~~~~~~~~~^^^^^^^^^
  File "C:\Users\T.SHIGARAKI\Downloads\Projet-Bibliotheque-daniel\projet-bibliotheque-admin\venv_admin\Lib\site-packages\django\template\base.py", line 1016, in render
    return SafeString("".join([node.render_annotated(context) for node in self]))
                               ~~~~~~~~~~~~~~~~~~~~~^^^^^^^^^
  File "C:\Users\T.SHIGARAKI\Downloads\Projet-Bibliotheque-daniel\projet-bibliotheque-admin\venv_admin\Lib\site-packages\django\template\base.py", line 977, in render_annotated
    return self.render(context)
           ~~~~~~~~~~~^^^^^^^^^
  File "C:\Users\T.SHIGARAKI\Downloads\Projet-Bibliotheque-daniel\projet-bibliotheque-admin\venv_admin\Lib\site-packages\django\template\loader_tags.py", line 159, in render
    return compiled_parent._render(context)
           ~~~~~~~~~~~~~~~~~~~~~~~^^^^^^^^^
  File "C:\Users\T.SHIGARAKI\Downloads\Projet-Bibliotheque-daniel\projet-bibliotheque-admin\venv_admin\Lib\site-packages\django\template\base.py", line 163, in _render
    return self.nodelist.render(context)
           ~~~~~~~~~~~~~~~~~~~~^^^^^^^^^
  File "C:\Users\T.SHIGARAKI\Downloads\Projet-Bibliotheque-daniel\projet-bibliotheque-admin\venv_admin\Lib\site-packages\django\template\base.py", line 1016, in render
    return SafeString("".join([node.render_annotated(context) for node in self]))
                               ~~~~~~~~~~~~~~~~~~~~~^^^^^^^^^
  File "C:\Users\T.SHIGARAKI\Downloads\Projet-Bibliotheque-daniel\projet-bibliotheque-admin\venv_admin\Lib\site-packages\django\template\base.py", line 977, in render_annotated
    return self.render(context)
           ~~~~~~~~~~~^^^^^^^^^
  File "C:\Users\T.SHIGARAKI\Downloads\Projet-Bibliotheque-daniel\projet-bibliotheque-admin\venv_admin\Lib\site-packages\django\template\loader_tags.py", line 65, in render
    result = block.nodelist.render(context)
  File "C:\Users\T.SHIGARAKI\Downloads\Projet-Bibliotheque-daniel\projet-bibliotheque-admin\venv_admin\Lib\site-packages\django\template\base.py", line 1016, in render
    return SafeString("".join([node.render_annotated(context) for node in self]))
                               ~~~~~~~~~~~~~~~~~~~~~^^^^^^^^^
  File "C:\Users\T.SHIGARAKI\Downloads\Projet-Bibliotheque-daniel\projet-bibliotheque-admin\venv_admin\Lib\site-packages\django\template\base.py", line 977, in render_annotated
    return self.render(context)
           ~~~~~~~~~~~^^^^^^^^^
  File "C:\Users\T.SHIGARAKI\Downloads\Projet-Bibliotheque-daniel\projet-bibliotheque-admin\venv_admin\Lib\site-packages\django\template\defaulttags.py", line 327, in render
    return nodelist.render(context)
           ~~~~~~~~~~~~~~~^^^^^^^^^
  File "C:\Users\T.SHIGARAKI\Downloads\Projet-Bibliotheque-daniel\projet-bibliotheque-admin\venv_admin\Lib\site-packages\django\template\base.py", line 1016, in render
    return SafeString("".join([node.render_annotated(context) for node in self]))
                               ~~~~~~~~~~~~~~~~~~~~~^^^^^^^^^
  File "C:\Users\T.SHIGARAKI\Downloads\Projet-Bibliotheque-daniel\projet-bibliotheque-admin\venv_admin\Lib\site-packages\django\template\base.py", line 977, in render_annotated
    return self.render(context)
           ~~~~~~~~~~~^^^^^^^^^
  File "C:\Users\T.SHIGARAKI\Downloads\Projet-Bibliotheque-daniel\projet-bibliotheque-admin\venv_admin\Lib\site-packages\django\template\defaulttags.py", line 243, in render
    nodelist.append(node.render_annotated(context))
                    ~~~~~~~~~~~~~~~~~~~~~^^^^^^^^^
  File "C:\Users\T.SHIGARAKI\Downloads\Projet-Bibliotheque-daniel\projet-bibliotheque-admin\venv_admin\Lib\site-packages\django\template\base.py", line 977, in render_annotated
    return self.render(context)
           ~~~~~~~~~~~^^^^^^^^^
  File "C:\Users\T.SHIGARAKI\Downloads\Projet-Bibliotheque-daniel\projet-bibliotheque-admin\venv_admin\Lib\site-packages\django\template\defaulttags.py", line 480, in render
    url = reverse(view_name, args=args, kwargs=kwargs, current_app=current_app)
  File "C:\Users\T.SHIGARAKI\Downloads\Projet-Bibliotheque-daniel\projet-bibliotheque-admin\venv_admin\Lib\site-packages\django\urls\base.py", line 98, in reverse
    resolved_url = resolver._reverse_with_prefix(view, prefix, *args, **kwargs)
  File "C:\Users\T.SHIGARAKI\Downloads\Projet-Bibliotheque-daniel\projet-bibliotheque-admin\venv_admin\Lib\site-packages\django\urls\resolvers.py", line 831, in _reverse_with_prefix
    raise NoReverseMatch(msg)
django.urls.exceptions.NoReverseMatch: Reverse for 'return_book' not found. 'return_book' is not a valid view function or pattern name.
Notification count: total=2
Watching for file changes with StatReloader
Not Found: /favicon.ico
Not Found: /favicon.ico
Notification count: total=2
Notification count: total=2
Notification count: total=2
Notification count: total=2
Notification count: total=2
Notification count: total=2
Notification count: total=2
Notification count: total=2
Total des notifications affichées: 2
Notification count: total=2
Notification count: total=2
Notification count: total=2
Notification count: total=2
Watching for file changes with StatReloader
Not Found: /favicon.ico
Not Found: /favicon.ico
Internal Server Error: /users/login/
Traceback (most recent call last):
  File "C:\Users\T.SHIGARAKI\Desktop\Projet-Bibliotheque-daniel\projet-bibliotheque-admin\venv_admin\Lib\site-packages\django\core\handlers\exception.py", line 55, in inner
    response = get_response(request)
  File "C:\Users\T.SHIGARAKI\Desktop\Projet-Bibliotheque-daniel\projet-bibliotheque-admin\venv_admin\Lib\site-packages\django\core\handlers\base.py", line 197, in _get_response
    response = wrapped_callback(request, *callback_args, **callback_kwargs)
  File "C:\Users\T.SHIGARAKI\Desktop\Projet-Bibliotheque-daniel\projet-bibliotheque-admin\users\views.py", line 32, in login_view
    return redirect('librarian_dashboard')
  File "C:\Users\T.SHIGARAKI\Desktop\Projet-Bibliotheque-daniel\projet-bibliotheque-admin\venv_admin\Lib\site-packages\django\shortcuts.py", line 51, in redirect
    resolve_url(to, *args, **kwargs),
    ~~~~~~~~~~~^^^^^^^^^^^^^^^^^^^^^
  File "C:\Users\T.SHIGARAKI\Desktop\Projet-Bibliotheque-daniel\projet-bibliotheque-admin\venv_admin\Lib\site-packages\django\shortcuts.py", line 184, in resolve_url
    return reverse(to, args=args, kwargs=kwargs)
  File "C:\Users\T.SHIGARAKI\Desktop\Projet-Bibliotheque-daniel\projet-bibliotheque-admin\venv_admin\Lib\site-packages\django\urls\base.py", line 98, in reverse
    resolved_url = resolver._reverse_with_prefix(view, prefix, *args, **kwargs)
  File "C:\Users\T.SHIGARAKI\Desktop\Projet-Bibliotheque-daniel\projet-bibliotheque-admin\venv_admin\Lib\site-packages\django\urls\resolvers.py", line 831, in _reverse_with_prefix
    raise NoReverseMatch(msg)
django.urls.exceptions.NoReverseMatch: Reverse for 'librarian_dashboard' not found. 'librarian_dashboard' is not a valid view function or pattern name.
C:\Users\T.SHIGARAKI\Desktop\Projet-Bibliotheque-daniel\Projet-bibliotheque-admin\books\urls.py changed, reloading.
Watching for file changes with StatReloader
Watching for file changes with StatReloader
C:\Users\T.SHIGARAKI\Desktop\Projet-Bibliotheque-daniel\Projet-bibliotheque-admin\books\urls.py changed, reloading.
Watching for file changes with StatReloader
Forbidden (CSRF token from POST incorrect.): /users/login/
Internal Server Error: /users/login/
Traceback (most recent call last):
  File "C:\Users\T.SHIGARAKI\Desktop\Projet-Bibliotheque-daniel\projet-bibliotheque-admin\venv_admin\Lib\site-packages\django\core\handlers\exception.py", line 55, in inner
    response = get_response(request)
  File "C:\Users\T.SHIGARAKI\Desktop\Projet-Bibliotheque-daniel\projet-bibliotheque-admin\venv_admin\Lib\site-packages\django\core\handlers\base.py", line 197, in _get_response
    response = wrapped_callback(request, *callback_args, **callback_kwargs)
  File "C:\Users\T.SHIGARAKI\Desktop\Projet-Bibliotheque-daniel\projet-bibliotheque-admin\users\views.py", line 32, in login_view
    return redirect('librarian_dashboard')
  File "C:\Users\T.SHIGARAKI\Desktop\Projet-Bibliotheque-daniel\projet-bibliotheque-admin\venv_admin\Lib\site-packages\django\shortcuts.py", line 51, in redirect
    resolve_url(to, *args, **kwargs),
    ~~~~~~~~~~~^^^^^^^^^^^^^^^^^^^^^
  File "C:\Users\T.SHIGARAKI\Desktop\Projet-Bibliotheque-daniel\projet-bibliotheque-admin\venv_admin\Lib\site-packages\django\shortcuts.py", line 184, in resolve_url
    return reverse(to, args=args, kwargs=kwargs)
  File "C:\Users\T.SHIGARAKI\Desktop\Projet-Bibliotheque-daniel\projet-bibliotheque-admin\venv_admin\Lib\site-packages\django\urls\base.py", line 98, in reverse
    resolved_url = resolver._reverse_with_prefix(view, prefix, *args, **kwargs)
  File "C:\Users\T.SHIGARAKI\Desktop\Projet-Bibliotheque-daniel\projet-bibliotheque-admin\venv_admin\Lib\site-packages\django\urls\resolvers.py", line 831, in _reverse_with_prefix
    raise NoReverseMatch(msg)
django.urls.exceptions.NoReverseMatch: Reverse for 'librarian_dashboard' not found. 'librarian_dashboard' is not a valid view function or pattern name.
C:\Users\T.SHIGARAKI\Desktop\Projet-Bibliotheque-daniel\Projet-bibliotheque-admin\users\views.py changed, reloading.
Watching for file changes with StatReloader
Forbidden (CSRF token from POST incorrect.): /users/login/
Internal Server Error: /books/
Traceback (most recent call last):
  File "C:\Users\T.SHIGARAKI\Desktop\Projet-Bibliotheque-daniel\projet-bibliotheque-admin\venv_admin\Lib\site-packages\django\core\handlers\exception.py", line 55, in inner
    response = get_response(request)
  File "C:\Users\T.SHIGARAKI\Desktop\Projet-Bibliotheque-daniel\projet-bibliotheque-admin\venv_admin\Lib\site-packages\django\core\handlers\base.py", line 197, in _get_response
    response = wrapped_callback(request, *callback_args, **callback_kwargs)
  File "C:\Users\T.SHIGARAKI\Desktop\Projet-Bibliotheque-daniel\projet-bibliotheque-admin\books\views.py", line 20, in librarian_dashboard
    return render(request, 'books/librarian_dashboard.html', {'books': books})
  File "C:\Users\T.SHIGARAKI\Desktop\Projet-Bibliotheque-daniel\projet-bibliotheque-admin\venv_admin\Lib\site-packages\django\shortcuts.py", line 25, in render
    content = loader.render_to_string(template_name, context, request, using=using)
  File "C:\Users\T.SHIGARAKI\Desktop\Projet-Bibliotheque-daniel\projet-bibliotheque-admin\venv_admin\Lib\site-packages\django\template\loader.py", line 62, in render_to_string
    return template.render(context, request)
           ~~~~~~~~~~~~~~~^^^^^^^^^^^^^^^^^^
  File "C:\Users\T.SHIGARAKI\Desktop\Projet-Bibliotheque-daniel\projet-bibliotheque-admin\venv_admin\Lib\site-packages\django\template\backends\django.py", line 107, in render
    return self.template.render(context)
           ~~~~~~~~~~~~~~~~~~~~^^^^^^^^^
  File "C:\Users\T.SHIGARAKI\Desktop\Projet-Bibliotheque-daniel\projet-bibliotheque-admin\venv_admin\Lib\site-packages\django\template\base.py", line 171, in render
    return self._render(context)
           ~~~~~~~~~~~~^^^^^^^^^
  File "C:\Users\T.SHIGARAKI\Desktop\Projet-Bibliotheque-daniel\projet-bibliotheque-admin\venv_admin\Lib\site-packages\django\template\base.py", line 163, in _render
    return self.nodelist.render(context)
           ~~~~~~~~~~~~~~~~~~~~^^^^^^^^^
  File "C:\Users\T.SHIGARAKI\Desktop\Projet-Bibliotheque-daniel\projet-bibliotheque-admin\venv_admin\Lib\site-packages\django\template\base.py", line 1016, in render
    return SafeString("".join([node.render_annotated(context) for node in self]))
                               ~~~~~~~~~~~~~~~~~~~~~^^^^^^^^^
  File "C:\Users\T.SHIGARAKI\Desktop\Projet-Bibliotheque-daniel\projet-bibliotheque-admin\venv_admin\Lib\site-packages\django\template\base.py", line 977, in render_annotated
    return self.render(context)
           ~~~~~~~~~~~^^^^^^^^^
  File "C:\Users\T.SHIGARAKI\Desktop\Projet-Bibliotheque-daniel\projet-bibliotheque-admin\venv_admin\Lib\site-packages\django\template\loader_tags.py", line 159, in render
    return compiled_parent._render(context)
           ~~~~~~~~~~~~~~~~~~~~~~~^^^^^^^^^
  File "C:\Users\T.SHIGARAKI\Desktop\Projet-Bibliotheque-daniel\projet-bibliotheque-admin\venv_admin\Lib\site-packages\django\template\base.py", line 163, in _render
    return self.nodelist.render(context)
           ~~~~~~~~~~~~~~~~~~~~^^^^^^^^^
  File "C:\Users\T.SHIGARAKI\Desktop\Projet-Bibliotheque-daniel\projet-bibliotheque-admin\venv_admin\Lib\site-packages\django\template\base.py", line 1016, in render
    return SafeString("".join([node.render_annotated(context) for node in self]))
                               ~~~~~~~~~~~~~~~~~~~~~^^^^^^^^^
  File "C:\Users\T.SHIGARAKI\Desktop\Projet-Bibliotheque-daniel\projet-bibliotheque-admin\venv_admin\Lib\site-packages\django\template\base.py", line 977, in render_annotated
    return self.render(context)
           ~~~~~~~~~~~^^^^^^^^^
  File "C:\Users\T.SHIGARAKI\Desktop\Projet-Bibliotheque-daniel\projet-bibliotheque-admin\venv_admin\Lib\site-packages\django\template\loader_tags.py", line 65, in render
    result = block.nodelist.render(context)
  File "C:\Users\T.SHIGARAKI\Desktop\Projet-Bibliotheque-daniel\projet-bibliotheque-admin\venv_admin\Lib\site-packages\django\template\base.py", line 1016, in render
    return SafeString("".join([node.render_annotated(context) for node in self]))
                               ~~~~~~~~~~~~~~~~~~~~~^^^^^^^^^
  File "C:\Users\T.SHIGARAKI\Desktop\Projet-Bibliotheque-daniel\projet-bibliotheque-admin\venv_admin\Lib\site-packages\django\template\base.py", line 977, in render_annotated
    return self.render(context)
           ~~~~~~~~~~~^^^^^^^^^
  File "C:\Users\T.SHIGARAKI\Desktop\Projet-Bibliotheque-daniel\projet-bibliotheque-admin\venv_admin\Lib\site-packages\django\template\defaulttags.py", line 480, in render
    url = reverse(view_name, args=args, kwargs=kwargs, current_app=current_app)
  File "C:\Users\T.SHIGARAKI\Desktop\Projet-Bibliotheque-daniel\projet-bibliotheque-admin\venv_admin\Lib\site-packages\django\urls\base.py", line 98, in reverse
    resolved_url = resolver._reverse_with_prefix(view, prefix, *args, **kwargs)
  File "C:\Users\T.SHIGARAKI\Desktop\Projet-Bibliotheque-daniel\projet-bibliotheque-admin\venv_admin\Lib\site-packages\django\urls\resolvers.py", line 831, in _reverse_with_prefix
    raise NoReverseMatch(msg)
django.urls.exceptions.NoReverseMatch: Reverse for 'add_book' not found. 'add_book' is not a valid view function or pattern name.
Notification count: total=0
Internal Server Error: /books/add/
Traceback (most recent call last):
  File "C:\Users\T.SHIGARAKI\Desktop\Projet-Bibliotheque-daniel\projet-bibliotheque-admin\venv_admin\Lib\site-packages\django\core\handlers\exception.py", line 55, in inner
    response = get_response(request)
  File "C:\Users\T.SHIGARAKI\Desktop\Projet-Bibliotheque-daniel\projet-bibliotheque-admin\venv_admin\Lib\site-packages\django\core\handlers\base.py", line 197, in _get_response
    response = wrapped_callback(request, *callback_args, **callback_kwargs)
  File "C:\Users\T.SHIGARAKI\Desktop\Projet-Bibliotheque-daniel\projet-bibliotheque-admin\books\views.py", line 114, in add_book
    return render(request, 'books/add_book.html', {
        'form': form,
        'redirect_url': reverse('books:librarian_dashboard')
    })
  File "C:\Users\T.SHIGARAKI\Desktop\Projet-Bibliotheque-daniel\projet-bibliotheque-admin\venv_admin\Lib\site-packages\django\shortcuts.py", line 25, in render
    content = loader.render_to_string(template_name, context, request, using=using)
  File "C:\Users\T.SHIGARAKI\Desktop\Projet-Bibliotheque-daniel\projet-bibliotheque-admin\venv_admin\Lib\site-packages\django\template\loader.py", line 62, in render_to_string
    return template.render(context, request)
           ~~~~~~~~~~~~~~~^^^^^^^^^^^^^^^^^^
  File "C:\Users\T.SHIGARAKI\Desktop\Projet-Bibliotheque-daniel\projet-bibliotheque-admin\venv_admin\Lib\site-packages\django\template\backends\django.py", line 107, in render
    return self.template.render(context)
           ~~~~~~~~~~~~~~~~~~~~^^^^^^^^^
  File "C:\Users\T.SHIGARAKI\Desktop\Projet-Bibliotheque-daniel\projet-bibliotheque-admin\venv_admin\Lib\site-packages\django\template\base.py", line 171, in render
    return self._render(context)
           ~~~~~~~~~~~~^^^^^^^^^
  File "C:\Users\T.SHIGARAKI\Desktop\Projet-Bibliotheque-daniel\projet-bibliotheque-admin\venv_admin\Lib\site-packages\django\template\base.py", line 163, in _render
    return self.nodelist.render(context)
           ~~~~~~~~~~~~~~~~~~~~^^^^^^^^^
  File "C:\Users\T.SHIGARAKI\Desktop\Projet-Bibliotheque-daniel\projet-bibliotheque-admin\venv_admin\Lib\site-packages\django\template\base.py", line 1016, in render
    return SafeString("".join([node.render_annotated(context) for node in self]))
                               ~~~~~~~~~~~~~~~~~~~~~^^^^^^^^^
  File "C:\Users\T.SHIGARAKI\Desktop\Projet-Bibliotheque-daniel\projet-bibliotheque-admin\venv_admin\Lib\site-packages\django\template\base.py", line 977, in render_annotated
    return self.render(context)
           ~~~~~~~~~~~^^^^^^^^^
  File "C:\Users\T.SHIGARAKI\Desktop\Projet-Bibliotheque-daniel\projet-bibliotheque-admin\venv_admin\Lib\site-packages\django\template\loader_tags.py", line 159, in render
    return compiled_parent._render(context)
           ~~~~~~~~~~~~~~~~~~~~~~~^^^^^^^^^
  File "C:\Users\T.SHIGARAKI\Desktop\Projet-Bibliotheque-daniel\projet-bibliotheque-admin\venv_admin\Lib\site-packages\django\template\base.py", line 163, in _render
    return self.nodelist.render(context)
           ~~~~~~~~~~~~~~~~~~~~^^^^^^^^^
  File "C:\Users\T.SHIGARAKI\Desktop\Projet-Bibliotheque-daniel\projet-bibliotheque-admin\venv_admin\Lib\site-packages\django\template\base.py", line 1016, in render
    return SafeString("".join([node.render_annotated(context) for node in self]))
                               ~~~~~~~~~~~~~~~~~~~~~^^^^^^^^^
  File "C:\Users\T.SHIGARAKI\Desktop\Projet-Bibliotheque-daniel\projet-bibliotheque-admin\venv_admin\Lib\site-packages\django\template\base.py", line 977, in render_annotated
    return self.render(context)
           ~~~~~~~~~~~^^^^^^^^^
  File "C:\Users\T.SHIGARAKI\Desktop\Projet-Bibliotheque-daniel\projet-bibliotheque-admin\venv_admin\Lib\site-packages\django\template\loader_tags.py", line 65, in render
    result = block.nodelist.render(context)
  File "C:\Users\T.SHIGARAKI\Desktop\Projet-Bibliotheque-daniel\projet-bibliotheque-admin\venv_admin\Lib\site-packages\django\template\base.py", line 1016, in render
    return SafeString("".join([node.render_annotated(context) for node in self]))
                               ~~~~~~~~~~~~~~~~~~~~~^^^^^^^^^
  File "C:\Users\T.SHIGARAKI\Desktop\Projet-Bibliotheque-daniel\projet-bibliotheque-admin\venv_admin\Lib\site-packages\django\template\base.py", line 977, in render_annotated
    return self.render(context)
           ~~~~~~~~~~~^^^^^^^^^
  File "C:\Users\T.SHIGARAKI\Desktop\Projet-Bibliotheque-daniel\projet-bibliotheque-admin\venv_admin\Lib\site-packages\django\template\defaulttags.py", line 480, in render
    url = reverse(view_name, args=args, kwargs=kwargs, current_app=current_app)
  File "C:\Users\T.SHIGARAKI\Desktop\Projet-Bibliotheque-daniel\projet-bibliotheque-admin\venv_admin\Lib\site-packages\django\urls\base.py", line 98, in reverse
    resolved_url = resolver._reverse_with_prefix(view, prefix, *args, **kwargs)
  File "C:\Users\T.SHIGARAKI\Desktop\Projet-Bibliotheque-daniel\projet-bibliotheque-admin\venv_admin\Lib\site-packages\django\urls\resolvers.py", line 831, in _reverse_with_prefix
    raise NoReverseMatch(msg)
django.urls.exceptions.NoReverseMatch: Reverse for 'librarian_dashboard' not found. 'librarian_dashboard' is not a valid view function or pattern name.
Notification count: total=0
Notification count: total=0
Notification count: total=0
Notification count: total=0
Notification count: total=0
Notification count: total=0
Notification count: total=0
Notification count: total=0
Notification count: total=0
Notification count: total=0
Notification count: total=0
Notification count: total=0
Notification count: total=0
Notification count: total=0
Notification count: total=0
Notification count: total=0
Notification count: total=0
Notification count: total=0
Notification count: total=0
Notification count: total=0
Notification count: total=0
Watching for file changes with StatReloader
Notification count: total=0
Notification count: total=0
C:\Users\T.SHIGARAKI\Desktop\Projet-Bibliotheque-daniel\Projet-bibliotheque-admin\books\models.py changed, reloading.
Watching for file changes with StatReloader
Notification count: total=0
Notification count: total=0
Notification count: total=0
Notification count: total=0
Notification count: total=0
Notification count: total=0
Notification count: total=0
Notification count: total=0
Notification count: total=0
Notification count: total=0
C:\Users\T.SHIGARAKI\Desktop\Projet-Bibliotheque-daniel\Projet-bibliotheque-admin\books\views.py changed, reloading.
Watching for file changes with StatReloader
Notification count: total=0
Notification count: total=0
Notification count: total=0
Notification count: total=0
Notification count: total=0
Notification count: total=0
C:\Users\T.SHIGARAKI\Desktop\Projet-Bibliotheque-daniel\Projet-bibliotheque-admin\books\views.py changed, reloading.
Watching for file changes with StatReloader
Notification count: total=0
C:\Users\T.SHIGARAKI\Desktop\Projet-Bibliotheque-daniel\Projet-bibliotheque-admin\books\views.py changed, reloading.
Watching for file changes with StatReloader
Notification count: total=0
Notification count: total=0
Notification count: total=0
Notification count: total=0
C:\Users\T.SHIGARAKI\Desktop\Projet-Bibliotheque-daniel\Projet-bibliotheque-admin\books\views.py changed, reloading.
Watching for file changes with StatReloader
C:\Users\T.SHIGARAKI\Desktop\Projet-Bibliotheque-daniel\Projet-bibliotheque-admin\books\views.py changed, reloading.
Watching for file changes with StatReloader
Notification count: total=0
Notification count: total=0
Notification count: total=0
Notification count: total=0
Notification count: total=0
Notification count: total=0
Notification count: total=0
C:\Users\T.SHIGARAKI\Desktop\Projet-Bibliotheque-daniel\Projet-bibliotheque-admin\books\views.py changed, reloading.
Watching for file changes with StatReloader
C:\Users\T.SHIGARAKI\Desktop\Projet-Bibliotheque-daniel\Projet-bibliotheque-admin\books\views.py changed, reloading.
Watching for file changes with StatReloader
C:\Users\T.SHIGARAKI\Desktop\Projet-Bibliotheque-daniel\Projet-bibliotheque-admin\books\views.py changed, reloading.
Watching for file changes with StatReloader
C:\Users\T.SHIGARAKI\Desktop\Projet-Bibliotheque-daniel\Projet-bibliotheque-admin\books\views.py changed, reloading.
Watching for file changes with StatReloader
Notification count: total=0
Notification count: total=0
Notification count: total=0
Notification count: total=0
Notification count: total=0
Notification count: total=0
Notification count: total=0
Watching for file changes with StatReloader
Notification count: total=0
Notification count: total=0
Notification count: total=0
Notification count: total=0
Notification count: total=0
Notification count: total=0
Notification count: total=0
Notification count: total=0
Notification count: total=0
Notification count: total=0
Notification count: total=0
Notification count: total=0
Notification count: total=0
Watching for file changes with StatReloader
Watching for file changes with StatReloader
Notification count: total=0
Notification count: total=0
Notification count: total=0
C:\Users\T.SHIGARAKI\Desktop\Projet-Bibliotheque-daniel\Projet-bibliotheque-admin\books\views.py changed, reloading.
Watching for file changes with StatReloader
C:\Users\T.SHIGARAKI\Desktop\Projet-Bibliotheque-daniel\Projet-bibliotheque-admin\books\views.py changed, reloading.
Watching for file changes with StatReloader
C:\Users\T.SHIGARAKI\Desktop\Projet-Bibliotheque-daniel\Projet-bibliotheque-admin\books\views.py changed, reloading.
Watching for file changes with StatReloader
Notification count: total=0
Notification count: total=0
Notification count: total=0
Notification count: total=0
Notification count: total=0
Notification count: total=0
Notification count: total=0
Notification count: total=0
Notification count: total=0
Notification count: total=0
C:\Users\T.SHIGARAKI\Desktop\Projet-Bibliotheque-daniel\Projet-bibliotheque-admin\books\views.py changed, reloading.
Watching for file changes with StatReloader
Notification count: total=0
Notification count: total=0
Notification count: total=0
Notification count: total=0
Notification count: total=0
Internal Server Error: /books/select-category/
Traceback (most recent call last):
  File "C:\Users\T.SHIGARAKI\Desktop\Projet-Bibliotheque-daniel\projet-bibliotheque-admin\venv_admin\Lib\site-packages\django\core\handlers\exception.py", line 55, in inner
    response = get_response(request)
  File "C:\Users\T.SHIGARAKI\Desktop\Projet-Bibliotheque-daniel\projet-bibliotheque-admin\venv_admin\Lib\site-packages\django\core\handlers\base.py", line 197, in _get_response
    response = wrapped_callback(request, *callback_args, **callback_kwargs)
  File "C:\Users\T.SHIGARAKI\Desktop\Projet-Bibliotheque-daniel\projet-bibliotheque-admin\venv_admin\Lib\site-packages\django\contrib\auth\decorators.py", line 59, in _view_wrapper
    return view_func(request, *args, **kwargs)
  File "C:\Users\T.SHIGARAKI\Desktop\Projet-Bibliotheque-daniel\projet-bibliotheque-admin\books\views.py", line 73, in select_document_category
    return redirect('books:add_document', document_type=document_type, academic_level=academic_level)
  File "C:\Users\T.SHIGARAKI\Desktop\Projet-Bibliotheque-daniel\projet-bibliotheque-admin\venv_admin\Lib\site-packages\django\shortcuts.py", line 51, in redirect
    resolve_url(to, *args, **kwargs),
    ~~~~~~~~~~~^^^^^^^^^^^^^^^^^^^^^
  File "C:\Users\T.SHIGARAKI\Desktop\Projet-Bibliotheque-daniel\projet-bibliotheque-admin\venv_admin\Lib\site-packages\django\shortcuts.py", line 184, in resolve_url
    return reverse(to, args=args, kwargs=kwargs)
  File "C:\Users\T.SHIGARAKI\Desktop\Projet-Bibliotheque-daniel\projet-bibliotheque-admin\venv_admin\Lib\site-packages\django\urls\base.py", line 98, in reverse
    resolved_url = resolver._reverse_with_prefix(view, prefix, *args, **kwargs)
  File "C:\Users\T.SHIGARAKI\Desktop\Projet-Bibliotheque-daniel\projet-bibliotheque-admin\venv_admin\Lib\site-packages\django\urls\resolvers.py", line 831, in _reverse_with_prefix
    raise NoReverseMatch(msg)
django.urls.exceptions.NoReverseMatch: Reverse for 'add_document' with keyword arguments '{'document_type': 'exam', 'academic_level': 'D'}' not found. 1 pattern(s) tried: ['books/add\\-document/\\Z']
Internal Server Error: /books/select-category/
Traceback (most recent call last):
  File "C:\Users\T.SHIGARAKI\Desktop\Projet-Bibliotheque-daniel\projet-bibliotheque-admin\venv_admin\Lib\site-packages\django\core\handlers\exception.py", line 55, in inner
    response = get_response(request)
  File "C:\Users\T.SHIGARAKI\Desktop\Projet-Bibliotheque-daniel\projet-bibliotheque-admin\venv_admin\Lib\site-packages\django\core\handlers\base.py", line 197, in _get_response
    response = wrapped_callback(request, *callback_args, **callback_kwargs)
  File "C:\Users\T.SHIGARAKI\Desktop\Projet-Bibliotheque-daniel\projet-bibliotheque-admin\venv_admin\Lib\site-packages\django\contrib\auth\decorators.py", line 59, in _view_wrapper
    return view_func(request, *args, **kwargs)
  File "C:\Users\T.SHIGARAKI\Desktop\Projet-Bibliotheque-daniel\projet-bibliotheque-admin\books\views.py", line 73, in select_document_category
    return redirect('books:add_document', document_type=document_type, academic_level=academic_level)
  File "C:\Users\T.SHIGARAKI\Desktop\Projet-Bibliotheque-daniel\projet-bibliotheque-admin\venv_admin\Lib\site-packages\django\shortcuts.py", line 51, in redirect
    resolve_url(to, *args, **kwargs),
    ~~~~~~~~~~~^^^^^^^^^^^^^^^^^^^^^
  File "C:\Users\T.SHIGARAKI\Desktop\Projet-Bibliotheque-daniel\projet-bibliotheque-admin\venv_admin\Lib\site-packages\django\shortcuts.py", line 184, in resolve_url
    return reverse(to, args=args, kwargs=kwargs)
  File "C:\Users\T.SHIGARAKI\Desktop\Projet-Bibliotheque-daniel\projet-bibliotheque-admin\venv_admin\Lib\site-packages\django\urls\base.py", line 98, in reverse
    resolved_url = resolver._reverse_with_prefix(view, prefix, *args, **kwargs)
  File "C:\Users\T.SHIGARAKI\Desktop\Projet-Bibliotheque-daniel\projet-bibliotheque-admin\venv_admin\Lib\site-packages\django\urls\resolvers.py", line 831, in _reverse_with_prefix
    raise NoReverseMatch(msg)
django.urls.exceptions.NoReverseMatch: Reverse for 'add_document' with keyword arguments '{'document_type': 'course', 'academic_level': 'L2'}' not found. 1 pattern(s) tried: ['books/add\\-document/\\Z']
Notification count: total=0
Internal Server Error: /books/select-category/
Traceback (most recent call last):
  File "C:\Users\T.SHIGARAKI\Desktop\Projet-Bibliotheque-daniel\projet-bibliotheque-admin\venv_admin\Lib\site-packages\django\core\handlers\exception.py", line 55, in inner
    response = get_response(request)
  File "C:\Users\T.SHIGARAKI\Desktop\Projet-Bibliotheque-daniel\projet-bibliotheque-admin\venv_admin\Lib\site-packages\django\core\handlers\base.py", line 197, in _get_response
    response = wrapped_callback(request, *callback_args, **callback_kwargs)
  File "C:\Users\T.SHIGARAKI\Desktop\Projet-Bibliotheque-daniel\projet-bibliotheque-admin\venv_admin\Lib\site-packages\django\contrib\auth\decorators.py", line 59, in _view_wrapper
    return view_func(request, *args, **kwargs)
  File "C:\Users\T.SHIGARAKI\Desktop\Projet-Bibliotheque-daniel\projet-bibliotheque-admin\books\views.py", line 73, in select_document_category
    return redirect('books:add_document', document_type=document_type, academic_level=academic_level)
  File "C:\Users\T.SHIGARAKI\Desktop\Projet-Bibliotheque-daniel\projet-bibliotheque-admin\venv_admin\Lib\site-packages\django\shortcuts.py", line 51, in redirect
    resolve_url(to, *args, **kwargs),
    ~~~~~~~~~~~^^^^^^^^^^^^^^^^^^^^^
  File "C:\Users\T.SHIGARAKI\Desktop\Projet-Bibliotheque-daniel\projet-bibliotheque-admin\venv_admin\Lib\site-packages\django\shortcuts.py", line 184, in resolve_url
    return reverse(to, args=args, kwargs=kwargs)
  File "C:\Users\T.SHIGARAKI\Desktop\Projet-Bibliotheque-daniel\projet-bibliotheque-admin\venv_admin\Lib\site-packages\django\urls\base.py", line 98, in reverse
    resolved_url = resolver._reverse_with_prefix(view, prefix, *args, **kwargs)
  File "C:\Users\T.SHIGARAKI\Desktop\Projet-Bibliotheque-daniel\projet-bibliotheque-admin\venv_admin\Lib\site-packages\django\urls\resolvers.py", line 831, in _reverse_with_prefix
    raise NoReverseMatch(msg)
django.urls.exceptions.NoReverseMatch: Reverse for 'add_document' with keyword arguments '{'document_type': 'article', 'academic_level': 'L2'}' not found. 1 pattern(s) tried: ['books/add\\-document/\\Z']
Notification count: total=0
Notification count: total=0
Notification count: total=0
Notification count: total=0
Notification count: total=0
Notification count: total=0
Watching for file changes with StatReloader
Notification count: total=0
Notification count: total=0
Not Found: /favicon.ico
Internal Server Error: /books/select-category/
Traceback (most recent call last):
  File "C:\Users\T.SHIGARAKI\Desktop\Projet-Bibliotheque-daniel\projet-bibliotheque-admin\venv_admin\Lib\site-packages\django\core\handlers\exception.py", line 55, in inner
    response = get_response(request)
  File "C:\Users\T.SHIGARAKI\Desktop\Projet-Bibliotheque-daniel\projet-bibliotheque-admin\venv_admin\Lib\site-packages\django\core\handlers\base.py", line 197, in _get_response
    response = wrapped_callback(request, *callback_args, **callback_kwargs)
  File "C:\Users\T.SHIGARAKI\Desktop\Projet-Bibliotheque-daniel\projet-bibliotheque-admin\venv_admin\Lib\site-packages\django\contrib\auth\decorators.py", line 59, in _view_wrapper
    return view_func(request, *args, **kwargs)
  File "C:\Users\T.SHIGARAKI\Desktop\Projet-Bibliotheque-daniel\projet-bibliotheque-admin\books\views.py", line 73, in select_document_category
    return redirect('books:add_document', document_type=document_type, academic_level=academic_level)
  File "C:\Users\T.SHIGARAKI\Desktop\Projet-Bibliotheque-daniel\projet-bibliotheque-admin\venv_admin\Lib\site-packages\django\shortcuts.py", line 51, in redirect
    resolve_url(to, *args, **kwargs),
    ~~~~~~~~~~~^^^^^^^^^^^^^^^^^^^^^
  File "C:\Users\T.SHIGARAKI\Desktop\Projet-Bibliotheque-daniel\projet-bibliotheque-admin\venv_admin\Lib\site-packages\django\shortcuts.py", line 184, in resolve_url
    return reverse(to, args=args, kwargs=kwargs)
  File "C:\Users\T.SHIGARAKI\Desktop\Projet-Bibliotheque-daniel\projet-bibliotheque-admin\venv_admin\Lib\site-packages\django\urls\base.py", line 98, in reverse
    resolved_url = resolver._reverse_with_prefix(view, prefix, *args, **kwargs)
  File "C:\Users\T.SHIGARAKI\Desktop\Projet-Bibliotheque-daniel\projet-bibliotheque-admin\venv_admin\Lib\site-packages\django\urls\resolvers.py", line 831, in _reverse_with_prefix
    raise NoReverseMatch(msg)
django.urls.exceptions.NoReverseMatch: Reverse for 'add_document' with keyword arguments '{'document_type': 'exam', 'academic_level': 'L2'}' not found. 1 pattern(s) tried: ['books/add\\-document/\\Z']
Watching for file changes with StatReloader
Notification count: total=0
Notification count: total=0
Notification count: total=0
Internal Server Error: /books/select-category/
Traceback (most recent call last):
  File "C:\Users\T.SHIGARAKI\Desktop\Projet-Bibliotheque-daniel\projet-bibliotheque-admin\venv_admin\Lib\site-packages\django\core\handlers\exception.py", line 55, in inner
    response = get_response(request)
  File "C:\Users\T.SHIGARAKI\Desktop\Projet-Bibliotheque-daniel\projet-bibliotheque-admin\venv_admin\Lib\site-packages\django\core\handlers\base.py", line 197, in _get_response
    response = wrapped_callback(request, *callback_args, **callback_kwargs)
  File "C:\Users\T.SHIGARAKI\Desktop\Projet-Bibliotheque-daniel\projet-bibliotheque-admin\venv_admin\Lib\site-packages\django\contrib\auth\decorators.py", line 59, in _view_wrapper
    return view_func(request, *args, **kwargs)
  File "C:\Users\T.SHIGARAKI\Desktop\Projet-Bibliotheque-daniel\projet-bibliotheque-admin\books\views.py", line 73, in select_document_category
    return redirect('books:add_document', document_type=document_type, academic_level=academic_level)
  File "C:\Users\T.SHIGARAKI\Desktop\Projet-Bibliotheque-daniel\projet-bibliotheque-admin\venv_admin\Lib\site-packages\django\shortcuts.py", line 51, in redirect
    resolve_url(to, *args, **kwargs),
    ~~~~~~~~~~~^^^^^^^^^^^^^^^^^^^^^
  File "C:\Users\T.SHIGARAKI\Desktop\Projet-Bibliotheque-daniel\projet-bibliotheque-admin\venv_admin\Lib\site-packages\django\shortcuts.py", line 184, in resolve_url
    return reverse(to, args=args, kwargs=kwargs)
  File "C:\Users\T.SHIGARAKI\Desktop\Projet-Bibliotheque-daniel\projet-bibliotheque-admin\venv_admin\Lib\site-packages\django\urls\base.py", line 98, in reverse
    resolved_url = resolver._reverse_with_prefix(view, prefix, *args, **kwargs)
  File "C:\Users\T.SHIGARAKI\Desktop\Projet-Bibliotheque-daniel\projet-bibliotheque-admin\venv_admin\Lib\site-packages\django\urls\resolvers.py", line 831, in _reverse_with_prefix
    raise NoReverseMatch(msg)
django.urls.exceptions.NoReverseMatch: Reverse for 'add_document' with keyword arguments '{'document_type': 'exam', 'academic_level': 'L2'}' not found. 1 pattern(s) tried: ['books/add\\-document/\\Z']
C:\Users\T.SHIGARAKI\Desktop\Projet-Bibliotheque-daniel\Projet-bibliotheque-admin\books\urls.py changed, reloading.
Watching for file changes with StatReloader
C:\Users\T.SHIGARAKI\Desktop\Projet-Bibliotheque-daniel\Projet-bibliotheque-admin\books\views.py changed, reloading.
Watching for file changes with StatReloader
Not Found: /favicon.ico
Notification count: total=0
Notification count: total=0
Notification count: total=0
Notification count: total=0
Notification count: total=0
Notification count: total=0
Notification count: total=0
Notification count: total=0
Internal Server Error: /books/select-category/
Traceback (most recent call last):
  File "C:\Users\T.SHIGARAKI\Desktop\Projet-Bibliotheque-daniel\projet-bibliotheque-admin\venv_admin\Lib\site-packages\django\core\handlers\exception.py", line 55, in inner
    response = get_response(request)
  File "C:\Users\T.SHIGARAKI\Desktop\Projet-Bibliotheque-daniel\projet-bibliotheque-admin\venv_admin\Lib\site-packages\django\core\handlers\base.py", line 197, in _get_response
    response = wrapped_callback(request, *callback_args, **callback_kwargs)
  File "C:\Users\T.SHIGARAKI\Desktop\Projet-Bibliotheque-daniel\projet-bibliotheque-admin\venv_admin\Lib\site-packages\django\contrib\auth\decorators.py", line 59, in _view_wrapper
    return view_func(request, *args, **kwargs)
  File "C:\Users\T.SHIGARAKI\Desktop\Projet-Bibliotheque-daniel\projet-bibliotheque-admin\books\views.py", line 73, in select_document_category
    return redirect('books:add_document', document_type=document_type, academic_level=academic_level)
  File "C:\Users\T.SHIGARAKI\Desktop\Projet-Bibliotheque-daniel\projet-bibliotheque-admin\venv_admin\Lib\site-packages\django\shortcuts.py", line 51, in redirect
    resolve_url(to, *args, **kwargs),
    ~~~~~~~~~~~^^^^^^^^^^^^^^^^^^^^^
  File "C:\Users\T.SHIGARAKI\Desktop\Projet-Bibliotheque-daniel\projet-bibliotheque-admin\venv_admin\Lib\site-packages\django\shortcuts.py", line 184, in resolve_url
    return reverse(to, args=args, kwargs=kwargs)
  File "C:\Users\T.SHIGARAKI\Desktop\Projet-Bibliotheque-daniel\projet-bibliotheque-admin\venv_admin\Lib\site-packages\django\urls\base.py", line 98, in reverse
    resolved_url = resolver._reverse_with_prefix(view, prefix, *args, **kwargs)
  File "C:\Users\T.SHIGARAKI\Desktop\Projet-Bibliotheque-daniel\projet-bibliotheque-admin\venv_admin\Lib\site-packages\django\urls\resolvers.py", line 831, in _reverse_with_prefix
    raise NoReverseMatch(msg)
django.urls.exceptions.NoReverseMatch: Reverse for 'add_document' with keyword arguments '{'document_type': 'article', 'academic_level': 'N/A'}' not found. 1 pattern(s) tried: ['books/add\\-document/(?P<document_type>[^/]+)/(?P<academic_level>[^/]+)/\\Z']
Notification count: total=0
Notification count: total=0
Internal Server Error: /books/select-category/
Traceback (most recent call last):
  File "C:\Users\T.SHIGARAKI\Desktop\Projet-Bibliotheque-daniel\projet-bibliotheque-admin\venv_admin\Lib\site-packages\django\core\handlers\exception.py", line 55, in inner
    response = get_response(request)
  File "C:\Users\T.SHIGARAKI\Desktop\Projet-Bibliotheque-daniel\projet-bibliotheque-admin\venv_admin\Lib\site-packages\django\core\handlers\base.py", line 197, in _get_response
    response = wrapped_callback(request, *callback_args, **callback_kwargs)
  File "C:\Users\T.SHIGARAKI\Desktop\Projet-Bibliotheque-daniel\projet-bibliotheque-admin\venv_admin\Lib\site-packages\django\contrib\auth\decorators.py", line 59, in _view_wrapper
    return view_func(request, *args, **kwargs)
  File "C:\Users\T.SHIGARAKI\Desktop\Projet-Bibliotheque-daniel\projet-bibliotheque-admin\books\views.py", line 73, in select_document_category
    return redirect('books:add_document', document_type=document_type, academic_level=academic_level)
  File "C:\Users\T.SHIGARAKI\Desktop\Projet-Bibliotheque-daniel\projet-bibliotheque-admin\venv_admin\Lib\site-packages\django\shortcuts.py", line 51, in redirect
    resolve_url(to, *args, **kwargs),
    ~~~~~~~~~~~^^^^^^^^^^^^^^^^^^^^^
  File "C:\Users\T.SHIGARAKI\Desktop\Projet-Bibliotheque-daniel\projet-bibliotheque-admin\venv_admin\Lib\site-packages\django\shortcuts.py", line 184, in resolve_url
    return reverse(to, args=args, kwargs=kwargs)
  File "C:\Users\T.SHIGARAKI\Desktop\Projet-Bibliotheque-daniel\projet-bibliotheque-admin\venv_admin\Lib\site-packages\django\urls\base.py", line 98, in reverse
    resolved_url = resolver._reverse_with_prefix(view, prefix, *args, **kwargs)
  File "C:\Users\T.SHIGARAKI\Desktop\Projet-Bibliotheque-daniel\projet-bibliotheque-admin\venv_admin\Lib\site-packages\django\urls\resolvers.py", line 831, in _reverse_with_prefix
    raise NoReverseMatch(msg)
django.urls.exceptions.NoReverseMatch: Reverse for 'add_document' with keyword arguments '{'document_type': 'exam', 'academic_level': 'N/A'}' not found. 1 pattern(s) tried: ['books/add\\-document/(?P<document_type>[^/]+)/(?P<academic_level>[^/]+)/\\Z']
Notification count: total=0
Notification count: total=0
Notification count: total=0
Notification count: total=0
Internal Server Error: /books/select-category/
Traceback (most recent call last):
  File "C:\Users\T.SHIGARAKI\Desktop\Projet-Bibliotheque-daniel\projet-bibliotheque-admin\venv_admin\Lib\site-packages\django\core\handlers\exception.py", line 55, in inner
    response = get_response(request)
  File "C:\Users\T.SHIGARAKI\Desktop\Projet-Bibliotheque-daniel\projet-bibliotheque-admin\venv_admin\Lib\site-packages\django\core\handlers\base.py", line 197, in _get_response
    response = wrapped_callback(request, *callback_args, **callback_kwargs)
  File "C:\Users\T.SHIGARAKI\Desktop\Projet-Bibliotheque-daniel\projet-bibliotheque-admin\venv_admin\Lib\site-packages\django\contrib\auth\decorators.py", line 59, in _view_wrapper
    return view_func(request, *args, **kwargs)
  File "C:\Users\T.SHIGARAKI\Desktop\Projet-Bibliotheque-daniel\projet-bibliotheque-admin\books\views.py", line 73, in select_document_category
    return redirect('books:add_document', document_type=document_type, academic_level=academic_level)
  File "C:\Users\T.SHIGARAKI\Desktop\Projet-Bibliotheque-daniel\projet-bibliotheque-admin\venv_admin\Lib\site-packages\django\shortcuts.py", line 51, in redirect
    resolve_url(to, *args, **kwargs),
    ~~~~~~~~~~~^^^^^^^^^^^^^^^^^^^^^
  File "C:\Users\T.SHIGARAKI\Desktop\Projet-Bibliotheque-daniel\projet-bibliotheque-admin\venv_admin\Lib\site-packages\django\shortcuts.py", line 184, in resolve_url
    return reverse(to, args=args, kwargs=kwargs)
  File "C:\Users\T.SHIGARAKI\Desktop\Projet-Bibliotheque-daniel\projet-bibliotheque-admin\venv_admin\Lib\site-packages\django\urls\base.py", line 98, in reverse
    resolved_url = resolver._reverse_with_prefix(view, prefix, *args, **kwargs)
  File "C:\Users\T.SHIGARAKI\Desktop\Projet-Bibliotheque-daniel\projet-bibliotheque-admin\venv_admin\Lib\site-packages\django\urls\resolvers.py", line 831, in _reverse_with_prefix
    raise NoReverseMatch(msg)
django.urls.exceptions.NoReverseMatch: Reverse for 'add_document' with keyword arguments '{'document_type': 'article', 'academic_level': 'N/A'}' not found. 1 pattern(s) tried: ['books/add\\-document/(?P<document_type>[^/]+)/(?P<academic_level>[^/]+)/\\Z']
Notification count: total=0
Notification count: total=0
Notification count: total=0
Internal Server Error: /books/select-category/
Traceback (most recent call last):
  File "C:\Users\T.SHIGARAKI\Desktop\Projet-Bibliotheque-daniel\projet-bibliotheque-admin\venv_admin\Lib\site-packages\django\core\handlers\exception.py", line 55, in inner
    response = get_response(request)
  File "C:\Users\T.SHIGARAKI\Desktop\Projet-Bibliotheque-daniel\projet-bibliotheque-admin\venv_admin\Lib\site-packages\django\core\handlers\base.py", line 197, in _get_response
    response = wrapped_callback(request, *callback_args, **callback_kwargs)
  File "C:\Users\T.SHIGARAKI\Desktop\Projet-Bibliotheque-daniel\projet-bibliotheque-admin\venv_admin\Lib\site-packages\django\contrib\auth\decorators.py", line 59, in _view_wrapper
    return view_func(request, *args, **kwargs)
  File "C:\Users\T.SHIGARAKI\Desktop\Projet-Bibliotheque-daniel\projet-bibliotheque-admin\books\views.py", line 73, in select_document_category
    return redirect('books:add_document', document_type=document_type, academic_level=academic_level)
  File "C:\Users\T.SHIGARAKI\Desktop\Projet-Bibliotheque-daniel\projet-bibliotheque-admin\venv_admin\Lib\site-packages\django\shortcuts.py", line 51, in redirect
    resolve_url(to, *args, **kwargs),
    ~~~~~~~~~~~^^^^^^^^^^^^^^^^^^^^^
  File "C:\Users\T.SHIGARAKI\Desktop\Projet-Bibliotheque-daniel\projet-bibliotheque-admin\venv_admin\Lib\site-packages\django\shortcuts.py", line 184, in resolve_url
    return reverse(to, args=args, kwargs=kwargs)
  File "C:\Users\T.SHIGARAKI\Desktop\Projet-Bibliotheque-daniel\projet-bibliotheque-admin\venv_admin\Lib\site-packages\django\urls\base.py", line 98, in reverse
    resolved_url = resolver._reverse_with_prefix(view, prefix, *args, **kwargs)
  File "C:\Users\T.SHIGARAKI\Desktop\Projet-Bibliotheque-daniel\projet-bibliotheque-admin\venv_admin\Lib\site-packages\django\urls\resolvers.py", line 831, in _reverse_with_prefix
    raise NoReverseMatch(msg)
django.urls.exceptions.NoReverseMatch: Reverse for 'add_document' with keyword arguments '{'document_type': 'exam', 'academic_level': 'N/A'}' not found. 1 pattern(s) tried: ['books/add\\-document/(?P<document_type>[^/]+)/(?P<academic_level>[^/]+)/\\Z']
C:\Users\T.SHIGARAKI\Desktop\Projet-Bibliotheque-daniel\Projet-bibliotheque-admin\books\models.py changed, reloading.
Watching for file changes with StatReloader
C:\Users\T.SHIGARAKI\Desktop\Projet-Bibliotheque-daniel\Projet-bibliotheque-admin\books\models.py changed, reloading.
Watching for file changes with StatReloader
C:\Users\T.SHIGARAKI\Desktop\Projet-Bibliotheque-daniel\Projet-bibliotheque-admin\books\models.py changed, reloading.
Watching for file changes with StatReloader
C:\Users\T.SHIGARAKI\Desktop\Projet-Bibliotheque-daniel\Projet-bibliotheque-admin\books\views.py changed, reloading.
Watching for file changes with StatReloader
C:\Users\T.SHIGARAKI\Desktop\Projet-Bibliotheque-daniel\Projet-bibliotheque-admin\books\urls.py changed, reloading.
Watching for file changes with StatReloader
Watching for file changes with StatReloader
Internal Server Error: /books/select-category/
Traceback (most recent call last):
  File "C:\Users\T.SHIGARAKI\Desktop\Projet-Bibliotheque-daniel\projet-bibliotheque-admin\venv_admin\Lib\site-packages\django\core\handlers\exception.py", line 55, in inner
    response = get_response(request)
  File "C:\Users\T.SHIGARAKI\Desktop\Projet-Bibliotheque-daniel\projet-bibliotheque-admin\venv_admin\Lib\site-packages\django\core\handlers\base.py", line 197, in _get_response
    response = wrapped_callback(request, *callback_args, **callback_kwargs)
  File "C:\Users\T.SHIGARAKI\Desktop\Projet-Bibliotheque-daniel\projet-bibliotheque-admin\venv_admin\Lib\site-packages\django\contrib\auth\decorators.py", line 59, in _view_wrapper
    return view_func(request, *args, **kwargs)
  File "C:\Users\T.SHIGARAKI\Desktop\Projet-Bibliotheque-daniel\projet-bibliotheque-admin\books\views.py", line 64, in select_document_category
    logger.debug(f"POST data: document_type={document_type}, academic_level={academic_level}")
    ^^^^^^
NameError: name 'logger' is not defined
Notification count: total=0
Internal Server Error: /books/select-category/
Traceback (most recent call last):
  File "C:\Users\T.SHIGARAKI\Desktop\Projet-Bibliotheque-daniel\projet-bibliotheque-admin\venv_admin\Lib\site-packages\django\core\handlers\exception.py", line 55, in inner
    response = get_response(request)
  File "C:\Users\T.SHIGARAKI\Desktop\Projet-Bibliotheque-daniel\projet-bibliotheque-admin\venv_admin\Lib\site-packages\django\core\handlers\base.py", line 197, in _get_response
    response = wrapped_callback(request, *callback_args, **callback_kwargs)
  File "C:\Users\T.SHIGARAKI\Desktop\Projet-Bibliotheque-daniel\projet-bibliotheque-admin\venv_admin\Lib\site-packages\django\contrib\auth\decorators.py", line 59, in _view_wrapper
    return view_func(request, *args, **kwargs)
  File "C:\Users\T.SHIGARAKI\Desktop\Projet-Bibliotheque-daniel\projet-bibliotheque-admin\books\views.py", line 64, in select_document_category
    logger.debug(f"POST data: document_type={document_type}, academic_level={academic_level}")
    ^^^^^^
NameError: name 'logger' is not defined
Internal Server Error: /books/select-category/
Traceback (most recent call last):
  File "C:\Users\T.SHIGARAKI\Desktop\Projet-Bibliotheque-daniel\projet-bibliotheque-admin\venv_admin\Lib\site-packages\django\core\handlers\exception.py", line 55, in inner
    response = get_response(request)
  File "C:\Users\T.SHIGARAKI\Desktop\Projet-Bibliotheque-daniel\projet-bibliotheque-admin\venv_admin\Lib\site-packages\django\core\handlers\base.py", line 197, in _get_response
    response = wrapped_callback(request, *callback_args, **callback_kwargs)
  File "C:\Users\T.SHIGARAKI\Desktop\Projet-Bibliotheque-daniel\projet-bibliotheque-admin\venv_admin\Lib\site-packages\django\contrib\auth\decorators.py", line 59, in _view_wrapper
    return view_func(request, *args, **kwargs)
  File "C:\Users\T.SHIGARAKI\Desktop\Projet-Bibliotheque-daniel\projet-bibliotheque-admin\books\views.py", line 64, in select_document_category
    logger.debug(f"POST data: document_type={document_type}, academic_level={academic_level}")
    ^^^^^^
NameError: name 'logger' is not defined
Internal Server Error: /books/select-category/
Traceback (most recent call last):
  File "C:\Users\T.SHIGARAKI\Desktop\Projet-Bibliotheque-daniel\projet-bibliotheque-admin\venv_admin\Lib\site-packages\django\core\handlers\exception.py", line 55, in inner
    response = get_response(request)
  File "C:\Users\T.SHIGARAKI\Desktop\Projet-Bibliotheque-daniel\projet-bibliotheque-admin\venv_admin\Lib\site-packages\django\core\handlers\base.py", line 197, in _get_response
    response = wrapped_callback(request, *callback_args, **callback_kwargs)
  File "C:\Users\T.SHIGARAKI\Desktop\Projet-Bibliotheque-daniel\projet-bibliotheque-admin\venv_admin\Lib\site-packages\django\contrib\auth\decorators.py", line 59, in _view_wrapper
    return view_func(request, *args, **kwargs)
  File "C:\Users\T.SHIGARAKI\Desktop\Projet-Bibliotheque-daniel\projet-bibliotheque-admin\books\views.py", line 64, in select_document_category
    logger.debug(f"POST data: document_type={document_type}, academic_level={academic_level}")
    ^^^^^^
NameError: name 'logger' is not defined
Notification count: total=0
Notification count: total=0
Notification count: total=0
Notification count: total=0
Internal Server Error: /books/select-category/
Traceback (most recent call last):
  File "C:\Users\T.SHIGARAKI\Desktop\Projet-Bibliotheque-daniel\projet-bibliotheque-admin\venv_admin\Lib\site-packages\django\core\handlers\exception.py", line 55, in inner
    response = get_response(request)
  File "C:\Users\T.SHIGARAKI\Desktop\Projet-Bibliotheque-daniel\projet-bibliotheque-admin\venv_admin\Lib\site-packages\django\core\handlers\base.py", line 197, in _get_response
    response = wrapped_callback(request, *callback_args, **callback_kwargs)
  File "C:\Users\T.SHIGARAKI\Desktop\Projet-Bibliotheque-daniel\projet-bibliotheque-admin\venv_admin\Lib\site-packages\django\contrib\auth\decorators.py", line 59, in _view_wrapper
    return view_func(request, *args, **kwargs)
  File "C:\Users\T.SHIGARAKI\Desktop\Projet-Bibliotheque-daniel\projet-bibliotheque-admin\books\views.py", line 64, in select_document_category
    logger.debug(f"POST data: document_type={document_type}, academic_level={academic_level}")
    ^^^^^^
NameError: name 'logger' is not defined
C:\Users\T.SHIGARAKI\Desktop\Projet-Bibliotheque-daniel\Projet-bibliotheque-admin\books\views.py changed, reloading.
Watching for file changes with StatReloader
Notification count: total=0
Notification count: total=0
Notification count: total=0
Notification count: total=0
Notification count: total=0
Notification count: total=0
Notification count: total=0
Notification count: total=0
Notification count: total=0
Notification count: total=0
Notification count: total=0
Notification count: total=0
Notification count: total=0
Notification count: total=0
Notification count: total=0
Notification count: total=0
Notification count: total=0
C:\Users\T.SHIGARAKI\Desktop\Projet-Bibliotheque-daniel\Projet-bibliotheque-admin\books\views.py changed, reloading.
Watching for file changes with StatReloader
Notification count: total=0
Notification count: total=0
Notification count: total=0
Notification count: total=0
Notification count: total=0
Notification count: total=0
Notification count: total=0
Watching for file changes with StatReloader
Not Found: /accounts/login/
Notification count: total=0
Notification count: total=0
Notification count: total=0
Notification count: total=0
Notification count: total=0
C:\Users\T.SHIGARAKI\Desktop\Projet-Bibliotheque-daniel\Projet-bibliotheque-admin\books\views.py changed, reloading.
Watching for file changes with StatReloader
Notification count: total=0
C:\Users\T.SHIGARAKI\Desktop\Projet-Bibliotheque-daniel\Projet-bibliotheque-admin\books\models.py changed, reloading.
Watching for file changes with StatReloader
Watching for file changes with StatReloader
Notification count: total=0
Form errors: {"document_type": [{"message": "Ce champ est obligatoire.", "code": "required"}], "academic_level": [{"message": "Ce champ est obligatoire.", "code": "required"}]}
Notification count: total=0
Notification count: total=0
Form errors: {"document_type": [{"message": "Ce champ est obligatoire.", "code": "required"}], "academic_level": [{"message": "Ce champ est obligatoire.", "code": "required"}]}
Notification count: total=0
Watching for file changes with StatReloader
Notification count: total=0
Notification count: total=0
Watching for file changes with StatReloader
Notification count: total=0
Notification count: total=0
Notification count: total=0
Notification count: total=0
Notification count: total=0
Notification count: total=0
Notification count: total=0
Notification count: total=0
Notification count: total=0
Notification count: total=0
Notification count: total=0
Notification count: total=0
Notification count: total=0
Notification count: total=0
Notification count: total=0
Notification count: total=0
Notification count: total=0
Notification count: total=0
Notification count: total=0
Notification count: total=0
Not Found: /favicon.ico
Notification count: total=0
Notification count: total=0
Notification count: total=0
Total des notifications affichées: 0
Notification count: total=0
Notification count: total=0
Notification count: total=0
Notification count: total=0
Watching for file changes with StatReloader
Notification count: total=0
Notification count: total=0
Notification count: total=0
Notification count: total=0
Notification count: total=0
Notification count: total=0
Notification count: total=0
Notification count: total=0
Notification count: total=0
Notification count: total=0
Notification count: total=0
Notification count: total=0
Notification count: total=0
Notification count: total=0
Notification count: total=0
C:\Users\T.SHIGARAKI\Desktop\Projet-Bibliotheque-daniel\Projet-bibliotheque-admin\books\views.py changed, reloading.
Watching for file changes with StatReloader
C:\Users\T.SHIGARAKI\Desktop\Projet-Bibliotheque-daniel\Projet-bibliotheque-admin\books\urls.py changed, reloading.
Watching for file changes with StatReloader
Notification count: total=0
Notification count: total=0
Notification count: total=0
Notification count: total=0
Notification count: total=0
Notification count: total=0
Notification count: total=0
Notification count: total=0
Notification count: total=0
Notification count: total=0
Notification count: total=0
Notification count: total=0
Notification count: total=0
Notification count: total=0
Notification count: total=0
Notification count: total=0
Notification count: total=0
Notification count: total=0
Notification count: total=0
Notification count: total=0
Watching for file changes with StatReloader
Notification count: total=0
Notification count: total=0
C:\Users\T.SHIGARAKI\Desktop\Projet-Bibliotheque-daniel\Projet-bibliotheque-admin\books\views.py changed, reloading.
Watching for file changes with StatReloader
C:\Users\T.SHIGARAKI\Desktop\Projet-Bibliotheque-daniel\Projet-bibliotheque-admin\books\urls.py changed, reloading.
Watching for file changes with StatReloader
Notification count: total=0
Notification count: total=0
Watching for file changes with StatReloader
Notification count: total=0
Notification count: total=0
Notification count: total=0
Notification count: total=0
Notification count: total=0
Notification count: total=0
Notification count: total=0
Notification count: total=0
Notification count: total=0
Notification count: total=0
Notification count: total=0
Notification count: total=0
Notification count: total=0
Notification count: total=0
Notification count: total=0
Notification count: total=0
Notification count: total=0
Total des notifications affichées: 0
Notification count: total=0
Notification count: total=0
Total des notifications affichées: 0
Notification count: total=0
Notification count: total=0
Notification count: total=0
Notification count: total=0
Notification count: total=0
Watching for file changes with StatReloader
Not Found: /favicon.ico
Notification count: total=0
Notification count: total=0
Notification count: total=0
Notification count: total=0
Notification count: total=0
Notification count: total=0
Total des notifications affichées: 0
Notification count: total=0
Notification count: total=0
Notification count: total=0
Notification count: total=0
Notification count: total=0
Notification count: total=0
Notification count: total=0
Notification count: total=0
Notification count: total=0
Notification count: total=0
Notification count: total=0
Notification count: total=0
Notification count: total=0
Notification count: total=0
Notification count: total=0
Notification count: total=0
Notification count: total=0
Notification count: total=0
Notification count: total=0
Notification count: total=0
Notification count: total=0
Notification count: total=0
Notification count: total=0
Notification count: total=0
Notification count: total=0
Notification count: total=0
Notification count: total=0
Total des notifications affichées: 0
Notification count: total=0
Notification count: total=0
Notification count: total=0
Notification count: total=0
Notification count: total=0
Watching for file changes with StatReloader
Watching for file changes with StatReloader
Not Found: /favicon.ico
Notification count: total=0
Notification count: total=0
Not Found: /favicon.ico
Notification count: total=0
Notification count: total=0
Notification count: total=0
Notification count: total=0
Notification count: total=0
Notification count: total=0
Notification count: total=0
Notification count: total=0
Internal Server Error: /books/
Traceback (most recent call last):
  File "C:\Users\T.SHIGARAKI\Desktop\Projet-Bibliotheque-daniel\projet-bibliotheque-admin\venv_admin\Lib\site-packages\django\core\handlers\exception.py", line 55, in inner
    response = get_response(request)
  File "C:\Users\T.SHIGARAKI\Desktop\Projet-Bibliotheque-daniel\projet-bibliotheque-admin\venv_admin\Lib\site-packages\django\core\handlers\base.py", line 197, in _get_response
    response = wrapped_callback(request, *callback_args, **callback_kwargs)
  File "C:\Users\T.SHIGARAKI\Desktop\Projet-Bibliotheque-daniel\projet-bibliotheque-admin\books\views.py", line 26, in librarian_dashboard
    return render(request, 'books/librarian_dashboard.html', {
        'books': books,
        'document_types': document_types,
        'academic_levels': academic_levels
    })
  File "C:\Users\T.SHIGARAKI\Desktop\Projet-Bibliotheque-daniel\projet-bibliotheque-admin\venv_admin\Lib\site-packages\django\shortcuts.py", line 25, in render
    content = loader.render_to_string(template_name, context, request, using=using)
  File "C:\Users\T.SHIGARAKI\Desktop\Projet-Bibliotheque-daniel\projet-bibliotheque-admin\venv_admin\Lib\site-packages\django\template\loader.py", line 62, in render_to_string
    return template.render(context, request)
           ~~~~~~~~~~~~~~~^^^^^^^^^^^^^^^^^^
  File "C:\Users\T.SHIGARAKI\Desktop\Projet-Bibliotheque-daniel\projet-bibliotheque-admin\venv_admin\Lib\site-packages\django\template\backends\django.py", line 107, in render
    return self.template.render(context)
           ~~~~~~~~~~~~~~~~~~~~^^^^^^^^^
  File "C:\Users\T.SHIGARAKI\Desktop\Projet-Bibliotheque-daniel\projet-bibliotheque-admin\venv_admin\Lib\site-packages\django\template\base.py", line 171, in render
    return self._render(context)
           ~~~~~~~~~~~~^^^^^^^^^
  File "C:\Users\T.SHIGARAKI\Desktop\Projet-Bibliotheque-daniel\projet-bibliotheque-admin\venv_admin\Lib\site-packages\django\template\base.py", line 163, in _render
    return self.nodelist.render(context)
           ~~~~~~~~~~~~~~~~~~~~^^^^^^^^^
  File "C:\Users\T.SHIGARAKI\Desktop\Projet-Bibliotheque-daniel\projet-bibliotheque-admin\venv_admin\Lib\site-packages\django\template\base.py", line 1016, in render
    return SafeString("".join([node.render_annotated(context) for node in self]))
                               ~~~~~~~~~~~~~~~~~~~~~^^^^^^^^^
  File "C:\Users\T.SHIGARAKI\Desktop\Projet-Bibliotheque-daniel\projet-bibliotheque-admin\venv_admin\Lib\site-packages\django\template\base.py", line 977, in render_annotated
    return self.render(context)
           ~~~~~~~~~~~^^^^^^^^^
  File "C:\Users\T.SHIGARAKI\Desktop\Projet-Bibliotheque-daniel\projet-bibliotheque-admin\venv_admin\Lib\site-packages\django\template\loader_tags.py", line 159, in render
    return compiled_parent._render(context)
           ~~~~~~~~~~~~~~~~~~~~~~~^^^^^^^^^
  File "C:\Users\T.SHIGARAKI\Desktop\Projet-Bibliotheque-daniel\projet-bibliotheque-admin\venv_admin\Lib\site-packages\django\template\base.py", line 163, in _render
    return self.nodelist.render(context)
           ~~~~~~~~~~~~~~~~~~~~^^^^^^^^^
  File "C:\Users\T.SHIGARAKI\Desktop\Projet-Bibliotheque-daniel\projet-bibliotheque-admin\venv_admin\Lib\site-packages\django\template\base.py", line 1016, in render
    return SafeString("".join([node.render_annotated(context) for node in self]))
                               ~~~~~~~~~~~~~~~~~~~~~^^^^^^^^^
  File "C:\Users\T.SHIGARAKI\Desktop\Projet-Bibliotheque-daniel\projet-bibliotheque-admin\venv_admin\Lib\site-packages\django\template\base.py", line 977, in render_annotated
    return self.render(context)
           ~~~~~~~~~~~^^^^^^^^^
  File "C:\Users\T.SHIGARAKI\Desktop\Projet-Bibliotheque-daniel\projet-bibliotheque-admin\venv_admin\Lib\site-packages\django\template\defaulttags.py", line 327, in render
    return nodelist.render(context)
           ~~~~~~~~~~~~~~~^^^^^^^^^
  File "C:\Users\T.SHIGARAKI\Desktop\Projet-Bibliotheque-daniel\projet-bibliotheque-admin\venv_admin\Lib\site-packages\django\template\base.py", line 1016, in render
    return SafeString("".join([node.render_annotated(context) for node in self]))
                               ~~~~~~~~~~~~~~~~~~~~~^^^^^^^^^
  File "C:\Users\T.SHIGARAKI\Desktop\Projet-Bibliotheque-daniel\projet-bibliotheque-admin\venv_admin\Lib\site-packages\django\template\base.py", line 977, in render_annotated
    return self.render(context)
           ~~~~~~~~~~~^^^^^^^^^
  File "C:\Users\T.SHIGARAKI\Desktop\Projet-Bibliotheque-daniel\projet-bibliotheque-admin\venv_admin\Lib\site-packages\django\template\defaulttags.py", line 480, in render
    url = reverse(view_name, args=args, kwargs=kwargs, current_app=current_app)
  File "C:\Users\T.SHIGARAKI\Desktop\Projet-Bibliotheque-daniel\projet-bibliotheque-admin\venv_admin\Lib\site-packages\django\urls\base.py", line 98, in reverse
    resolved_url = resolver._reverse_with_prefix(view, prefix, *args, **kwargs)
  File "C:\Users\T.SHIGARAKI\Desktop\Projet-Bibliotheque-daniel\projet-bibliotheque-admin\venv_admin\Lib\site-packages\django\urls\resolvers.py", line 831, in _reverse_with_prefix
    raise NoReverseMatch(msg)
django.urls.exceptions.NoReverseMatch: Reverse for 'add_document' with no arguments not found. 1 pattern(s) tried: ['books/add\\-document/(?P<document_type>[^/]+)/(?P<academic_level>[^/]+)/\\Z']
Notification count: total=0
Notification count: total=0
Notification count: total=0
Notification count: total=0
Notification count: total=0
Notification count: total=0
Notification count: total=0
Notification count: total=0
Notification count: total=0
Not Found: /.well-known/appspecific/com.chrome.devtools.json
Not Found: /.well-known/appspecific/com.chrome.devtools.json
Notification count: total=0
Watching for file changes with StatReloader
Not Found: /favicon.ico
Notification count: total=0
Notification count: total=0
Notification count: total=0
Notification count: total=0
Notification count: total=0
Notification count: total=0
Watching for file changes with StatReloader
Not Found: /favicon.ico
Not Found: /favicon.ico
Notification count: total=0
Notification count: total=0
Notification count: total=0
Notification count: total=0
Notification count: total=0
Notification count: total=0
Watching for file changes with StatReloader
Watching for file changes with StatReloader
Not Found: /favicon.ico
Notification count: total=0
Notification count: total=0
Notification count: total=0
Notification count: total=0
Notification count: total=0
Notification count: total=0
Notification count: total=0
Notification count: total=0
Notification count: total=0
Notification count: total=0
Notification count: total=0
Notification count: total=0
Notification count: total=0
Notification count: total=0
Notification count: total=0
Notification count: total=0
Notification count: total=0
Notification count: total=0
Notification count: total=0
Notification count: total=0
Internal Server Error: /books/
Traceback (most recent call last):
  File "C:\Users\T.SHIGARAKI\Desktop\Projet-Bibliotheque\Projet-bibliotheque-admin\venv_admin\Lib\site-packages\django\core\handlers\exception.py", line 55, in inner
    response = get_response(request)
  File "C:\Users\T.SHIGARAKI\Desktop\Projet-Bibliotheque\Projet-bibliotheque-admin\venv_admin\Lib\site-packages\django\core\handlers\base.py", line 197, in _get_response
    response = wrapped_callback(request, *callback_args, **callback_kwargs)
  File "C:\Users\T.SHIGARAKI\Desktop\Projet-Bibliotheque\Projet-bibliotheque-admin\books\views.py", line 26, in librarian_dashboard
    return render(request, 'books/librarian_dashboard.html', {
        'books': books,
        'document_types': document_types,
        'academic_levels': academic_levels
    })
  File "C:\Users\T.SHIGARAKI\Desktop\Projet-Bibliotheque\Projet-bibliotheque-admin\venv_admin\Lib\site-packages\django\shortcuts.py", line 25, in render
    content = loader.render_to_string(template_name, context, request, using=using)
  File "C:\Users\T.SHIGARAKI\Desktop\Projet-Bibliotheque\Projet-bibliotheque-admin\venv_admin\Lib\site-packages\django\template\loader.py", line 62, in render_to_string
    return template.render(context, request)
           ~~~~~~~~~~~~~~~^^^^^^^^^^^^^^^^^^
  File "C:\Users\T.SHIGARAKI\Desktop\Projet-Bibliotheque\Projet-bibliotheque-admin\venv_admin\Lib\site-packages\django\template\backends\django.py", line 107, in render
    return self.template.render(context)
           ~~~~~~~~~~~~~~~~~~~~^^^^^^^^^
  File "C:\Users\T.SHIGARAKI\Desktop\Projet-Bibliotheque\Projet-bibliotheque-admin\venv_admin\Lib\site-packages\django\template\base.py", line 171, in render
    return self._render(context)
           ~~~~~~~~~~~~^^^^^^^^^
  File "C:\Users\T.SHIGARAKI\Desktop\Projet-Bibliotheque\Projet-bibliotheque-admin\venv_admin\Lib\site-packages\django\template\base.py", line 163, in _render
    return self.nodelist.render(context)
           ~~~~~~~~~~~~~~~~~~~~^^^^^^^^^
  File "C:\Users\T.SHIGARAKI\Desktop\Projet-Bibliotheque\Projet-bibliotheque-admin\venv_admin\Lib\site-packages\django\template\base.py", line 1016, in render
    return SafeString("".join([node.render_annotated(context) for node in self]))
                               ~~~~~~~~~~~~~~~~~~~~~^^^^^^^^^
  File "C:\Users\T.SHIGARAKI\Desktop\Projet-Bibliotheque\Projet-bibliotheque-admin\venv_admin\Lib\site-packages\django\template\base.py", line 977, in render_annotated
    return self.render(context)
           ~~~~~~~~~~~^^^^^^^^^
  File "C:\Users\T.SHIGARAKI\Desktop\Projet-Bibliotheque\Projet-bibliotheque-admin\venv_admin\Lib\site-packages\django\template\loader_tags.py", line 159, in render
    return compiled_parent._render(context)
           ~~~~~~~~~~~~~~~~~~~~~~~^^^^^^^^^
  File "C:\Users\T.SHIGARAKI\Desktop\Projet-Bibliotheque\Projet-bibliotheque-admin\venv_admin\Lib\site-packages\django\template\base.py", line 163, in _render
    return self.nodelist.render(context)
           ~~~~~~~~~~~~~~~~~~~~^^^^^^^^^
  File "C:\Users\T.SHIGARAKI\Desktop\Projet-Bibliotheque\Projet-bibliotheque-admin\venv_admin\Lib\site-packages\django\template\base.py", line 1016, in render
    return SafeString("".join([node.render_annotated(context) for node in self]))
                               ~~~~~~~~~~~~~~~~~~~~~^^^^^^^^^
  File "C:\Users\T.SHIGARAKI\Desktop\Projet-Bibliotheque\Projet-bibliotheque-admin\venv_admin\Lib\site-packages\django\template\base.py", line 977, in render_annotated
    return self.render(context)
           ~~~~~~~~~~~^^^^^^^^^
  File "C:\Users\T.SHIGARAKI\Desktop\Projet-Bibliotheque\Projet-bibliotheque-admin\venv_admin\Lib\site-packages\django\template\loader_tags.py", line 65, in render
    result = block.nodelist.render(context)
  File "C:\Users\T.SHIGARAKI\Desktop\Projet-Bibliotheque\Projet-bibliotheque-admin\venv_admin\Lib\site-packages\django\template\base.py", line 1016, in render
    return SafeString("".join([node.render_annotated(context) for node in self]))
                               ~~~~~~~~~~~~~~~~~~~~~^^^^^^^^^
  File "C:\Users\T.SHIGARAKI\Desktop\Projet-Bibliotheque\Projet-bibliotheque-admin\venv_admin\Lib\site-packages\django\template\base.py", line 977, in render_annotated
    return self.render(context)
           ~~~~~~~~~~~^^^^^^^^^
  File "C:\Users\T.SHIGARAKI\Desktop\Projet-Bibliotheque\Projet-bibliotheque-admin\venv_admin\Lib\site-packages\django\template\defaulttags.py", line 480, in render
    url = reverse(view_name, args=args, kwargs=kwargs, current_app=current_app)
  File "C:\Users\T.SHIGARAKI\Desktop\Projet-Bibliotheque\Projet-bibliotheque-admin\venv_admin\Lib\site-packages\django\urls\base.py", line 98, in reverse
    resolved_url = resolver._reverse_with_prefix(view, prefix, *args, **kwargs)
  File "C:\Users\T.SHIGARAKI\Desktop\Projet-Bibliotheque\Projet-bibliotheque-admin\venv_admin\Lib\site-packages\django\urls\resolvers.py", line 831, in _reverse_with_prefix
    raise NoReverseMatch(msg)
django.urls.exceptions.NoReverseMatch: Reverse for 'select_document_type' not found. 'select_document_type' is not a valid view function or pattern name.
Notification count: total=0
Notification count: total=0
Notification count: total=0
Notification count: total=0
Notification count: total=0
Notification count: total=0
Notification count: total=0
Notification count: total=0
Notification count: total=0
Notification count: total=0
Notification count: total=0
Notification count: total=0
Notification count: total=0
Notification count: total=0
Notification count: total=0
Notification count: total=0
Notification count: total=0
Notification count: total=0
Notification count: total=0
Notification count: total=0
Notification count: total=0
Notification count: total=0
Notification count: total=0
Notification count: total=0
Notification count: total=0
Notification count: total=0
Notification count: total=0
Notification count: total=0
Notification count: total=0
Notification count: total=0
Notification count: total=0
Notification count: total=0
Notification count: total=0
Notification count: total=0
Notification count: total=0
Notification count: total=0
Notification count: total=0
Notification count: total=0
Notification count: total=0
Notification count: total=0
Notification count: total=0
Notification count: total=0
Notification count: total=0
Notification count: total=0
Notification count: total=0
Notification count: total=0
Notification count: total=0
Notification count: total=0
Notification count: total=0
Notification count: total=0
Notification count: total=0
Notification count: total=0
Notification count: total=0
Notification count: total=0
Notification count: total=0
Notification count: total=0
Notification count: total=0
Notification count: total=0
Notification count: total=0
Notification count: total=0
Notification count: total=0
Notification count: total=0
Notification count: total=0
Notification count: total=0
Notification count: total=0
Notification count: total=0
Notification count: total=0
Notification count: total=0
Notification count: total=0
Notification count: total=0
Notification count: total=0
Notification count: total=0
Notification count: total=0
Notification count: total=0
Notification count: total=0
Notification count: total=0
Notification count: total=0
Notification count: total=0
Notification count: total=0
Notification count: total=0
Notification count: total=0
Notification count: total=0
Notification count: total=0
Notification count: total=0
Notification count: total=0
Notification count: total=0
Notification count: total=0
Notification count: total=0
Notification count: total=0
Notification count: total=0
Notification count: total=0
Notification count: total=0
Notification count: total=0
Notification count: total=0
Notification count: total=0
Notification count: total=0
Notification count: total=0
Notification count: total=0
Notification count: total=0
Notification count: total=0
Notification count: total=0
Notification count: total=0
Notification count: total=0
Notification count: total=0
Notification count: total=0
Notification count: total=0
Notification count: total=0
Notification count: total=0
Notification count: total=0
Notification count: total=0
Notification count: total=0
Notification count: total=0
Notification count: total=0
Notification count: total=0
Notification count: total=0
Notification count: total=0
Notification count: total=0
Notification count: total=0
Notification count: total=0
Notification count: total=0
Notification count: total=0
Notification count: total=0
Notification count: total=0
Notification count: total=0
Notification count: total=0
Notification count: total=0
Notification count: total=0
Notification count: total=0
Notification count: total=0
Notification count: total=0
Notification count: total=0
Notification count: total=0
Watching for file changes with StatReloader
Notification count: total=0
Notification count: total=0
Notification count: total=0
Notification count: total=0
Notification count: total=0
Notification count: total=0
Notification count: total=0
Notification count: total=0
Notification count: total=0
Notification count: total=0
Notification count: total=0
Notification count: total=0
Notification count: total=0
Internal Server Error: /books/
Traceback (most recent call last):
  File "C:\Users\T.SHIGARAKI\Desktop\Projet-Bibliotheque\Projet-bibliotheque-admin\venv_admin\Lib\site-packages\django\core\handlers\exception.py", line 55, in inner
    response = get_response(request)
  File "C:\Users\T.SHIGARAKI\Desktop\Projet-Bibliotheque\Projet-bibliotheque-admin\venv_admin\Lib\site-packages\django\core\handlers\base.py", line 197, in _get_response
    response = wrapped_callback(request, *callback_args, **callback_kwargs)
  File "C:\Users\T.SHIGARAKI\Desktop\Projet-Bibliotheque\Projet-bibliotheque-admin\books\views.py", line 26, in librarian_dashboard
    return render(request, 'books/librarian_dashboard.html', {
        'books': books,
        'document_types': document_types,
        'academic_levels': academic_levels
    })
  File "C:\Users\T.SHIGARAKI\Desktop\Projet-Bibliotheque\Projet-bibliotheque-admin\venv_admin\Lib\site-packages\django\shortcuts.py", line 25, in render
    content = loader.render_to_string(template_name, context, request, using=using)
  File "C:\Users\T.SHIGARAKI\Desktop\Projet-Bibliotheque\Projet-bibliotheque-admin\venv_admin\Lib\site-packages\django\template\loader.py", line 62, in render_to_string
    return template.render(context, request)
           ~~~~~~~~~~~~~~~^^^^^^^^^^^^^^^^^^
  File "C:\Users\T.SHIGARAKI\Desktop\Projet-Bibliotheque\Projet-bibliotheque-admin\venv_admin\Lib\site-packages\django\template\backends\django.py", line 107, in render
    return self.template.render(context)
           ~~~~~~~~~~~~~~~~~~~~^^^^^^^^^
  File "C:\Users\T.SHIGARAKI\Desktop\Projet-Bibliotheque\Projet-bibliotheque-admin\venv_admin\Lib\site-packages\django\template\base.py", line 171, in render
    return self._render(context)
           ~~~~~~~~~~~~^^^^^^^^^
  File "C:\Users\T.SHIGARAKI\Desktop\Projet-Bibliotheque\Projet-bibliotheque-admin\venv_admin\Lib\site-packages\django\template\base.py", line 163, in _render
    return self.nodelist.render(context)
           ~~~~~~~~~~~~~~~~~~~~^^^^^^^^^
  File "C:\Users\T.SHIGARAKI\Desktop\Projet-Bibliotheque\Projet-bibliotheque-admin\venv_admin\Lib\site-packages\django\template\base.py", line 1016, in render
    return SafeString("".join([node.render_annotated(context) for node in self]))
                               ~~~~~~~~~~~~~~~~~~~~~^^^^^^^^^
  File "C:\Users\T.SHIGARAKI\Desktop\Projet-Bibliotheque\Projet-bibliotheque-admin\venv_admin\Lib\site-packages\django\template\base.py", line 977, in render_annotated
    return self.render(context)
           ~~~~~~~~~~~^^^^^^^^^
  File "C:\Users\T.SHIGARAKI\Desktop\Projet-Bibliotheque\Projet-bibliotheque-admin\venv_admin\Lib\site-packages\django\template\loader_tags.py", line 159, in render
    return compiled_parent._render(context)
           ~~~~~~~~~~~~~~~~~~~~~~~^^^^^^^^^
  File "C:\Users\T.SHIGARAKI\Desktop\Projet-Bibliotheque\Projet-bibliotheque-admin\venv_admin\Lib\site-packages\django\template\base.py", line 163, in _render
    return self.nodelist.render(context)
           ~~~~~~~~~~~~~~~~~~~~^^^^^^^^^
  File "C:\Users\T.SHIGARAKI\Desktop\Projet-Bibliotheque\Projet-bibliotheque-admin\venv_admin\Lib\site-packages\django\template\base.py", line 1016, in render
    return SafeString("".join([node.render_annotated(context) for node in self]))
                               ~~~~~~~~~~~~~~~~~~~~~^^^^^^^^^
  File "C:\Users\T.SHIGARAKI\Desktop\Projet-Bibliotheque\Projet-bibliotheque-admin\venv_admin\Lib\site-packages\django\template\base.py", line 977, in render_annotated
    return self.render(context)
           ~~~~~~~~~~~^^^^^^^^^
  File "C:\Users\T.SHIGARAKI\Desktop\Projet-Bibliotheque\Projet-bibliotheque-admin\venv_admin\Lib\site-packages\django\template\loader_tags.py", line 65, in render
    result = block.nodelist.render(context)
  File "C:\Users\T.SHIGARAKI\Desktop\Projet-Bibliotheque\Projet-bibliotheque-admin\venv_admin\Lib\site-packages\django\template\base.py", line 1016, in render
    return SafeString("".join([node.render_annotated(context) for node in self]))
                               ~~~~~~~~~~~~~~~~~~~~~^^^^^^^^^
  File "C:\Users\T.SHIGARAKI\Desktop\Projet-Bibliotheque\Projet-bibliotheque-admin\venv_admin\Lib\site-packages\django\template\base.py", line 977, in render_annotated
    return self.render(context)
           ~~~~~~~~~~~^^^^^^^^^
  File "C:\Users\T.SHIGARAKI\Desktop\Projet-Bibliotheque\Projet-bibliotheque-admin\venv_admin\Lib\site-packages\django\template\defaulttags.py", line 480, in render
    url = reverse(view_name, args=args, kwargs=kwargs, current_app=current_app)
  File "C:\Users\T.SHIGARAKI\Desktop\Projet-Bibliotheque\Projet-bibliotheque-admin\venv_admin\Lib\site-packages\django\urls\base.py", line 98, in reverse
    resolved_url = resolver._reverse_with_prefix(view, prefix, *args, **kwargs)
  File "C:\Users\T.SHIGARAKI\Desktop\Projet-Bibliotheque\Projet-bibliotheque-admin\venv_admin\Lib\site-packages\django\urls\resolvers.py", line 831, in _reverse_with_prefix
    raise NoReverseMatch(msg)
django.urls.exceptions.NoReverseMatch: Reverse for 'select_document_type' not found. 'select_document_type' is not a valid view function or pattern name.
Notification count: total=0
Notification count: total=0
Notification count: total=0
Notification count: total=0
Notification count: total=0
Notification count: total=0
Notification count: total=0
Notification count: total=0
Notification count: total=0
Notification count: total=0
Notification count: total=0
Not Found: /.well-known/appspecific/com.chrome.devtools.json
Notification count: total=0
Notification count: total=0
Notification count: total=0
Notification count: total=0
Not Found: /.well-known/appspecific/com.chrome.devtools.json
Notification count: total=0
Not Found: /.well-known/appspecific/com.chrome.devtools.json
Notification count: total=0
Notification count: total=0
Notification count: total=0
Notification count: total=0
Notification count: total=0
Notification count: total=0
Notification count: total=0
Notification count: total=0
Notification count: total=0
Notification count: total=0
Notification count: total=0
Notification count: total=0
Notification count: total=0
Notification count: total=0
Notification count: total=0
Notification count: total=0
Notification count: total=0
Notification count: total=0
Notification count: total=0
Notification count: total=0
Notification count: total=0
Notification count: total=0
Notification count: total=0
Notification count: total=0
Notification count: total=0
Notification count: total=0
Notification count: total=0
Notification count: total=0
Notification count: total=0
Notification count: total=0
Notification count: total=0
Notification count: total=0
Notification count: total=0
Notification count: total=0
Notification count: total=0
Notification count: total=0
Notification count: total=0
Notification count: total=0
Notification count: total=0
Notification count: total=0
Watching for file changes with StatReloader
Watching for file changes with StatReloader
Not Found: /favicon.ico
Notification count: total=0
Notification count: total=0
Notification count: total=0
Notification count: total=0
Notification count: total=0
Notification count: total=0
Total des notifications affichées: 0
Notification count: total=0
Notification count: total=0
Notification count: total=0
Watching for file changes with StatReloader
Not Found: /favicon.ico
Notification count: total=0
Notification count: total=0
Notification count: total=0
Not Found: /favicon.ico
Notification count: total=0
Notification count: total=0
Notification count: total=0
Notification count: total=0
Notification count: total=0
Notification count: total=0
Notification count: total=0
Notification count: total=0
Not Found: /favicon.ico
Notification count: total=0
Notification count: total=0
Notification count: total=0
Notification count: total=0
Notification count: total=0
Notification count: total=0
Notification count: total=0
Notification count: total=0
Notification count: total=0
Notification count: total=0
Notification count: total=0
Notification count: total=0
Notification count: total=0
Notification count: total=0
Notification count: total=0
Notification count: total=0
Notification count: total=0
Watching for file changes with StatReloader
Watching for file changes with StatReloader
Not Found: /favicon.ico
Notification count: total=0
Notification count: total=0
Notification count: total=0
Notification count: total=0
Notification count: total=0
Notification count: total=0
Notification count: total=0
Notification count: total=0
Notification count: total=0
Notification count: total=0
Notification count: total=0
Notification count: total=0
Notification count: total=0
Notification count: total=0
Notification count: total=0
Notification count: total=0
Notification count: total=0
Notification count: total=0
Notification count: total=0
Notification count: total=0
Notification count: total=0
Notification count: total=0
Total des notifications affichées: 0
Notification count: total=0
Notification count: total=0
Notification count: total=0
Notification count: total=0
Notification count: total=0
Notification count: total=0
Notification count: total=0
Notification count: total=0
Notification count: total=0
Notification count: total=0
Notification count: total=0
Notification count: total=0
Notification count: total=0
Notification count: total=0
Notification count: total=0
Notification count: total=0
Notification count: total=0
Notification count: total=0
Notification count: total=0
Notification count: total=0
Notification count: total=0
Notification count: total=0
Notification count: total=0
Notification count: total=0
Notification count: total=0
Notification count: total=0
Notification count: total=0
Notification count: total=0
Notification count: total=0
Notification count: total=0
Notification count: total=0
Notification count: total=0
Notification count: total=0
Notification count: total=0
Notification count: total=0
Notification count: total=0
Notification count: total=0
Notification count: total=0
Notification count: total=0
Notification count: total=0
Notification count: total=0
Notification count: total=0
Notification count: total=0
Notification count: total=0
Notification count: total=0
Notification count: total=0
Notification count: total=0
Notification count: total=0
Notification count: total=0
Notification count: total=0
Notification count: total=0
Notification count: total=0
Notification count: total=0
Notification count: total=0
Total des notifications affichées: 0
Notification count: total=0
Notification count: total=0
Notification count: total=0
Notification count: total=0
Notification count: total=0
Notification count: total=0
Notification count: total=0
Notification count: total=0
Notification count: total=0
Notification count: total=0
Not Found: /favicon.ico
Notification count: total=0
Notification count: total=0
Notification count: total=0
Notification count: total=0
Total des notifications affichées: 0
Notification count: total=0
Total des notifications affichées: 0
Notification count: total=0
Total des notifications affichées: 0
Notification count: total=0
Notification count: total=0
Notification count: total=0
Total des notifications affichées: 0
Notification count: total=0
Notification count: total=0
Notification count: total=0
Notification count: total=0
Notification count: total=0
Notification count: total=0
Notification count: total=0
Notification count: total=0
Notification count: total=0
Watching for file changes with StatReloader
Not Found: /favicon.ico
Not Found: /favicon.ico
Notification count: total=0
Notification count: total=0
Not Found: /favicon.ico
Notification count: total=0
Notification count: total=0
Notification count: total=0
Notification count: total=0
Internal Server Error: /books/choose-type/
Traceback (most recent call last):
  File "C:\Users\T.SHIGARAKI\Desktop\Projet-Bibliotheque\Projet-bibliotheque-admin\venv_admin\Lib\site-packages\django\core\handlers\exception.py", line 55, in inner
    response = get_response(request)
  File "C:\Users\T.SHIGARAKI\Desktop\Projet-Bibliotheque\Projet-bibliotheque-admin\venv_admin\Lib\site-packages\django\core\handlers\base.py", line 197, in _get_response
    response = wrapped_callback(request, *callback_args, **callback_kwargs)
  File "C:\Users\T.SHIGARAKI\Desktop\Projet-Bibliotheque\Projet-bibliotheque-admin\books\views.py", line 179, in choose_document_type
    return render(request, 'books/choose_document_type.html')
  File "C:\Users\T.SHIGARAKI\Desktop\Projet-Bibliotheque\Projet-bibliotheque-admin\venv_admin\Lib\site-packages\django\shortcuts.py", line 25, in render
    content = loader.render_to_string(template_name, context, request, using=using)
  File "C:\Users\T.SHIGARAKI\Desktop\Projet-Bibliotheque\Projet-bibliotheque-admin\venv_admin\Lib\site-packages\django\template\loader.py", line 62, in render_to_string
    return template.render(context, request)
           ~~~~~~~~~~~~~~~^^^^^^^^^^^^^^^^^^
  File "C:\Users\T.SHIGARAKI\Desktop\Projet-Bibliotheque\Projet-bibliotheque-admin\venv_admin\Lib\site-packages\django\template\backends\django.py", line 107, in render
    return self.template.render(context)
           ~~~~~~~~~~~~~~~~~~~~^^^^^^^^^
  File "C:\Users\T.SHIGARAKI\Desktop\Projet-Bibliotheque\Projet-bibliotheque-admin\venv_admin\Lib\site-packages\django\template\base.py", line 171, in render
    return self._render(context)
           ~~~~~~~~~~~~^^^^^^^^^
  File "C:\Users\T.SHIGARAKI\Desktop\Projet-Bibliotheque\Projet-bibliotheque-admin\venv_admin\Lib\site-packages\django\template\base.py", line 163, in _render
    return self.nodelist.render(context)
           ~~~~~~~~~~~~~~~~~~~~^^^^^^^^^
  File "C:\Users\T.SHIGARAKI\Desktop\Projet-Bibliotheque\Projet-bibliotheque-admin\venv_admin\Lib\site-packages\django\template\base.py", line 1016, in render
    return SafeString("".join([node.render_annotated(context) for node in self]))
                               ~~~~~~~~~~~~~~~~~~~~~^^^^^^^^^
  File "C:\Users\T.SHIGARAKI\Desktop\Projet-Bibliotheque\Projet-bibliotheque-admin\venv_admin\Lib\site-packages\django\template\base.py", line 977, in render_annotated
    return self.render(context)
           ~~~~~~~~~~~^^^^^^^^^
  File "C:\Users\T.SHIGARAKI\Desktop\Projet-Bibliotheque\Projet-bibliotheque-admin\venv_admin\Lib\site-packages\django\template\loader_tags.py", line 159, in render
    return compiled_parent._render(context)
           ~~~~~~~~~~~~~~~~~~~~~~~^^^^^^^^^
  File "C:\Users\T.SHIGARAKI\Desktop\Projet-Bibliotheque\Projet-bibliotheque-admin\venv_admin\Lib\site-packages\django\template\base.py", line 163, in _render
    return self.nodelist.render(context)
           ~~~~~~~~~~~~~~~~~~~~^^^^^^^^^
  File "C:\Users\T.SHIGARAKI\Desktop\Projet-Bibliotheque\Projet-bibliotheque-admin\venv_admin\Lib\site-packages\django\template\base.py", line 1016, in render
    return SafeString("".join([node.render_annotated(context) for node in self]))
                               ~~~~~~~~~~~~~~~~~~~~~^^^^^^^^^
  File "C:\Users\T.SHIGARAKI\Desktop\Projet-Bibliotheque\Projet-bibliotheque-admin\venv_admin\Lib\site-packages\django\template\base.py", line 977, in render_annotated
    return self.render(context)
           ~~~~~~~~~~~^^^^^^^^^
  File "C:\Users\T.SHIGARAKI\Desktop\Projet-Bibliotheque\Projet-bibliotheque-admin\venv_admin\Lib\site-packages\django\template\defaulttags.py", line 327, in render
    return nodelist.render(context)
           ~~~~~~~~~~~~~~~^^^^^^^^^
  File "C:\Users\T.SHIGARAKI\Desktop\Projet-Bibliotheque\Projet-bibliotheque-admin\venv_admin\Lib\site-packages\django\template\base.py", line 1016, in render
    return SafeString("".join([node.render_annotated(context) for node in self]))
                               ~~~~~~~~~~~~~~~~~~~~~^^^^^^^^^
  File "C:\Users\T.SHIGARAKI\Desktop\Projet-Bibliotheque\Projet-bibliotheque-admin\venv_admin\Lib\site-packages\django\template\base.py", line 977, in render_annotated
    return self.render(context)
           ~~~~~~~~~~~^^^^^^^^^
  File "C:\Users\T.SHIGARAKI\Desktop\Projet-Bibliotheque\Projet-bibliotheque-admin\venv_admin\Lib\site-packages\django\template\defaulttags.py", line 480, in render
    url = reverse(view_name, args=args, kwargs=kwargs, current_app=current_app)
  File "C:\Users\T.SHIGARAKI\Desktop\Projet-Bibliotheque\Projet-bibliotheque-admin\venv_admin\Lib\site-packages\django\urls\base.py", line 98, in reverse
    resolved_url = resolver._reverse_with_prefix(view, prefix, *args, **kwargs)
  File "C:\Users\T.SHIGARAKI\Desktop\Projet-Bibliotheque\Projet-bibliotheque-admin\venv_admin\Lib\site-packages\django\urls\resolvers.py", line 831, in _reverse_with_prefix
    raise NoReverseMatch(msg)
django.urls.exceptions.NoReverseMatch: Reverse for 'add_document' with no arguments not found. 1 pattern(s) tried: ['books/add\\-document/(?P<document_type>[^/]+)/(?P<academic_level>[^/]+)/\\Z']
Notification count: total=0
Internal Server Error: /books/
Traceback (most recent call last):
  File "C:\Users\T.SHIGARAKI\Desktop\Projet-Bibliotheque\Projet-bibliotheque-admin\venv_admin\Lib\site-packages\django\core\handlers\exception.py", line 55, in inner
    response = get_response(request)
  File "C:\Users\T.SHIGARAKI\Desktop\Projet-Bibliotheque\Projet-bibliotheque-admin\venv_admin\Lib\site-packages\django\core\handlers\base.py", line 197, in _get_response
    response = wrapped_callback(request, *callback_args, **callback_kwargs)
  File "C:\Users\T.SHIGARAKI\Desktop\Projet-Bibliotheque\Projet-bibliotheque-admin\books\views.py", line 26, in librarian_dashboard
    return render(request, 'books/librarian_dashboard.html', {
        'books': books,
        'document_types': document_types,
        'academic_levels': academic_levels
    })
  File "C:\Users\T.SHIGARAKI\Desktop\Projet-Bibliotheque\Projet-bibliotheque-admin\venv_admin\Lib\site-packages\django\shortcuts.py", line 25, in render
    content = loader.render_to_string(template_name, context, request, using=using)
  File "C:\Users\T.SHIGARAKI\Desktop\Projet-Bibliotheque\Projet-bibliotheque-admin\venv_admin\Lib\site-packages\django\template\loader.py", line 62, in render_to_string
    return template.render(context, request)
           ~~~~~~~~~~~~~~~^^^^^^^^^^^^^^^^^^
  File "C:\Users\T.SHIGARAKI\Desktop\Projet-Bibliotheque\Projet-bibliotheque-admin\venv_admin\Lib\site-packages\django\template\backends\django.py", line 107, in render
    return self.template.render(context)
           ~~~~~~~~~~~~~~~~~~~~^^^^^^^^^
  File "C:\Users\T.SHIGARAKI\Desktop\Projet-Bibliotheque\Projet-bibliotheque-admin\venv_admin\Lib\site-packages\django\template\base.py", line 171, in render
    return self._render(context)
           ~~~~~~~~~~~~^^^^^^^^^
  File "C:\Users\T.SHIGARAKI\Desktop\Projet-Bibliotheque\Projet-bibliotheque-admin\venv_admin\Lib\site-packages\django\template\base.py", line 163, in _render
    return self.nodelist.render(context)
           ~~~~~~~~~~~~~~~~~~~~^^^^^^^^^
  File "C:\Users\T.SHIGARAKI\Desktop\Projet-Bibliotheque\Projet-bibliotheque-admin\venv_admin\Lib\site-packages\django\template\base.py", line 1016, in render
    return SafeString("".join([node.render_annotated(context) for node in self]))
                               ~~~~~~~~~~~~~~~~~~~~~^^^^^^^^^
  File "C:\Users\T.SHIGARAKI\Desktop\Projet-Bibliotheque\Projet-bibliotheque-admin\venv_admin\Lib\site-packages\django\template\base.py", line 977, in render_annotated
    return self.render(context)
           ~~~~~~~~~~~^^^^^^^^^
  File "C:\Users\T.SHIGARAKI\Desktop\Projet-Bibliotheque\Projet-bibliotheque-admin\venv_admin\Lib\site-packages\django\template\loader_tags.py", line 159, in render
    return compiled_parent._render(context)
           ~~~~~~~~~~~~~~~~~~~~~~~^^^^^^^^^
  File "C:\Users\T.SHIGARAKI\Desktop\Projet-Bibliotheque\Projet-bibliotheque-admin\venv_admin\Lib\site-packages\django\template\base.py", line 163, in _render
    return self.nodelist.render(context)
           ~~~~~~~~~~~~~~~~~~~~^^^^^^^^^
  File "C:\Users\T.SHIGARAKI\Desktop\Projet-Bibliotheque\Projet-bibliotheque-admin\venv_admin\Lib\site-packages\django\template\base.py", line 1016, in render
    return SafeString("".join([node.render_annotated(context) for node in self]))
                               ~~~~~~~~~~~~~~~~~~~~~^^^^^^^^^
  File "C:\Users\T.SHIGARAKI\Desktop\Projet-Bibliotheque\Projet-bibliotheque-admin\venv_admin\Lib\site-packages\django\template\base.py", line 977, in render_annotated
    return self.render(context)
           ~~~~~~~~~~~^^^^^^^^^
  File "C:\Users\T.SHIGARAKI\Desktop\Projet-Bibliotheque\Projet-bibliotheque-admin\venv_admin\Lib\site-packages\django\template\defaulttags.py", line 327, in render
    return nodelist.render(context)
           ~~~~~~~~~~~~~~~^^^^^^^^^
  File "C:\Users\T.SHIGARAKI\Desktop\Projet-Bibliotheque\Projet-bibliotheque-admin\venv_admin\Lib\site-packages\django\template\base.py", line 1016, in render
    return SafeString("".join([node.render_annotated(context) for node in self]))
                               ~~~~~~~~~~~~~~~~~~~~~^^^^^^^^^
  File "C:\Users\T.SHIGARAKI\Desktop\Projet-Bibliotheque\Projet-bibliotheque-admin\venv_admin\Lib\site-packages\django\template\base.py", line 977, in render_annotated
    return self.render(context)
           ~~~~~~~~~~~^^^^^^^^^
  File "C:\Users\T.SHIGARAKI\Desktop\Projet-Bibliotheque\Projet-bibliotheque-admin\venv_admin\Lib\site-packages\django\template\defaulttags.py", line 480, in render
    url = reverse(view_name, args=args, kwargs=kwargs, current_app=current_app)
  File "C:\Users\T.SHIGARAKI\Desktop\Projet-Bibliotheque\Projet-bibliotheque-admin\venv_admin\Lib\site-packages\django\urls\base.py", line 98, in reverse
    resolved_url = resolver._reverse_with_prefix(view, prefix, *args, **kwargs)
  File "C:\Users\T.SHIGARAKI\Desktop\Projet-Bibliotheque\Projet-bibliotheque-admin\venv_admin\Lib\site-packages\django\urls\resolvers.py", line 831, in _reverse_with_prefix
    raise NoReverseMatch(msg)
django.urls.exceptions.NoReverseMatch: Reverse for 'add_document' with no arguments not found. 1 pattern(s) tried: ['books/add\\-document/(?P<document_type>[^/]+)/(?P<academic_level>[^/]+)/\\Z']
Notification count: total=0
Notification count: total=0
Notification count: total=0
Notification count: total=0
Notification count: total=0
Notification count: total=0
Notification count: total=0
Notification count: total=0
Notification count: total=0
Notification count: total=0
Notification count: total=0
Notification count: total=0
Notification count: total=0
Notification count: total=0
Notification count: total=0
Total des notifications affichées: 0
Notification count: total=0
Notification count: total=0
Notification count: total=0
Notification count: total=0
Notification count: total=0
Notification count: total=0
Notification count: total=0
Notification count: total=0
Notification count: total=0
Notification count: total=0
Notification count: total=0
Notification count: total=0
Notification count: total=0
Notification count: total=0
Notification count: total=0
Notification count: total=0
Notification count: total=0
Notification count: total=0
Notification count: total=0
Notification count: total=0
Total des notifications affichées: 0
Notification count: total=0
Notification count: total=0
Notification count: total=0
Notification count: total=0
Notification count: total=0
Notification count: total=0
Notification count: total=0
Notification créée: ID 1, message: Stock critique: 1 unité(s) de 'Livre 2' restantes.
Total des notifications affichées: 1
Notification count: total=1
Notification count: total=1
Total des notifications affichées: 1
Notification count: total=1
Tentative de marquage comme lu pour la notification ID 1 par l'utilisateur Bibliothecaire_1
Notification marquée comme lue: ID 1
Notification count: total=0
Total des notifications affichées: 0
Notification count: total=0
Notification count: total=0
Total des notifications affichées: 0
Notification count: total=0
Notification count: total=0
Notification count: total=0
Notification count: total=0
Notification count: total=0
Notification count: total=0
Total des notifications affichées: 0
Notification count: total=0
Notification count: total=0
Notification count: total=0
Notification count: total=0
Notification count: total=0
Notification count: total=0
Notification count: total=0
Notification count: total=0
Notification count: total=0
Notification count: total=0
Notification count: total=0
Notification count: total=0
Notification count: total=0
Total des notifications affichées: 0
Notification count: total=0
Notification count: total=0
Notification count: total=0
Total des notifications affichées: 0
Notification count: total=0
Notification count: total=0
Notification count: total=0
Notification count: total=0
Notification count: total=0
Total des notifications affichées: 0
Notification count: total=0
Total des notifications affichées: 0
Notification count: total=0
Notification count: total=0
Notification count: total=0
Notification count: total=0
Notification count: total=0
Notification count: total=0
Notification count: total=0
Notification count: total=0
Notification count: total=0
Notification count: total=0
Notification count: total=0
Notification count: total=0
Notification count: total=0
Notification count: total=0
Notification count: total=0
Notification count: total=0
Notification count: total=0
Notification count: total=0
Notification count: total=0
Notification count: total=0
Notification count: total=0
Notification count: total=0
Total des notifications affichées: 0
Notification count: total=0
Notification count: total=0
Notification count: total=0
Notification count: total=0
Total des notifications affichées: 0
Notification count: total=0
Notification count: total=0
Notification count: total=0
Notification count: total=0
Notification count: total=0
Notification count: total=0
Notification count: total=0
Notification count: total=0
Notification count: total=0
Total des notifications affichées: 0
Notification count: total=0
Notification count: total=0
Notification count: total=0
Notification count: total=0
Notification count: total=0
Notification count: total=0
Watching for file changes with StatReloader
Notification count: total=0
Notification count: total=0
Notification count: total=0
Notification count: total=0
Notification count: total=0
Notification count: total=0
Notification count: total=0
Notification count: total=0
Notification count: total=0
Notification count: total=0
Notification count: total=0
Notification count: total=0
Notification count: total=0
Notification count: total=0
Notification count: total=0
Notification count: total=0
Not Found: /.well-known/appspecific/com.chrome.devtools.json
Notification count: total=0
Notification count: total=0
Notification count: total=0
Notification count: total=0
Notification count: total=0
Notification count: total=0
Notification count: total=0
Notification count: total=0
Notification count: total=0
Notification count: total=0
Notification count: total=0
Notification count: total=0
Notification count: total=0
Notification count: total=0
Notification count: total=0
Notification count: total=0
Notification count: total=0
Notification count: total=0
Notification count: total=0
Notification count: total=0
Notification count: total=0
Total des notifications affichées: 0
Notification count: total=0
Notification count: total=0
Notification count: total=0
Notification count: total=0
Notification count: total=0
Notification count: total=0
Notification count: total=0
Notification count: total=0
Notification count: total=0
Notification count: total=0
Notification count: total=0
Notification count: total=0
Notification count: total=0
Notification count: total=0
Notification count: total=0
Notification count: total=0
Notification count: total=0
Notification count: total=0
Notification count: total=0
Notification count: total=0
Notification count: total=0
Notification count: total=0
Notification count: total=0
Notification count: total=0
Notification count: total=0
Notification count: total=0
Notification count: total=0
Notification count: total=0
Notification count: total=0
Notification count: total=0
Notification count: total=0
Notification count: total=0
Notification count: total=0
Notification count: total=0
Notification count: total=0
Notification count: total=0
Notification count: total=0
Notification count: total=0
Total des notifications affichées: 0
Notification count: total=0
Notification count: total=0
Notification count: total=0
Notification count: total=0
Notification count: total=0
Notification count: total=0
Notification count: total=0
Notification count: total=0
Notification count: total=0
Notification count: total=0
Notification count: total=0
Notification count: total=0
Notification count: total=0
Notification count: total=0
Notification count: total=0
Notification count: total=0
Watching for file changes with StatReloader
C:\Users\T.SHIGARAKI\Desktop\Projet-Bibliotheque\Projet-bibliotheque-admin\admin_librairy_project\settings.py changed, reloading.
Watching for file changes with StatReloader
C:\Users\T.SHIGARAKI\Desktop\Projet-Bibliotheque\Projet-bibliotheque-admin\admin_librairy_project\settings.py changed, reloading.
Watching for file changes with StatReloader
C:\Users\T.SHIGARAKI\Desktop\Projet-Bibliotheque\Projet-bibliotheque-admin\admin_librairy_project\settings.py changed, reloading.
Watching for file changes with StatReloader
Session data corrupted
Session data corrupted
Notification count: total=1
Internal Server Error: /books/api/stats/
Traceback (most recent call last):
  File "C:\Users\T.SHIGARAKI\Desktop\Projet-Bibliotheque\Projet-bibliotheque-admin\venv_admin\Lib\site-packages\django\db\backends\utils.py", line 105, in _execute
    return self.cursor.execute(sql, params)
           ~~~~~~~~~~~~~~~~~~~^^^^^^^^^^^^^
  File "C:\Users\T.SHIGARAKI\Desktop\Projet-Bibliotheque\Projet-bibliotheque-admin\venv_admin\Lib\site-packages\django\db\backends\mysql\base.py", line 76, in execute
    return self.cursor.execute(query, args)
           ~~~~~~~~~~~~~~~~~~~^^^^^^^^^^^^^
  File "C:\Users\T.SHIGARAKI\Desktop\Projet-Bibliotheque\Projet-bibliotheque-admin\venv_admin\Lib\site-packages\pymysql\cursors.py", line 153, in execute
    result = self._query(query)
  File "C:\Users\T.SHIGARAKI\Desktop\Projet-Bibliotheque\Projet-bibliotheque-admin\venv_admin\Lib\site-packages\pymysql\cursors.py", line 322, in _query
    conn.query(q)
    ~~~~~~~~~~^^^
  File "C:\Users\T.SHIGARAKI\Desktop\Projet-Bibliotheque\Projet-bibliotheque-admin\venv_admin\Lib\site-packages\pymysql\connections.py", line 563, in query
    self._affected_rows = self._read_query_result(unbuffered=unbuffered)
                          ~~~~~~~~~~~~~~~~~~~~~~~^^^^^^^^^^^^^^^^^^^^^^^
  File "C:\Users\T.SHIGARAKI\Desktop\Projet-Bibliotheque\Projet-bibliotheque-admin\venv_admin\Lib\site-packages\pymysql\connections.py", line 825, in _read_query_result
    result.read()
    ~~~~~~~~~~~^^
  File "C:\Users\T.SHIGARAKI\Desktop\Projet-Bibliotheque\Projet-bibliotheque-admin\venv_admin\Lib\site-packages\pymysql\connections.py", line 1199, in read
    first_packet = self.connection._read_packet()
  File "C:\Users\T.SHIGARAKI\Desktop\Projet-Bibliotheque\Projet-bibliotheque-admin\venv_admin\Lib\site-packages\pymysql\connections.py", line 775, in _read_packet
    packet.raise_for_error()
    ~~~~~~~~~~~~~~~~~~~~~~^^
  File "C:\Users\T.SHIGARAKI\Desktop\Projet-Bibliotheque\Projet-bibliotheque-admin\venv_admin\Lib\site-packages\pymysql\protocol.py", line 219, in raise_for_error
    err.raise_mysql_exception(self._data)
    ~~~~~~~~~~~~~~~~~~~~~~~~~^^^^^^^^^^^^
  File "C:\Users\T.SHIGARAKI\Desktop\Projet-Bibliotheque\Projet-bibliotheque-admin\venv_admin\Lib\site-packages\pymysql\err.py", line 150, in raise_mysql_exception
    raise errorclass(errno, errval)
pymysql.err.OperationalError: (1054, "Champ 'books_book.is_available' inconnu dans where clause")

The above exception was the direct cause of the following exception:

Traceback (most recent call last):
  File "C:\Users\T.SHIGARAKI\Desktop\Projet-Bibliotheque\Projet-bibliotheque-admin\venv_admin\Lib\site-packages\django\core\handlers\exception.py", line 55, in inner
    response = get_response(request)
  File "C:\Users\T.SHIGARAKI\Desktop\Projet-Bibliotheque\Projet-bibliotheque-admin\venv_admin\Lib\site-packages\django\core\handlers\base.py", line 197, in _get_response
    response = wrapped_callback(request, *callback_args, **callback_kwargs)
  File "C:\Users\T.SHIGARAKI\Desktop\Projet-Bibliotheque\Projet-bibliotheque-admin\books\views.py", line 34, in stats_api
    available_books = Book.objects.filter(is_available=True).count()
  File "C:\Users\T.SHIGARAKI\Desktop\Projet-Bibliotheque\Projet-bibliotheque-admin\venv_admin\Lib\site-packages\django\db\models\query.py", line 604, in count
    return self.query.get_count(using=self.db)
           ~~~~~~~~~~~~~~~~~~~~^^^^^^^^^^^^^^^
  File "C:\Users\T.SHIGARAKI\Desktop\Projet-Bibliotheque\Projet-bibliotheque-admin\venv_admin\Lib\site-packages\django\db\models\sql\query.py", line 644, in get_count
    return obj.get_aggregation(using, {"__count": Count("*")})["__count"]
           ~~~~~~~~~~~~~~~~~~~^^^^^^^^^^^^^^^^^^^^^^^^^^^^^^^^
  File "C:\Users\T.SHIGARAKI\Desktop\Projet-Bibliotheque\Projet-bibliotheque-admin\venv_admin\Lib\site-packages\django\db\models\sql\query.py", line 626, in get_aggregation
    result = compiler.execute_sql(SINGLE)
  File "C:\Users\T.SHIGARAKI\Desktop\Projet-Bibliotheque\Projet-bibliotheque-admin\venv_admin\Lib\site-packages\django\db\models\sql\compiler.py", line 1623, in execute_sql
    cursor.execute(sql, params)
    ~~~~~~~~~~~~~~^^^^^^^^^^^^^
  File "C:\Users\T.SHIGARAKI\Desktop\Projet-Bibliotheque\Projet-bibliotheque-admin\venv_admin\Lib\site-packages\django\db\backends\utils.py", line 122, in execute
    return super().execute(sql, params)
           ~~~~~~~~~~~~~~~^^^^^^^^^^^^^
  File "C:\Users\T.SHIGARAKI\Desktop\Projet-Bibliotheque\Projet-bibliotheque-admin\venv_admin\Lib\site-packages\django\db\backends\utils.py", line 79, in execute
    return self._execute_with_wrappers(
           ~~~~~~~~~~~~~~~~~~~~~~~~~~~^
        sql, params, many=False, executor=self._execute
        ^^^^^^^^^^^^^^^^^^^^^^^^^^^^^^^^^^^^^^^^^^^^^^^
    )
    ^
  File "C:\Users\T.SHIGARAKI\Desktop\Projet-Bibliotheque\Projet-bibliotheque-admin\venv_admin\Lib\site-packages\django\db\backends\utils.py", line 92, in _execute_with_wrappers
    return executor(sql, params, many, context)
  File "C:\Users\T.SHIGARAKI\Desktop\Projet-Bibliotheque\Projet-bibliotheque-admin\venv_admin\Lib\site-packages\django\db\backends\utils.py", line 100, in _execute
    with self.db.wrap_database_errors:
         ^^^^^^^^^^^^^^^^^^^^^^^^^^^^
  File "C:\Users\T.SHIGARAKI\Desktop\Projet-Bibliotheque\Projet-bibliotheque-admin\venv_admin\Lib\site-packages\django\db\utils.py", line 91, in __exit__
    raise dj_exc_value.with_traceback(traceback) from exc_value
  File "C:\Users\T.SHIGARAKI\Desktop\Projet-Bibliotheque\Projet-bibliotheque-admin\venv_admin\Lib\site-packages\django\db\backends\utils.py", line 105, in _execute
    return self.cursor.execute(sql, params)
           ~~~~~~~~~~~~~~~~~~~^^^^^^^^^^^^^
  File "C:\Users\T.SHIGARAKI\Desktop\Projet-Bibliotheque\Projet-bibliotheque-admin\venv_admin\Lib\site-packages\django\db\backends\mysql\base.py", line 76, in execute
    return self.cursor.execute(query, args)
           ~~~~~~~~~~~~~~~~~~~^^^^^^^^^^^^^
  File "C:\Users\T.SHIGARAKI\Desktop\Projet-Bibliotheque\Projet-bibliotheque-admin\venv_admin\Lib\site-packages\pymysql\cursors.py", line 153, in execute
    result = self._query(query)
  File "C:\Users\T.SHIGARAKI\Desktop\Projet-Bibliotheque\Projet-bibliotheque-admin\venv_admin\Lib\site-packages\pymysql\cursors.py", line 322, in _query
    conn.query(q)
    ~~~~~~~~~~^^^
  File "C:\Users\T.SHIGARAKI\Desktop\Projet-Bibliotheque\Projet-bibliotheque-admin\venv_admin\Lib\site-packages\pymysql\connections.py", line 563, in query
    self._affected_rows = self._read_query_result(unbuffered=unbuffered)
                          ~~~~~~~~~~~~~~~~~~~~~~~^^^^^^^^^^^^^^^^^^^^^^^
  File "C:\Users\T.SHIGARAKI\Desktop\Projet-Bibliotheque\Projet-bibliotheque-admin\venv_admin\Lib\site-packages\pymysql\connections.py", line 825, in _read_query_result
    result.read()
    ~~~~~~~~~~~^^
  File "C:\Users\T.SHIGARAKI\Desktop\Projet-Bibliotheque\Projet-bibliotheque-admin\venv_admin\Lib\site-packages\pymysql\connections.py", line 1199, in read
    first_packet = self.connection._read_packet()
  File "C:\Users\T.SHIGARAKI\Desktop\Projet-Bibliotheque\Projet-bibliotheque-admin\venv_admin\Lib\site-packages\pymysql\connections.py", line 775, in _read_packet
    packet.raise_for_error()
    ~~~~~~~~~~~~~~~~~~~~~~^^
  File "C:\Users\T.SHIGARAKI\Desktop\Projet-Bibliotheque\Projet-bibliotheque-admin\venv_admin\Lib\site-packages\pymysql\protocol.py", line 219, in raise_for_error
    err.raise_mysql_exception(self._data)
    ~~~~~~~~~~~~~~~~~~~~~~~~~^^^^^^^^^^^^
  File "C:\Users\T.SHIGARAKI\Desktop\Projet-Bibliotheque\Projet-bibliotheque-admin\venv_admin\Lib\site-packages\pymysql\err.py", line 150, in raise_mysql_exception
    raise errorclass(errno, errval)
django.db.utils.OperationalError: (1054, "Champ 'books_book.is_available' inconnu dans where clause")
Internal Server Error: /books/api/search/
Traceback (most recent call last):
  File "C:\Users\T.SHIGARAKI\Desktop\Projet-Bibliotheque\Projet-bibliotheque-admin\venv_admin\Lib\site-packages\django\db\backends\utils.py", line 105, in _execute
    return self.cursor.execute(sql, params)
           ~~~~~~~~~~~~~~~~~~~^^^^^^^^^^^^^
  File "C:\Users\T.SHIGARAKI\Desktop\Projet-Bibliotheque\Projet-bibliotheque-admin\venv_admin\Lib\site-packages\django\db\backends\mysql\base.py", line 76, in execute
    return self.cursor.execute(query, args)
           ~~~~~~~~~~~~~~~~~~~^^^^^^^^^^^^^
  File "C:\Users\T.SHIGARAKI\Desktop\Projet-Bibliotheque\Projet-bibliotheque-admin\venv_admin\Lib\site-packages\pymysql\cursors.py", line 153, in execute
    result = self._query(query)
  File "C:\Users\T.SHIGARAKI\Desktop\Projet-Bibliotheque\Projet-bibliotheque-admin\venv_admin\Lib\site-packages\pymysql\cursors.py", line 322, in _query
    conn.query(q)
    ~~~~~~~~~~^^^
  File "C:\Users\T.SHIGARAKI\Desktop\Projet-Bibliotheque\Projet-bibliotheque-admin\venv_admin\Lib\site-packages\pymysql\connections.py", line 563, in query
    self._affected_rows = self._read_query_result(unbuffered=unbuffered)
                          ~~~~~~~~~~~~~~~~~~~~~~~^^^^^^^^^^^^^^^^^^^^^^^
  File "C:\Users\T.SHIGARAKI\Desktop\Projet-Bibliotheque\Projet-bibliotheque-admin\venv_admin\Lib\site-packages\pymysql\connections.py", line 825, in _read_query_result
    result.read()
    ~~~~~~~~~~~^^
  File "C:\Users\T.SHIGARAKI\Desktop\Projet-Bibliotheque\Projet-bibliotheque-admin\venv_admin\Lib\site-packages\pymysql\connections.py", line 1199, in read
    first_packet = self.connection._read_packet()
  File "C:\Users\T.SHIGARAKI\Desktop\Projet-Bibliotheque\Projet-bibliotheque-admin\venv_admin\Lib\site-packages\pymysql\connections.py", line 775, in _read_packet
    packet.raise_for_error()
    ~~~~~~~~~~~~~~~~~~~~~~^^
  File "C:\Users\T.SHIGARAKI\Desktop\Projet-Bibliotheque\Projet-bibliotheque-admin\venv_admin\Lib\site-packages\pymysql\protocol.py", line 219, in raise_for_error
    err.raise_mysql_exception(self._data)
    ~~~~~~~~~~~~~~~~~~~~~~~~~^^^^^^^^^^^^
  File "C:\Users\T.SHIGARAKI\Desktop\Projet-Bibliotheque\Projet-bibliotheque-admin\venv_admin\Lib\site-packages\pymysql\err.py", line 150, in raise_mysql_exception
    raise errorclass(errno, errval)
pymysql.err.OperationalError: (1054, "Champ 'books_book.quantity' inconnu dans field list")

The above exception was the direct cause of the following exception:

Traceback (most recent call last):
  File "C:\Users\T.SHIGARAKI\Desktop\Projet-Bibliotheque\Projet-bibliotheque-admin\venv_admin\Lib\site-packages\django\core\handlers\exception.py", line 55, in inner
    response = get_response(request)
  File "C:\Users\T.SHIGARAKI\Desktop\Projet-Bibliotheque\Projet-bibliotheque-admin\venv_admin\Lib\site-packages\django\core\handlers\base.py", line 197, in _get_response
    response = wrapped_callback(request, *callback_args, **callback_kwargs)
  File "C:\Users\T.SHIGARAKI\Desktop\Projet-Bibliotheque\Projet-bibliotheque-admin\books\views.py", line 87, in search_books_api
    } for book in page_obj
                  ^^^^^^^^
  File "<frozen _collections_abc>", line 1031, in __iter__
  File "C:\Users\T.SHIGARAKI\Desktop\Projet-Bibliotheque\Projet-bibliotheque-admin\venv_admin\Lib\site-packages\django\core\paginator.py", line 202, in __getitem__
    self.object_list = list(self.object_list)
                       ~~~~^^^^^^^^^^^^^^^^^^
  File "C:\Users\T.SHIGARAKI\Desktop\Projet-Bibliotheque\Projet-bibliotheque-admin\venv_admin\Lib\site-packages\django\db\models\query.py", line 384, in __iter__
    self._fetch_all()
    ~~~~~~~~~~~~~~~^^
  File "C:\Users\T.SHIGARAKI\Desktop\Projet-Bibliotheque\Projet-bibliotheque-admin\venv_admin\Lib\site-packages\django\db\models\query.py", line 1945, in _fetch_all
    self._result_cache = list(self._iterable_class(self))
                         ~~~~^^^^^^^^^^^^^^^^^^^^^^^^^^^^
  File "C:\Users\T.SHIGARAKI\Desktop\Projet-Bibliotheque\Projet-bibliotheque-admin\venv_admin\Lib\site-packages\django\db\models\query.py", line 91, in __iter__
    results = compiler.execute_sql(
        chunked_fetch=self.chunked_fetch, chunk_size=self.chunk_size
    )
  File "C:\Users\T.SHIGARAKI\Desktop\Projet-Bibliotheque\Projet-bibliotheque-admin\venv_admin\Lib\site-packages\django\db\models\sql\compiler.py", line 1623, in execute_sql
    cursor.execute(sql, params)
    ~~~~~~~~~~~~~~^^^^^^^^^^^^^
  File "C:\Users\T.SHIGARAKI\Desktop\Projet-Bibliotheque\Projet-bibliotheque-admin\venv_admin\Lib\site-packages\django\db\backends\utils.py", line 122, in execute
    return super().execute(sql, params)
           ~~~~~~~~~~~~~~~^^^^^^^^^^^^^
  File "C:\Users\T.SHIGARAKI\Desktop\Projet-Bibliotheque\Projet-bibliotheque-admin\venv_admin\Lib\site-packages\django\db\backends\utils.py", line 79, in execute
    return self._execute_with_wrappers(
           ~~~~~~~~~~~~~~~~~~~~~~~~~~~^
        sql, params, many=False, executor=self._execute
        ^^^^^^^^^^^^^^^^^^^^^^^^^^^^^^^^^^^^^^^^^^^^^^^
    )
    ^
  File "C:\Users\T.SHIGARAKI\Desktop\Projet-Bibliotheque\Projet-bibliotheque-admin\venv_admin\Lib\site-packages\django\db\backends\utils.py", line 92, in _execute_with_wrappers
    return executor(sql, params, many, context)
  File "C:\Users\T.SHIGARAKI\Desktop\Projet-Bibliotheque\Projet-bibliotheque-admin\venv_admin\Lib\site-packages\django\db\backends\utils.py", line 100, in _execute
    with self.db.wrap_database_errors:
         ^^^^^^^^^^^^^^^^^^^^^^^^^^^^
  File "C:\Users\T.SHIGARAKI\Desktop\Projet-Bibliotheque\Projet-bibliotheque-admin\venv_admin\Lib\site-packages\django\db\utils.py", line 91, in __exit__
    raise dj_exc_value.with_traceback(traceback) from exc_value
  File "C:\Users\T.SHIGARAKI\Desktop\Projet-Bibliotheque\Projet-bibliotheque-admin\venv_admin\Lib\site-packages\django\db\backends\utils.py", line 105, in _execute
    return self.cursor.execute(sql, params)
           ~~~~~~~~~~~~~~~~~~~^^^^^^^^^^^^^
  File "C:\Users\T.SHIGARAKI\Desktop\Projet-Bibliotheque\Projet-bibliotheque-admin\venv_admin\Lib\site-packages\django\db\backends\mysql\base.py", line 76, in execute
    return self.cursor.execute(query, args)
           ~~~~~~~~~~~~~~~~~~~^^^^^^^^^^^^^
  File "C:\Users\T.SHIGARAKI\Desktop\Projet-Bibliotheque\Projet-bibliotheque-admin\venv_admin\Lib\site-packages\pymysql\cursors.py", line 153, in execute
    result = self._query(query)
  File "C:\Users\T.SHIGARAKI\Desktop\Projet-Bibliotheque\Projet-bibliotheque-admin\venv_admin\Lib\site-packages\pymysql\cursors.py", line 322, in _query
    conn.query(q)
    ~~~~~~~~~~^^^
  File "C:\Users\T.SHIGARAKI\Desktop\Projet-Bibliotheque\Projet-bibliotheque-admin\venv_admin\Lib\site-packages\pymysql\connections.py", line 563, in query
    self._affected_rows = self._read_query_result(unbuffered=unbuffered)
                          ~~~~~~~~~~~~~~~~~~~~~~~^^^^^^^^^^^^^^^^^^^^^^^
  File "C:\Users\T.SHIGARAKI\Desktop\Projet-Bibliotheque\Projet-bibliotheque-admin\venv_admin\Lib\site-packages\pymysql\connections.py", line 825, in _read_query_result
    result.read()
    ~~~~~~~~~~~^^
  File "C:\Users\T.SHIGARAKI\Desktop\Projet-Bibliotheque\Projet-bibliotheque-admin\venv_admin\Lib\site-packages\pymysql\connections.py", line 1199, in read
    first_packet = self.connection._read_packet()
  File "C:\Users\T.SHIGARAKI\Desktop\Projet-Bibliotheque\Projet-bibliotheque-admin\venv_admin\Lib\site-packages\pymysql\connections.py", line 775, in _read_packet
    packet.raise_for_error()
    ~~~~~~~~~~~~~~~~~~~~~~^^
  File "C:\Users\T.SHIGARAKI\Desktop\Projet-Bibliotheque\Projet-bibliotheque-admin\venv_admin\Lib\site-packages\pymysql\protocol.py", line 219, in raise_for_error
    err.raise_mysql_exception(self._data)
    ~~~~~~~~~~~~~~~~~~~~~~~~~^^^^^^^^^^^^
  File "C:\Users\T.SHIGARAKI\Desktop\Projet-Bibliotheque\Projet-bibliotheque-admin\venv_admin\Lib\site-packages\pymysql\err.py", line 150, in raise_mysql_exception
    raise errorclass(errno, errval)
django.db.utils.OperationalError: (1054, "Champ 'books_book.quantity' inconnu dans field list")
Notification count: total=1
Notification count: total=1
Notification count: total=1
Notification count: total=1
Notification count: total=1
Notification count: total=1
Notification count: total=1
Notification count: total=1
Notification count: total=1
Notification count: total=1
Notification count: total=1
Notification count: total=1
Internal Server Error: /books/api/stats/
Traceback (most recent call last):
  File "C:\Users\T.SHIGARAKI\Desktop\Projet-Bibliotheque\Projet-bibliotheque-admin\venv_admin\Lib\site-packages\django\db\backends\utils.py", line 105, in _execute
    return self.cursor.execute(sql, params)
           ~~~~~~~~~~~~~~~~~~~^^^^^^^^^^^^^
  File "C:\Users\T.SHIGARAKI\Desktop\Projet-Bibliotheque\Projet-bibliotheque-admin\venv_admin\Lib\site-packages\django\db\backends\mysql\base.py", line 76, in execute
    return self.cursor.execute(query, args)
           ~~~~~~~~~~~~~~~~~~~^^^^^^^^^^^^^
  File "C:\Users\T.SHIGARAKI\Desktop\Projet-Bibliotheque\Projet-bibliotheque-admin\venv_admin\Lib\site-packages\pymysql\cursors.py", line 153, in execute
    result = self._query(query)
  File "C:\Users\T.SHIGARAKI\Desktop\Projet-Bibliotheque\Projet-bibliotheque-admin\venv_admin\Lib\site-packages\pymysql\cursors.py", line 322, in _query
    conn.query(q)
    ~~~~~~~~~~^^^
  File "C:\Users\T.SHIGARAKI\Desktop\Projet-Bibliotheque\Projet-bibliotheque-admin\venv_admin\Lib\site-packages\pymysql\connections.py", line 563, in query
    self._affected_rows = self._read_query_result(unbuffered=unbuffered)
                          ~~~~~~~~~~~~~~~~~~~~~~~^^^^^^^^^^^^^^^^^^^^^^^
  File "C:\Users\T.SHIGARAKI\Desktop\Projet-Bibliotheque\Projet-bibliotheque-admin\venv_admin\Lib\site-packages\pymysql\connections.py", line 825, in _read_query_result
    result.read()
    ~~~~~~~~~~~^^
  File "C:\Users\T.SHIGARAKI\Desktop\Projet-Bibliotheque\Projet-bibliotheque-admin\venv_admin\Lib\site-packages\pymysql\connections.py", line 1199, in read
    first_packet = self.connection._read_packet()
  File "C:\Users\T.SHIGARAKI\Desktop\Projet-Bibliotheque\Projet-bibliotheque-admin\venv_admin\Lib\site-packages\pymysql\connections.py", line 775, in _read_packet
    packet.raise_for_error()
    ~~~~~~~~~~~~~~~~~~~~~~^^
  File "C:\Users\T.SHIGARAKI\Desktop\Projet-Bibliotheque\Projet-bibliotheque-admin\venv_admin\Lib\site-packages\pymysql\protocol.py", line 219, in raise_for_error
    err.raise_mysql_exception(self._data)
    ~~~~~~~~~~~~~~~~~~~~~~~~~^^^^^^^^^^^^
  File "C:\Users\T.SHIGARAKI\Desktop\Projet-Bibliotheque\Projet-bibliotheque-admin\venv_admin\Lib\site-packages\pymysql\err.py", line 150, in raise_mysql_exception
    raise errorclass(errno, errval)
pymysql.err.OperationalError: (1054, "Champ 'books_book.is_available' inconnu dans where clause")

The above exception was the direct cause of the following exception:

Traceback (most recent call last):
  File "C:\Users\T.SHIGARAKI\Desktop\Projet-Bibliotheque\Projet-bibliotheque-admin\venv_admin\Lib\site-packages\django\core\handlers\exception.py", line 55, in inner
    response = get_response(request)
  File "C:\Users\T.SHIGARAKI\Desktop\Projet-Bibliotheque\Projet-bibliotheque-admin\venv_admin\Lib\site-packages\django\core\handlers\base.py", line 197, in _get_response
    response = wrapped_callback(request, *callback_args, **callback_kwargs)
  File "C:\Users\T.SHIGARAKI\Desktop\Projet-Bibliotheque\Projet-bibliotheque-admin\books\views.py", line 34, in stats_api
    available_books = Book.objects.filter(is_available=True).count()
  File "C:\Users\T.SHIGARAKI\Desktop\Projet-Bibliotheque\Projet-bibliotheque-admin\venv_admin\Lib\site-packages\django\db\models\query.py", line 604, in count
    return self.query.get_count(using=self.db)
           ~~~~~~~~~~~~~~~~~~~~^^^^^^^^^^^^^^^
  File "C:\Users\T.SHIGARAKI\Desktop\Projet-Bibliotheque\Projet-bibliotheque-admin\venv_admin\Lib\site-packages\django\db\models\sql\query.py", line 644, in get_count
    return obj.get_aggregation(using, {"__count": Count("*")})["__count"]
           ~~~~~~~~~~~~~~~~~~~^^^^^^^^^^^^^^^^^^^^^^^^^^^^^^^^
  File "C:\Users\T.SHIGARAKI\Desktop\Projet-Bibliotheque\Projet-bibliotheque-admin\venv_admin\Lib\site-packages\django\db\models\sql\query.py", line 626, in get_aggregation
    result = compiler.execute_sql(SINGLE)
  File "C:\Users\T.SHIGARAKI\Desktop\Projet-Bibliotheque\Projet-bibliotheque-admin\venv_admin\Lib\site-packages\django\db\models\sql\compiler.py", line 1623, in execute_sql
    cursor.execute(sql, params)
    ~~~~~~~~~~~~~~^^^^^^^^^^^^^
  File "C:\Users\T.SHIGARAKI\Desktop\Projet-Bibliotheque\Projet-bibliotheque-admin\venv_admin\Lib\site-packages\django\db\backends\utils.py", line 122, in execute
    return super().execute(sql, params)
           ~~~~~~~~~~~~~~~^^^^^^^^^^^^^
  File "C:\Users\T.SHIGARAKI\Desktop\Projet-Bibliotheque\Projet-bibliotheque-admin\venv_admin\Lib\site-packages\django\db\backends\utils.py", line 79, in execute
    return self._execute_with_wrappers(
           ~~~~~~~~~~~~~~~~~~~~~~~~~~~^
        sql, params, many=False, executor=self._execute
        ^^^^^^^^^^^^^^^^^^^^^^^^^^^^^^^^^^^^^^^^^^^^^^^
    )
    ^
  File "C:\Users\T.SHIGARAKI\Desktop\Projet-Bibliotheque\Projet-bibliotheque-admin\venv_admin\Lib\site-packages\django\db\backends\utils.py", line 92, in _execute_with_wrappers
    return executor(sql, params, many, context)
  File "C:\Users\T.SHIGARAKI\Desktop\Projet-Bibliotheque\Projet-bibliotheque-admin\venv_admin\Lib\site-packages\django\db\backends\utils.py", line 100, in _execute
    with self.db.wrap_database_errors:
         ^^^^^^^^^^^^^^^^^^^^^^^^^^^^
  File "C:\Users\T.SHIGARAKI\Desktop\Projet-Bibliotheque\Projet-bibliotheque-admin\venv_admin\Lib\site-packages\django\db\utils.py", line 91, in __exit__
    raise dj_exc_value.with_traceback(traceback) from exc_value
  File "C:\Users\T.SHIGARAKI\Desktop\Projet-Bibliotheque\Projet-bibliotheque-admin\venv_admin\Lib\site-packages\django\db\backends\utils.py", line 105, in _execute
    return self.cursor.execute(sql, params)
           ~~~~~~~~~~~~~~~~~~~^^^^^^^^^^^^^
  File "C:\Users\T.SHIGARAKI\Desktop\Projet-Bibliotheque\Projet-bibliotheque-admin\venv_admin\Lib\site-packages\django\db\backends\mysql\base.py", line 76, in execute
    return self.cursor.execute(query, args)
           ~~~~~~~~~~~~~~~~~~~^^^^^^^^^^^^^
  File "C:\Users\T.SHIGARAKI\Desktop\Projet-Bibliotheque\Projet-bibliotheque-admin\venv_admin\Lib\site-packages\pymysql\cursors.py", line 153, in execute
    result = self._query(query)
  File "C:\Users\T.SHIGARAKI\Desktop\Projet-Bibliotheque\Projet-bibliotheque-admin\venv_admin\Lib\site-packages\pymysql\cursors.py", line 322, in _query
    conn.query(q)
    ~~~~~~~~~~^^^
  File "C:\Users\T.SHIGARAKI\Desktop\Projet-Bibliotheque\Projet-bibliotheque-admin\venv_admin\Lib\site-packages\pymysql\connections.py", line 563, in query
    self._affected_rows = self._read_query_result(unbuffered=unbuffered)
                          ~~~~~~~~~~~~~~~~~~~~~~~^^^^^^^^^^^^^^^^^^^^^^^
  File "C:\Users\T.SHIGARAKI\Desktop\Projet-Bibliotheque\Projet-bibliotheque-admin\venv_admin\Lib\site-packages\pymysql\connections.py", line 825, in _read_query_result
    result.read()
    ~~~~~~~~~~~^^
  File "C:\Users\T.SHIGARAKI\Desktop\Projet-Bibliotheque\Projet-bibliotheque-admin\venv_admin\Lib\site-packages\pymysql\connections.py", line 1199, in read
    first_packet = self.connection._read_packet()
  File "C:\Users\T.SHIGARAKI\Desktop\Projet-Bibliotheque\Projet-bibliotheque-admin\venv_admin\Lib\site-packages\pymysql\connections.py", line 775, in _read_packet
    packet.raise_for_error()
    ~~~~~~~~~~~~~~~~~~~~~~^^
  File "C:\Users\T.SHIGARAKI\Desktop\Projet-Bibliotheque\Projet-bibliotheque-admin\venv_admin\Lib\site-packages\pymysql\protocol.py", line 219, in raise_for_error
    err.raise_mysql_exception(self._data)
    ~~~~~~~~~~~~~~~~~~~~~~~~~^^^^^^^^^^^^
  File "C:\Users\T.SHIGARAKI\Desktop\Projet-Bibliotheque\Projet-bibliotheque-admin\venv_admin\Lib\site-packages\pymysql\err.py", line 150, in raise_mysql_exception
    raise errorclass(errno, errval)
django.db.utils.OperationalError: (1054, "Champ 'books_book.is_available' inconnu dans where clause")
Internal Server Error: /books/api/search/
Traceback (most recent call last):
  File "C:\Users\T.SHIGARAKI\Desktop\Projet-Bibliotheque\Projet-bibliotheque-admin\venv_admin\Lib\site-packages\django\db\backends\utils.py", line 105, in _execute
    return self.cursor.execute(sql, params)
           ~~~~~~~~~~~~~~~~~~~^^^^^^^^^^^^^
  File "C:\Users\T.SHIGARAKI\Desktop\Projet-Bibliotheque\Projet-bibliotheque-admin\venv_admin\Lib\site-packages\django\db\backends\mysql\base.py", line 76, in execute
    return self.cursor.execute(query, args)
           ~~~~~~~~~~~~~~~~~~~^^^^^^^^^^^^^
  File "C:\Users\T.SHIGARAKI\Desktop\Projet-Bibliotheque\Projet-bibliotheque-admin\venv_admin\Lib\site-packages\pymysql\cursors.py", line 153, in execute
    result = self._query(query)
  File "C:\Users\T.SHIGARAKI\Desktop\Projet-Bibliotheque\Projet-bibliotheque-admin\venv_admin\Lib\site-packages\pymysql\cursors.py", line 322, in _query
    conn.query(q)
    ~~~~~~~~~~^^^
  File "C:\Users\T.SHIGARAKI\Desktop\Projet-Bibliotheque\Projet-bibliotheque-admin\venv_admin\Lib\site-packages\pymysql\connections.py", line 563, in query
    self._affected_rows = self._read_query_result(unbuffered=unbuffered)
                          ~~~~~~~~~~~~~~~~~~~~~~~^^^^^^^^^^^^^^^^^^^^^^^
  File "C:\Users\T.SHIGARAKI\Desktop\Projet-Bibliotheque\Projet-bibliotheque-admin\venv_admin\Lib\site-packages\pymysql\connections.py", line 825, in _read_query_result
    result.read()
    ~~~~~~~~~~~^^
  File "C:\Users\T.SHIGARAKI\Desktop\Projet-Bibliotheque\Projet-bibliotheque-admin\venv_admin\Lib\site-packages\pymysql\connections.py", line 1199, in read
    first_packet = self.connection._read_packet()
  File "C:\Users\T.SHIGARAKI\Desktop\Projet-Bibliotheque\Projet-bibliotheque-admin\venv_admin\Lib\site-packages\pymysql\connections.py", line 775, in _read_packet
    packet.raise_for_error()
    ~~~~~~~~~~~~~~~~~~~~~~^^
  File "C:\Users\T.SHIGARAKI\Desktop\Projet-Bibliotheque\Projet-bibliotheque-admin\venv_admin\Lib\site-packages\pymysql\protocol.py", line 219, in raise_for_error
    err.raise_mysql_exception(self._data)
    ~~~~~~~~~~~~~~~~~~~~~~~~~^^^^^^^^^^^^
  File "C:\Users\T.SHIGARAKI\Desktop\Projet-Bibliotheque\Projet-bibliotheque-admin\venv_admin\Lib\site-packages\pymysql\err.py", line 150, in raise_mysql_exception
    raise errorclass(errno, errval)
pymysql.err.OperationalError: (1054, "Champ 'books_book.quantity' inconnu dans field list")

The above exception was the direct cause of the following exception:

Traceback (most recent call last):
  File "C:\Users\T.SHIGARAKI\Desktop\Projet-Bibliotheque\Projet-bibliotheque-admin\venv_admin\Lib\site-packages\django\core\handlers\exception.py", line 55, in inner
    response = get_response(request)
  File "C:\Users\T.SHIGARAKI\Desktop\Projet-Bibliotheque\Projet-bibliotheque-admin\venv_admin\Lib\site-packages\django\core\handlers\base.py", line 197, in _get_response
    response = wrapped_callback(request, *callback_args, **callback_kwargs)
  File "C:\Users\T.SHIGARAKI\Desktop\Projet-Bibliotheque\Projet-bibliotheque-admin\books\views.py", line 87, in search_books_api
    } for book in page_obj
                  ^^^^^^^^
  File "<frozen _collections_abc>", line 1031, in __iter__
  File "C:\Users\T.SHIGARAKI\Desktop\Projet-Bibliotheque\Projet-bibliotheque-admin\venv_admin\Lib\site-packages\django\core\paginator.py", line 202, in __getitem__
    self.object_list = list(self.object_list)
                       ~~~~^^^^^^^^^^^^^^^^^^
  File "C:\Users\T.SHIGARAKI\Desktop\Projet-Bibliotheque\Projet-bibliotheque-admin\venv_admin\Lib\site-packages\django\db\models\query.py", line 384, in __iter__
    self._fetch_all()
    ~~~~~~~~~~~~~~~^^
  File "C:\Users\T.SHIGARAKI\Desktop\Projet-Bibliotheque\Projet-bibliotheque-admin\venv_admin\Lib\site-packages\django\db\models\query.py", line 1945, in _fetch_all
    self._result_cache = list(self._iterable_class(self))
                         ~~~~^^^^^^^^^^^^^^^^^^^^^^^^^^^^
  File "C:\Users\T.SHIGARAKI\Desktop\Projet-Bibliotheque\Projet-bibliotheque-admin\venv_admin\Lib\site-packages\django\db\models\query.py", line 91, in __iter__
    results = compiler.execute_sql(
        chunked_fetch=self.chunked_fetch, chunk_size=self.chunk_size
    )
  File "C:\Users\T.SHIGARAKI\Desktop\Projet-Bibliotheque\Projet-bibliotheque-admin\venv_admin\Lib\site-packages\django\db\models\sql\compiler.py", line 1623, in execute_sql
    cursor.execute(sql, params)
    ~~~~~~~~~~~~~~^^^^^^^^^^^^^
  File "C:\Users\T.SHIGARAKI\Desktop\Projet-Bibliotheque\Projet-bibliotheque-admin\venv_admin\Lib\site-packages\django\db\backends\utils.py", line 122, in execute
    return super().execute(sql, params)
           ~~~~~~~~~~~~~~~^^^^^^^^^^^^^
  File "C:\Users\T.SHIGARAKI\Desktop\Projet-Bibliotheque\Projet-bibliotheque-admin\venv_admin\Lib\site-packages\django\db\backends\utils.py", line 79, in execute
    return self._execute_with_wrappers(
           ~~~~~~~~~~~~~~~~~~~~~~~~~~~^
        sql, params, many=False, executor=self._execute
        ^^^^^^^^^^^^^^^^^^^^^^^^^^^^^^^^^^^^^^^^^^^^^^^
    )
    ^
  File "C:\Users\T.SHIGARAKI\Desktop\Projet-Bibliotheque\Projet-bibliotheque-admin\venv_admin\Lib\site-packages\django\db\backends\utils.py", line 92, in _execute_with_wrappers
    return executor(sql, params, many, context)
  File "C:\Users\T.SHIGARAKI\Desktop\Projet-Bibliotheque\Projet-bibliotheque-admin\venv_admin\Lib\site-packages\django\db\backends\utils.py", line 100, in _execute
    with self.db.wrap_database_errors:
         ^^^^^^^^^^^^^^^^^^^^^^^^^^^^
  File "C:\Users\T.SHIGARAKI\Desktop\Projet-Bibliotheque\Projet-bibliotheque-admin\venv_admin\Lib\site-packages\django\db\utils.py", line 91, in __exit__
    raise dj_exc_value.with_traceback(traceback) from exc_value
  File "C:\Users\T.SHIGARAKI\Desktop\Projet-Bibliotheque\Projet-bibliotheque-admin\venv_admin\Lib\site-packages\django\db\backends\utils.py", line 105, in _execute
    return self.cursor.execute(sql, params)
           ~~~~~~~~~~~~~~~~~~~^^^^^^^^^^^^^
  File "C:\Users\T.SHIGARAKI\Desktop\Projet-Bibliotheque\Projet-bibliotheque-admin\venv_admin\Lib\site-packages\django\db\backends\mysql\base.py", line 76, in execute
    return self.cursor.execute(query, args)
           ~~~~~~~~~~~~~~~~~~~^^^^^^^^^^^^^
  File "C:\Users\T.SHIGARAKI\Desktop\Projet-Bibliotheque\Projet-bibliotheque-admin\venv_admin\Lib\site-packages\pymysql\cursors.py", line 153, in execute
    result = self._query(query)
  File "C:\Users\T.SHIGARAKI\Desktop\Projet-Bibliotheque\Projet-bibliotheque-admin\venv_admin\Lib\site-packages\pymysql\cursors.py", line 322, in _query
    conn.query(q)
    ~~~~~~~~~~^^^
  File "C:\Users\T.SHIGARAKI\Desktop\Projet-Bibliotheque\Projet-bibliotheque-admin\venv_admin\Lib\site-packages\pymysql\connections.py", line 563, in query
    self._affected_rows = self._read_query_result(unbuffered=unbuffered)
                          ~~~~~~~~~~~~~~~~~~~~~~~^^^^^^^^^^^^^^^^^^^^^^^
  File "C:\Users\T.SHIGARAKI\Desktop\Projet-Bibliotheque\Projet-bibliotheque-admin\venv_admin\Lib\site-packages\pymysql\connections.py", line 825, in _read_query_result
    result.read()
    ~~~~~~~~~~~^^
  File "C:\Users\T.SHIGARAKI\Desktop\Projet-Bibliotheque\Projet-bibliotheque-admin\venv_admin\Lib\site-packages\pymysql\connections.py", line 1199, in read
    first_packet = self.connection._read_packet()
  File "C:\Users\T.SHIGARAKI\Desktop\Projet-Bibliotheque\Projet-bibliotheque-admin\venv_admin\Lib\site-packages\pymysql\connections.py", line 775, in _read_packet
    packet.raise_for_error()
    ~~~~~~~~~~~~~~~~~~~~~~^^
  File "C:\Users\T.SHIGARAKI\Desktop\Projet-Bibliotheque\Projet-bibliotheque-admin\venv_admin\Lib\site-packages\pymysql\protocol.py", line 219, in raise_for_error
    err.raise_mysql_exception(self._data)
    ~~~~~~~~~~~~~~~~~~~~~~~~~^^^^^^^^^^^^
  File "C:\Users\T.SHIGARAKI\Desktop\Projet-Bibliotheque\Projet-bibliotheque-admin\venv_admin\Lib\site-packages\pymysql\err.py", line 150, in raise_mysql_exception
    raise errorclass(errno, errval)
django.db.utils.OperationalError: (1054, "Champ 'books_book.quantity' inconnu dans field list")
Notification count: total=1
Internal Server Error: /books/api/stats/
Traceback (most recent call last):
  File "C:\Users\T.SHIGARAKI\Desktop\Projet-Bibliotheque\Projet-bibliotheque-admin\venv_admin\Lib\site-packages\django\db\backends\utils.py", line 105, in _execute
    return self.cursor.execute(sql, params)
           ~~~~~~~~~~~~~~~~~~~^^^^^^^^^^^^^
  File "C:\Users\T.SHIGARAKI\Desktop\Projet-Bibliotheque\Projet-bibliotheque-admin\venv_admin\Lib\site-packages\django\db\backends\mysql\base.py", line 76, in execute
    return self.cursor.execute(query, args)
           ~~~~~~~~~~~~~~~~~~~^^^^^^^^^^^^^
  File "C:\Users\T.SHIGARAKI\Desktop\Projet-Bibliotheque\Projet-bibliotheque-admin\venv_admin\Lib\site-packages\pymysql\cursors.py", line 153, in execute
    result = self._query(query)
  File "C:\Users\T.SHIGARAKI\Desktop\Projet-Bibliotheque\Projet-bibliotheque-admin\venv_admin\Lib\site-packages\pymysql\cursors.py", line 322, in _query
    conn.query(q)
    ~~~~~~~~~~^^^
  File "C:\Users\T.SHIGARAKI\Desktop\Projet-Bibliotheque\Projet-bibliotheque-admin\venv_admin\Lib\site-packages\pymysql\connections.py", line 563, in query
    self._affected_rows = self._read_query_result(unbuffered=unbuffered)
                          ~~~~~~~~~~~~~~~~~~~~~~~^^^^^^^^^^^^^^^^^^^^^^^
  File "C:\Users\T.SHIGARAKI\Desktop\Projet-Bibliotheque\Projet-bibliotheque-admin\venv_admin\Lib\site-packages\pymysql\connections.py", line 825, in _read_query_result
    result.read()
    ~~~~~~~~~~~^^
  File "C:\Users\T.SHIGARAKI\Desktop\Projet-Bibliotheque\Projet-bibliotheque-admin\venv_admin\Lib\site-packages\pymysql\connections.py", line 1199, in read
    first_packet = self.connection._read_packet()
  File "C:\Users\T.SHIGARAKI\Desktop\Projet-Bibliotheque\Projet-bibliotheque-admin\venv_admin\Lib\site-packages\pymysql\connections.py", line 775, in _read_packet
    packet.raise_for_error()
    ~~~~~~~~~~~~~~~~~~~~~~^^
  File "C:\Users\T.SHIGARAKI\Desktop\Projet-Bibliotheque\Projet-bibliotheque-admin\venv_admin\Lib\site-packages\pymysql\protocol.py", line 219, in raise_for_error
    err.raise_mysql_exception(self._data)
    ~~~~~~~~~~~~~~~~~~~~~~~~~^^^^^^^^^^^^
  File "C:\Users\T.SHIGARAKI\Desktop\Projet-Bibliotheque\Projet-bibliotheque-admin\venv_admin\Lib\site-packages\pymysql\err.py", line 150, in raise_mysql_exception
    raise errorclass(errno, errval)
pymysql.err.OperationalError: (1054, "Champ 'books_book.is_available' inconnu dans where clause")

The above exception was the direct cause of the following exception:

Traceback (most recent call last):
  File "C:\Users\T.SHIGARAKI\Desktop\Projet-Bibliotheque\Projet-bibliotheque-admin\venv_admin\Lib\site-packages\django\core\handlers\exception.py", line 55, in inner
    response = get_response(request)
  File "C:\Users\T.SHIGARAKI\Desktop\Projet-Bibliotheque\Projet-bibliotheque-admin\venv_admin\Lib\site-packages\django\core\handlers\base.py", line 197, in _get_response
    response = wrapped_callback(request, *callback_args, **callback_kwargs)
  File "C:\Users\T.SHIGARAKI\Desktop\Projet-Bibliotheque\Projet-bibliotheque-admin\books\views.py", line 34, in stats_api
    available_books = Book.objects.filter(is_available=True).count()
  File "C:\Users\T.SHIGARAKI\Desktop\Projet-Bibliotheque\Projet-bibliotheque-admin\venv_admin\Lib\site-packages\django\db\models\query.py", line 604, in count
    return self.query.get_count(using=self.db)
           ~~~~~~~~~~~~~~~~~~~~^^^^^^^^^^^^^^^
  File "C:\Users\T.SHIGARAKI\Desktop\Projet-Bibliotheque\Projet-bibliotheque-admin\venv_admin\Lib\site-packages\django\db\models\sql\query.py", line 644, in get_count
    return obj.get_aggregation(using, {"__count": Count("*")})["__count"]
           ~~~~~~~~~~~~~~~~~~~^^^^^^^^^^^^^^^^^^^^^^^^^^^^^^^^
  File "C:\Users\T.SHIGARAKI\Desktop\Projet-Bibliotheque\Projet-bibliotheque-admin\venv_admin\Lib\site-packages\django\db\models\sql\query.py", line 626, in get_aggregation
    result = compiler.execute_sql(SINGLE)
  File "C:\Users\T.SHIGARAKI\Desktop\Projet-Bibliotheque\Projet-bibliotheque-admin\venv_admin\Lib\site-packages\django\db\models\sql\compiler.py", line 1623, in execute_sql
    cursor.execute(sql, params)
    ~~~~~~~~~~~~~~^^^^^^^^^^^^^
  File "C:\Users\T.SHIGARAKI\Desktop\Projet-Bibliotheque\Projet-bibliotheque-admin\venv_admin\Lib\site-packages\django\db\backends\utils.py", line 122, in execute
    return super().execute(sql, params)
           ~~~~~~~~~~~~~~~^^^^^^^^^^^^^
  File "C:\Users\T.SHIGARAKI\Desktop\Projet-Bibliotheque\Projet-bibliotheque-admin\venv_admin\Lib\site-packages\django\db\backends\utils.py", line 79, in execute
    return self._execute_with_wrappers(
           ~~~~~~~~~~~~~~~~~~~~~~~~~~~^
        sql, params, many=False, executor=self._execute
        ^^^^^^^^^^^^^^^^^^^^^^^^^^^^^^^^^^^^^^^^^^^^^^^
    )
    ^
  File "C:\Users\T.SHIGARAKI\Desktop\Projet-Bibliotheque\Projet-bibliotheque-admin\venv_admin\Lib\site-packages\django\db\backends\utils.py", line 92, in _execute_with_wrappers
    return executor(sql, params, many, context)
  File "C:\Users\T.SHIGARAKI\Desktop\Projet-Bibliotheque\Projet-bibliotheque-admin\venv_admin\Lib\site-packages\django\db\backends\utils.py", line 100, in _execute
    with self.db.wrap_database_errors:
         ^^^^^^^^^^^^^^^^^^^^^^^^^^^^
  File "C:\Users\T.SHIGARAKI\Desktop\Projet-Bibliotheque\Projet-bibliotheque-admin\venv_admin\Lib\site-packages\django\db\utils.py", line 91, in __exit__
    raise dj_exc_value.with_traceback(traceback) from exc_value
  File "C:\Users\T.SHIGARAKI\Desktop\Projet-Bibliotheque\Projet-bibliotheque-admin\venv_admin\Lib\site-packages\django\db\backends\utils.py", line 105, in _execute
    return self.cursor.execute(sql, params)
           ~~~~~~~~~~~~~~~~~~~^^^^^^^^^^^^^
  File "C:\Users\T.SHIGARAKI\Desktop\Projet-Bibliotheque\Projet-bibliotheque-admin\venv_admin\Lib\site-packages\django\db\backends\mysql\base.py", line 76, in execute
    return self.cursor.execute(query, args)
           ~~~~~~~~~~~~~~~~~~~^^^^^^^^^^^^^
  File "C:\Users\T.SHIGARAKI\Desktop\Projet-Bibliotheque\Projet-bibliotheque-admin\venv_admin\Lib\site-packages\pymysql\cursors.py", line 153, in execute
    result = self._query(query)
  File "C:\Users\T.SHIGARAKI\Desktop\Projet-Bibliotheque\Projet-bibliotheque-admin\venv_admin\Lib\site-packages\pymysql\cursors.py", line 322, in _query
    conn.query(q)
    ~~~~~~~~~~^^^
  File "C:\Users\T.SHIGARAKI\Desktop\Projet-Bibliotheque\Projet-bibliotheque-admin\venv_admin\Lib\site-packages\pymysql\connections.py", line 563, in query
    self._affected_rows = self._read_query_result(unbuffered=unbuffered)
                          ~~~~~~~~~~~~~~~~~~~~~~~^^^^^^^^^^^^^^^^^^^^^^^
  File "C:\Users\T.SHIGARAKI\Desktop\Projet-Bibliotheque\Projet-bibliotheque-admin\venv_admin\Lib\site-packages\pymysql\connections.py", line 825, in _read_query_result
    result.read()
    ~~~~~~~~~~~^^
  File "C:\Users\T.SHIGARAKI\Desktop\Projet-Bibliotheque\Projet-bibliotheque-admin\venv_admin\Lib\site-packages\pymysql\connections.py", line 1199, in read
    first_packet = self.connection._read_packet()
  File "C:\Users\T.SHIGARAKI\Desktop\Projet-Bibliotheque\Projet-bibliotheque-admin\venv_admin\Lib\site-packages\pymysql\connections.py", line 775, in _read_packet
    packet.raise_for_error()
    ~~~~~~~~~~~~~~~~~~~~~~^^
  File "C:\Users\T.SHIGARAKI\Desktop\Projet-Bibliotheque\Projet-bibliotheque-admin\venv_admin\Lib\site-packages\pymysql\protocol.py", line 219, in raise_for_error
    err.raise_mysql_exception(self._data)
    ~~~~~~~~~~~~~~~~~~~~~~~~~^^^^^^^^^^^^
  File "C:\Users\T.SHIGARAKI\Desktop\Projet-Bibliotheque\Projet-bibliotheque-admin\venv_admin\Lib\site-packages\pymysql\err.py", line 150, in raise_mysql_exception
    raise errorclass(errno, errval)
django.db.utils.OperationalError: (1054, "Champ 'books_book.is_available' inconnu dans where clause")
Internal Server Error: /books/api/search/
Traceback (most recent call last):
  File "C:\Users\T.SHIGARAKI\Desktop\Projet-Bibliotheque\Projet-bibliotheque-admin\venv_admin\Lib\site-packages\django\db\backends\utils.py", line 105, in _execute
    return self.cursor.execute(sql, params)
           ~~~~~~~~~~~~~~~~~~~^^^^^^^^^^^^^
  File "C:\Users\T.SHIGARAKI\Desktop\Projet-Bibliotheque\Projet-bibliotheque-admin\venv_admin\Lib\site-packages\django\db\backends\mysql\base.py", line 76, in execute
    return self.cursor.execute(query, args)
           ~~~~~~~~~~~~~~~~~~~^^^^^^^^^^^^^
  File "C:\Users\T.SHIGARAKI\Desktop\Projet-Bibliotheque\Projet-bibliotheque-admin\venv_admin\Lib\site-packages\pymysql\cursors.py", line 153, in execute
    result = self._query(query)
  File "C:\Users\T.SHIGARAKI\Desktop\Projet-Bibliotheque\Projet-bibliotheque-admin\venv_admin\Lib\site-packages\pymysql\cursors.py", line 322, in _query
    conn.query(q)
    ~~~~~~~~~~^^^
  File "C:\Users\T.SHIGARAKI\Desktop\Projet-Bibliotheque\Projet-bibliotheque-admin\venv_admin\Lib\site-packages\pymysql\connections.py", line 563, in query
    self._affected_rows = self._read_query_result(unbuffered=unbuffered)
                          ~~~~~~~~~~~~~~~~~~~~~~~^^^^^^^^^^^^^^^^^^^^^^^
  File "C:\Users\T.SHIGARAKI\Desktop\Projet-Bibliotheque\Projet-bibliotheque-admin\venv_admin\Lib\site-packages\pymysql\connections.py", line 825, in _read_query_result
    result.read()
    ~~~~~~~~~~~^^
  File "C:\Users\T.SHIGARAKI\Desktop\Projet-Bibliotheque\Projet-bibliotheque-admin\venv_admin\Lib\site-packages\pymysql\connections.py", line 1199, in read
    first_packet = self.connection._read_packet()
  File "C:\Users\T.SHIGARAKI\Desktop\Projet-Bibliotheque\Projet-bibliotheque-admin\venv_admin\Lib\site-packages\pymysql\connections.py", line 775, in _read_packet
    packet.raise_for_error()
    ~~~~~~~~~~~~~~~~~~~~~~^^
  File "C:\Users\T.SHIGARAKI\Desktop\Projet-Bibliotheque\Projet-bibliotheque-admin\venv_admin\Lib\site-packages\pymysql\protocol.py", line 219, in raise_for_error
    err.raise_mysql_exception(self._data)
    ~~~~~~~~~~~~~~~~~~~~~~~~~^^^^^^^^^^^^
  File "C:\Users\T.SHIGARAKI\Desktop\Projet-Bibliotheque\Projet-bibliotheque-admin\venv_admin\Lib\site-packages\pymysql\err.py", line 150, in raise_mysql_exception
    raise errorclass(errno, errval)
pymysql.err.OperationalError: (1054, "Champ 'books_book.quantity' inconnu dans field list")

The above exception was the direct cause of the following exception:

Traceback (most recent call last):
  File "C:\Users\T.SHIGARAKI\Desktop\Projet-Bibliotheque\Projet-bibliotheque-admin\venv_admin\Lib\site-packages\django\core\handlers\exception.py", line 55, in inner
    response = get_response(request)
  File "C:\Users\T.SHIGARAKI\Desktop\Projet-Bibliotheque\Projet-bibliotheque-admin\venv_admin\Lib\site-packages\django\core\handlers\base.py", line 197, in _get_response
    response = wrapped_callback(request, *callback_args, **callback_kwargs)
  File "C:\Users\T.SHIGARAKI\Desktop\Projet-Bibliotheque\Projet-bibliotheque-admin\books\views.py", line 87, in search_books_api
    } for book in page_obj
                  ^^^^^^^^
  File "<frozen _collections_abc>", line 1031, in __iter__
  File "C:\Users\T.SHIGARAKI\Desktop\Projet-Bibliotheque\Projet-bibliotheque-admin\venv_admin\Lib\site-packages\django\core\paginator.py", line 202, in __getitem__
    self.object_list = list(self.object_list)
                       ~~~~^^^^^^^^^^^^^^^^^^
  File "C:\Users\T.SHIGARAKI\Desktop\Projet-Bibliotheque\Projet-bibliotheque-admin\venv_admin\Lib\site-packages\django\db\models\query.py", line 384, in __iter__
    self._fetch_all()
    ~~~~~~~~~~~~~~~^^
  File "C:\Users\T.SHIGARAKI\Desktop\Projet-Bibliotheque\Projet-bibliotheque-admin\venv_admin\Lib\site-packages\django\db\models\query.py", line 1945, in _fetch_all
    self._result_cache = list(self._iterable_class(self))
                         ~~~~^^^^^^^^^^^^^^^^^^^^^^^^^^^^
  File "C:\Users\T.SHIGARAKI\Desktop\Projet-Bibliotheque\Projet-bibliotheque-admin\venv_admin\Lib\site-packages\django\db\models\query.py", line 91, in __iter__
    results = compiler.execute_sql(
        chunked_fetch=self.chunked_fetch, chunk_size=self.chunk_size
    )
  File "C:\Users\T.SHIGARAKI\Desktop\Projet-Bibliotheque\Projet-bibliotheque-admin\venv_admin\Lib\site-packages\django\db\models\sql\compiler.py", line 1623, in execute_sql
    cursor.execute(sql, params)
    ~~~~~~~~~~~~~~^^^^^^^^^^^^^
  File "C:\Users\T.SHIGARAKI\Desktop\Projet-Bibliotheque\Projet-bibliotheque-admin\venv_admin\Lib\site-packages\django\db\backends\utils.py", line 122, in execute
    return super().execute(sql, params)
           ~~~~~~~~~~~~~~~^^^^^^^^^^^^^
  File "C:\Users\T.SHIGARAKI\Desktop\Projet-Bibliotheque\Projet-bibliotheque-admin\venv_admin\Lib\site-packages\django\db\backends\utils.py", line 79, in execute
    return self._execute_with_wrappers(
           ~~~~~~~~~~~~~~~~~~~~~~~~~~~^
        sql, params, many=False, executor=self._execute
        ^^^^^^^^^^^^^^^^^^^^^^^^^^^^^^^^^^^^^^^^^^^^^^^
    )
    ^
  File "C:\Users\T.SHIGARAKI\Desktop\Projet-Bibliotheque\Projet-bibliotheque-admin\venv_admin\Lib\site-packages\django\db\backends\utils.py", line 92, in _execute_with_wrappers
    return executor(sql, params, many, context)
  File "C:\Users\T.SHIGARAKI\Desktop\Projet-Bibliotheque\Projet-bibliotheque-admin\venv_admin\Lib\site-packages\django\db\backends\utils.py", line 100, in _execute
    with self.db.wrap_database_errors:
         ^^^^^^^^^^^^^^^^^^^^^^^^^^^^
  File "C:\Users\T.SHIGARAKI\Desktop\Projet-Bibliotheque\Projet-bibliotheque-admin\venv_admin\Lib\site-packages\django\db\utils.py", line 91, in __exit__
    raise dj_exc_value.with_traceback(traceback) from exc_value
  File "C:\Users\T.SHIGARAKI\Desktop\Projet-Bibliotheque\Projet-bibliotheque-admin\venv_admin\Lib\site-packages\django\db\backends\utils.py", line 105, in _execute
    return self.cursor.execute(sql, params)
           ~~~~~~~~~~~~~~~~~~~^^^^^^^^^^^^^
  File "C:\Users\T.SHIGARAKI\Desktop\Projet-Bibliotheque\Projet-bibliotheque-admin\venv_admin\Lib\site-packages\django\db\backends\mysql\base.py", line 76, in execute
    return self.cursor.execute(query, args)
           ~~~~~~~~~~~~~~~~~~~^^^^^^^^^^^^^
  File "C:\Users\T.SHIGARAKI\Desktop\Projet-Bibliotheque\Projet-bibliotheque-admin\venv_admin\Lib\site-packages\pymysql\cursors.py", line 153, in execute
    result = self._query(query)
  File "C:\Users\T.SHIGARAKI\Desktop\Projet-Bibliotheque\Projet-bibliotheque-admin\venv_admin\Lib\site-packages\pymysql\cursors.py", line 322, in _query
    conn.query(q)
    ~~~~~~~~~~^^^
  File "C:\Users\T.SHIGARAKI\Desktop\Projet-Bibliotheque\Projet-bibliotheque-admin\venv_admin\Lib\site-packages\pymysql\connections.py", line 563, in query
    self._affected_rows = self._read_query_result(unbuffered=unbuffered)
                          ~~~~~~~~~~~~~~~~~~~~~~~^^^^^^^^^^^^^^^^^^^^^^^
  File "C:\Users\T.SHIGARAKI\Desktop\Projet-Bibliotheque\Projet-bibliotheque-admin\venv_admin\Lib\site-packages\pymysql\connections.py", line 825, in _read_query_result
    result.read()
    ~~~~~~~~~~~^^
  File "C:\Users\T.SHIGARAKI\Desktop\Projet-Bibliotheque\Projet-bibliotheque-admin\venv_admin\Lib\site-packages\pymysql\connections.py", line 1199, in read
    first_packet = self.connection._read_packet()
  File "C:\Users\T.SHIGARAKI\Desktop\Projet-Bibliotheque\Projet-bibliotheque-admin\venv_admin\Lib\site-packages\pymysql\connections.py", line 775, in _read_packet
    packet.raise_for_error()
    ~~~~~~~~~~~~~~~~~~~~~~^^
  File "C:\Users\T.SHIGARAKI\Desktop\Projet-Bibliotheque\Projet-bibliotheque-admin\venv_admin\Lib\site-packages\pymysql\protocol.py", line 219, in raise_for_error
    err.raise_mysql_exception(self._data)
    ~~~~~~~~~~~~~~~~~~~~~~~~~^^^^^^^^^^^^
  File "C:\Users\T.SHIGARAKI\Desktop\Projet-Bibliotheque\Projet-bibliotheque-admin\venv_admin\Lib\site-packages\pymysql\err.py", line 150, in raise_mysql_exception
    raise errorclass(errno, errval)
django.db.utils.OperationalError: (1054, "Champ 'books_book.quantity' inconnu dans field list")
Notification count: total=1
Notification count: total=1
Notification count: total=1
Notification count: total=1
Notification count: total=1
Notification count: total=1
C:\Users\T.SHIGARAKI\Desktop\Projet-Bibliotheque\Projet-bibliotheque-admin\books\models.py changed, reloading.
Watching for file changes with StatReloader
Watching for file changes with StatReloader
Notification count: total=1
Notification count: total=1
Notification count: total=1
Notification count: total=1
Notification count: total=1
Notification count: total=1
Notification count: total=1
C:\Users\T.SHIGARAKI\Desktop\Projet-Bibliotheque\Projet-bibliotheque-admin\admin_librairy_project\settings.py changed, reloading.
Watching for file changes with StatReloader
C:\Users\T.SHIGARAKI\Desktop\Projet-Bibliotheque\Projet-bibliotheque-admin\notifications\models.py changed, reloading.
Watching for file changes with StatReloader
C:\Users\T.SHIGARAKI\Desktop\Projet-Bibliotheque\Projet-bibliotheque-admin\notifications\signals.py changed, reloading.
Watching for file changes with StatReloader
C:\Users\T.SHIGARAKI\Desktop\Projet-Bibliotheque\Projet-bibliotheque-admin\notifications\views.py changed, reloading.
Watching for file changes with StatReloader
Notification count: total=1
Notification count: total=1
Watching for file changes with StatReloader
Notification count: total=1
Notification count: total=1
Not Found: /media/covers/0b179504-412d-4af7-9e00-3e3d92633577.jpg
Notification count: total=1
Notification count: total=1
Notification count: total=1
Total des notifications affichées: 1
Notification count: total=1
Notification count: total=1
Notification count: total=1
Notification count: total=1
Notification count: total=1
Not Found: /media/covers/image2.jpg
Not Found: /media/covers/0b179504-412d-4af7-9e00-3e3d92633577.jpg
Not Found: /media/ebooks/Planning_modifié_du_14_JUIN_AU_21_JUIN_EBOLOWA_yaiF7it.pdf
Notification count: total=1
Not Found: /media/ebooks/Exposé_sur_les_Patrons_de_Conception_et_leurs_Modèles_Associés.pdf
Notification count: total=1
Notification count: total=2
Notification count: total=2
Notification count: total=2
Notification count: total=2
Notification count: total=2
Notification count: total=2
Notification count: total=2
Notification count: total=2
Notification count: total=2
Notification count: total=2
Notification count: total=2
Notification count: total=2
Notification count: total=2
Notification count: total=2
Notification count: total=2
Notification count: total=2
Notification count: total=2
Notification count: total=2
Notification count: total=2
Notification count: total=2
Notification count: total=2
Notification count: total=2
Notification count: total=2
Internal Server Error: /books/
Traceback (most recent call last):
  File "C:\Users\T.SHIGARAKI\Desktop\Projet-Bibliotheque\Projet-bibliotheque-admin\venv_admin\Lib\site-packages\django\template\base.py", line 510, in parse
    compile_func = self.tags[command]
                   ~~~~~~~~~^^^^^^^^^
KeyError: 'endblock'

During handling of the above exception, another exception occurred:

Traceback (most recent call last):
  File "C:\Users\T.SHIGARAKI\Desktop\Projet-Bibliotheque\Projet-bibliotheque-admin\venv_admin\Lib\site-packages\django\core\handlers\exception.py", line 55, in inner
    response = get_response(request)
  File "C:\Users\T.SHIGARAKI\Desktop\Projet-Bibliotheque\Projet-bibliotheque-admin\venv_admin\Lib\site-packages\django\core\handlers\base.py", line 197, in _get_response
    response = wrapped_callback(request, *callback_args, **callback_kwargs)
  File "C:\Users\T.SHIGARAKI\Desktop\Projet-Bibliotheque\Projet-bibliotheque-admin\books\views.py", line 23, in librarian_dashboard
    return render(request, 'books/librarian_dashboard.html', {
        'books': books,
        'document_types': document_types,
        'academic_levels': academic_levels
    })
  File "C:\Users\T.SHIGARAKI\Desktop\Projet-Bibliotheque\Projet-bibliotheque-admin\venv_admin\Lib\site-packages\django\shortcuts.py", line 25, in render
    content = loader.render_to_string(template_name, context, request, using=using)
  File "C:\Users\T.SHIGARAKI\Desktop\Projet-Bibliotheque\Projet-bibliotheque-admin\venv_admin\Lib\site-packages\django\template\loader.py", line 61, in render_to_string
    template = get_template(template_name, using=using)
  File "C:\Users\T.SHIGARAKI\Desktop\Projet-Bibliotheque\Projet-bibliotheque-admin\venv_admin\Lib\site-packages\django\template\loader.py", line 15, in get_template
    return engine.get_template(template_name)
           ~~~~~~~~~~~~~~~~~~~^^^^^^^^^^^^^^^
  File "C:\Users\T.SHIGARAKI\Desktop\Projet-Bibliotheque\Projet-bibliotheque-admin\venv_admin\Lib\site-packages\django\template\backends\django.py", line 79, in get_template
    return Template(self.engine.get_template(template_name), self)
                    ~~~~~~~~~~~~~~~~~~~~~~~~^^^^^^^^^^^^^^^
  File "C:\Users\T.SHIGARAKI\Desktop\Projet-Bibliotheque\Projet-bibliotheque-admin\venv_admin\Lib\site-packages\django\template\engine.py", line 177, in get_template
    template, origin = self.find_template(template_name)
                       ~~~~~~~~~~~~~~~~~~^^^^^^^^^^^^^^^
  File "C:\Users\T.SHIGARAKI\Desktop\Projet-Bibliotheque\Projet-bibliotheque-admin\venv_admin\Lib\site-packages\django\template\engine.py", line 159, in find_template
    template = loader.get_template(name, skip=skip)
  File "C:\Users\T.SHIGARAKI\Desktop\Projet-Bibliotheque\Projet-bibliotheque-admin\venv_admin\Lib\site-packages\django\template\loaders\cached.py", line 57, in get_template
    template = super().get_template(template_name, skip)
  File "C:\Users\T.SHIGARAKI\Desktop\Projet-Bibliotheque\Projet-bibliotheque-admin\venv_admin\Lib\site-packages\django\template\loaders\base.py", line 28, in get_template
    return Template(
        contents,
    ...<2 lines>...
        self.engine,
    )
  File "C:\Users\T.SHIGARAKI\Desktop\Projet-Bibliotheque\Projet-bibliotheque-admin\venv_admin\Lib\site-packages\django\template\base.py", line 154, in __init__
    self.nodelist = self.compile_nodelist()
                    ~~~~~~~~~~~~~~~~~~~~~^^
  File "C:\Users\T.SHIGARAKI\Desktop\Projet-Bibliotheque\Projet-bibliotheque-admin\venv_admin\Lib\site-packages\django\template\base.py", line 196, in compile_nodelist
    nodelist = parser.parse()
  File "C:\Users\T.SHIGARAKI\Desktop\Projet-Bibliotheque\Projet-bibliotheque-admin\venv_admin\Lib\site-packages\django\template\base.py", line 518, in parse
    raise self.error(token, e)
  File "C:\Users\T.SHIGARAKI\Desktop\Projet-Bibliotheque\Projet-bibliotheque-admin\venv_admin\Lib\site-packages\django\template\base.py", line 516, in parse
    compiled_result = compile_func(self, token)
  File "C:\Users\T.SHIGARAKI\Desktop\Projet-Bibliotheque\Projet-bibliotheque-admin\venv_admin\Lib\site-packages\django\template\loader_tags.py", line 299, in do_extends
    nodelist = parser.parse()
  File "C:\Users\T.SHIGARAKI\Desktop\Projet-Bibliotheque\Projet-bibliotheque-admin\venv_admin\Lib\site-packages\django\template\base.py", line 512, in parse
    self.invalid_block_tag(token, command, parse_until)
    ~~~~~~~~~~~~~~~~~~~~~~^^^^^^^^^^^^^^^^^^^^^^^^^^^^^
  File "C:\Users\T.SHIGARAKI\Desktop\Projet-Bibliotheque\Projet-bibliotheque-admin\venv_admin\Lib\site-packages\django\template\base.py", line 577, in invalid_block_tag
    raise self.error(
    ...<3 lines>...
    )
django.template.exceptions.TemplateSyntaxError: Invalid block tag on line 441: 'endblock'. Did you forget to register or load this tag?
Notification count: total=2
Notification count: total=2
Notification count: total=2
Notification count: total=2
Notification count: total=2
Notification count: total=2
Notification count: total=2
Notification count: total=2
Notification count: total=2
Notification count: total=2
Notification count: total=2
Notification count: total=2
Notification count: total=2
Notification count: total=2
Notification count: total=2
Notification count: total=2
Notification count: total=2
Notification count: total=2
Notification count: total=2
Notification count: total=2
Notification count: total=2
Notification count: total=2
Notification count: total=2
Notification count: total=2
Notification count: total=2
Notification count: total=2
Notification count: total=2
Notification count: total=2
Notification count: total=2
Notification count: total=2
Notification count: total=2
Notification count: total=2
Notification count: total=2
Notification count: total=2
Notification count: total=2
Notification count: total=2
Notification count: total=2
Notification count: total=2
Notification count: total=2
Notification count: total=2
Notification count: total=2
Notification count: total=2
Notification count: total=2
Watching for file changes with StatReloader
Notification count: total=2
Notification count: total=2
Notification count: total=2
Watching for file changes with StatReloader
Notification count: total=2
Notification count: total=2
Notification count: total=2
Not Found: /favicon.ico
Notification count: total=2
Notification count: total=2
Watching for file changes with StatReloader
Not Found: /favicon.ico
Notification count: total=2
Notification count: total=2
Notification count: total=2
Notification count: total=2
Notification count: total=2
Notification count: total=2
Notification count: total=2
Notification count: total=2
Notification count: total=2
Notification count: total=2
Notification count: total=2
Notification count: total=2
Notification count: total=2
Watching for file changes with StatReloader
Notification count: total=2
Not Found: /favicon.ico
Notification count: total=2
Notification count: total=2
Watching for file changes with StatReloader
Not Found: /favicon.ico
Internal Server Error: /users/register/
Traceback (most recent call last):
  File "C:\Users\T.SHIGARAKI\Desktop\Projet-Bibliotheque\Projet-bibliotheque-admin\venv_admin\Lib\site-packages\django\core\handlers\exception.py", line 55, in inner
    response = get_response(request)
  File "C:\Users\T.SHIGARAKI\Desktop\Projet-Bibliotheque\Projet-bibliotheque-admin\venv_admin\Lib\site-packages\django\core\handlers\base.py", line 197, in _get_response
    response = wrapped_callback(request, *callback_args, **callback_kwargs)
  File "C:\Users\T.SHIGARAKI\Desktop\Projet-Bibliotheque\Projet-bibliotheque-admin\users\views.py", line 15, in register_view
    form.save()
    ~~~~~~~~~^^
  File "C:\Users\T.SHIGARAKI\Desktop\Projet-Bibliotheque\Projet-bibliotheque-admin\users\forms.py", line 20, in save
    user.is_librarian = True  # Force le rôle à bibliothécaire
    ^^^^^^^^^^^^^^^^^
AttributeError: property 'is_librarian' of 'CustomUser' object has no setter
C:\Users\T.SHIGARAKI\Desktop\Projet-Bibliotheque\Projet-bibliotheque-admin\users\models.py changed, reloading.
Watching for file changes with StatReloader
C:\Users\T.SHIGARAKI\Desktop\Projet-Bibliotheque\Projet-bibliotheque-admin\users\views.py changed, reloading.
Watching for file changes with StatReloader
C:\Users\T.SHIGARAKI\Desktop\Projet-Bibliotheque\Projet-bibliotheque-admin\users\forms.py changed, reloading.
Watching for file changes with StatReloader
C:\Users\T.SHIGARAKI\Desktop\Projet-Bibliotheque\Projet-bibliotheque-admin\users\views.py changed, reloading.
Watching for file changes with StatReloader
C:\Users\T.SHIGARAKI\Desktop\Projet-Bibliotheque\Projet-bibliotheque-admin\users\views.py changed, reloading.
Watching for file changes with StatReloader
C:\Users\T.SHIGARAKI\Desktop\Projet-Bibliotheque\Projet-bibliotheque-admin\users\views.py changed, reloading.
Watching for file changes with StatReloader
C:\Users\T.SHIGARAKI\Desktop\Projet-Bibliotheque\Projet-bibliotheque-admin\users\urls.py changed, reloading.
Watching for file changes with StatReloader
Watching for file changes with StatReloader
Notification count: total=0
Notification count: total=0
Notification count: total=0
Notification count: total=0
Notification count: total=0
Notification count: total=0
Internal Server Error: /users/manage-users/
Traceback (most recent call last):
  File "C:\Users\T.SHIGARAKI\Desktop\Projet-Bibliotheque\Projet-bibliotheque-admin\venv_admin\Lib\site-packages\django\urls\base.py", line 81, in reverse
    extra, resolver = resolver.namespace_dict[ns]
                      ~~~~~~~~~~~~~~~~~~~~~~~^^^^
KeyError: 'users'

During handling of the above exception, another exception occurred:

Traceback (most recent call last):
  File "C:\Users\T.SHIGARAKI\Desktop\Projet-Bibliotheque\Projet-bibliotheque-admin\venv_admin\Lib\site-packages\django\core\handlers\exception.py", line 55, in inner
    response = get_response(request)
  File "C:\Users\T.SHIGARAKI\Desktop\Projet-Bibliotheque\Projet-bibliotheque-admin\venv_admin\Lib\site-packages\django\core\handlers\base.py", line 197, in _get_response
    response = wrapped_callback(request, *callback_args, **callback_kwargs)
  File "C:\Users\T.SHIGARAKI\Desktop\Projet-Bibliotheque\Projet-bibliotheque-admin\venv_admin\Lib\site-packages\django\contrib\auth\decorators.py", line 59, in _view_wrapper
    return view_func(request, *args, **kwargs)
  File "C:\Users\T.SHIGARAKI\Desktop\Projet-Bibliotheque\Projet-bibliotheque-admin\users\views.py", line 73, in manage_users
    return render(request, 'users/manage_users.html', {
        'users': users,
    })
  File "C:\Users\T.SHIGARAKI\Desktop\Projet-Bibliotheque\Projet-bibliotheque-admin\venv_admin\Lib\site-packages\django\shortcuts.py", line 25, in render
    content = loader.render_to_string(template_name, context, request, using=using)
  File "C:\Users\T.SHIGARAKI\Desktop\Projet-Bibliotheque\Projet-bibliotheque-admin\venv_admin\Lib\site-packages\django\template\loader.py", line 62, in render_to_string
    return template.render(context, request)
           ~~~~~~~~~~~~~~~^^^^^^^^^^^^^^^^^^
  File "C:\Users\T.SHIGARAKI\Desktop\Projet-Bibliotheque\Projet-bibliotheque-admin\venv_admin\Lib\site-packages\django\template\backends\django.py", line 107, in render
    return self.template.render(context)
           ~~~~~~~~~~~~~~~~~~~~^^^^^^^^^
  File "C:\Users\T.SHIGARAKI\Desktop\Projet-Bibliotheque\Projet-bibliotheque-admin\venv_admin\Lib\site-packages\django\template\base.py", line 171, in render
    return self._render(context)
           ~~~~~~~~~~~~^^^^^^^^^
  File "C:\Users\T.SHIGARAKI\Desktop\Projet-Bibliotheque\Projet-bibliotheque-admin\venv_admin\Lib\site-packages\django\template\base.py", line 163, in _render
    return self.nodelist.render(context)
           ~~~~~~~~~~~~~~~~~~~~^^^^^^^^^
  File "C:\Users\T.SHIGARAKI\Desktop\Projet-Bibliotheque\Projet-bibliotheque-admin\venv_admin\Lib\site-packages\django\template\base.py", line 1016, in render
    return SafeString("".join([node.render_annotated(context) for node in self]))
                               ~~~~~~~~~~~~~~~~~~~~~^^^^^^^^^
  File "C:\Users\T.SHIGARAKI\Desktop\Projet-Bibliotheque\Projet-bibliotheque-admin\venv_admin\Lib\site-packages\django\template\base.py", line 977, in render_annotated
    return self.render(context)
           ~~~~~~~~~~~^^^^^^^^^
  File "C:\Users\T.SHIGARAKI\Desktop\Projet-Bibliotheque\Projet-bibliotheque-admin\venv_admin\Lib\site-packages\django\template\loader_tags.py", line 159, in render
    return compiled_parent._render(context)
           ~~~~~~~~~~~~~~~~~~~~~~~^^^^^^^^^
  File "C:\Users\T.SHIGARAKI\Desktop\Projet-Bibliotheque\Projet-bibliotheque-admin\venv_admin\Lib\site-packages\django\template\base.py", line 163, in _render
    return self.nodelist.render(context)
           ~~~~~~~~~~~~~~~~~~~~^^^^^^^^^
  File "C:\Users\T.SHIGARAKI\Desktop\Projet-Bibliotheque\Projet-bibliotheque-admin\venv_admin\Lib\site-packages\django\template\base.py", line 1016, in render
    return SafeString("".join([node.render_annotated(context) for node in self]))
                               ~~~~~~~~~~~~~~~~~~~~~^^^^^^^^^
  File "C:\Users\T.SHIGARAKI\Desktop\Projet-Bibliotheque\Projet-bibliotheque-admin\venv_admin\Lib\site-packages\django\template\base.py", line 977, in render_annotated
    return self.render(context)
           ~~~~~~~~~~~^^^^^^^^^
  File "C:\Users\T.SHIGARAKI\Desktop\Projet-Bibliotheque\Projet-bibliotheque-admin\venv_admin\Lib\site-packages\django\template\loader_tags.py", line 65, in render
    result = block.nodelist.render(context)
  File "C:\Users\T.SHIGARAKI\Desktop\Projet-Bibliotheque\Projet-bibliotheque-admin\venv_admin\Lib\site-packages\django\template\base.py", line 1016, in render
    return SafeString("".join([node.render_annotated(context) for node in self]))
                               ~~~~~~~~~~~~~~~~~~~~~^^^^^^^^^
  File "C:\Users\T.SHIGARAKI\Desktop\Projet-Bibliotheque\Projet-bibliotheque-admin\venv_admin\Lib\site-packages\django\template\base.py", line 977, in render_annotated
    return self.render(context)
           ~~~~~~~~~~~^^^^^^^^^
  File "C:\Users\T.SHIGARAKI\Desktop\Projet-Bibliotheque\Projet-bibliotheque-admin\venv_admin\Lib\site-packages\django\template\defaulttags.py", line 480, in render
    url = reverse(view_name, args=args, kwargs=kwargs, current_app=current_app)
  File "C:\Users\T.SHIGARAKI\Desktop\Projet-Bibliotheque\Projet-bibliotheque-admin\venv_admin\Lib\site-packages\django\urls\base.py", line 92, in reverse
    raise NoReverseMatch("%s is not a registered namespace" % key)
django.urls.exceptions.NoReverseMatch: 'users' is not a registered namespace
Notification count: total=0
Internal Server Error: /users/manage-users/
Traceback (most recent call last):
  File "C:\Users\T.SHIGARAKI\Desktop\Projet-Bibliotheque\Projet-bibliotheque-admin\venv_admin\Lib\site-packages\django\urls\base.py", line 81, in reverse
    extra, resolver = resolver.namespace_dict[ns]
                      ~~~~~~~~~~~~~~~~~~~~~~~^^^^
KeyError: 'users'

During handling of the above exception, another exception occurred:

Traceback (most recent call last):
  File "C:\Users\T.SHIGARAKI\Desktop\Projet-Bibliotheque\Projet-bibliotheque-admin\venv_admin\Lib\site-packages\django\core\handlers\exception.py", line 55, in inner
    response = get_response(request)
  File "C:\Users\T.SHIGARAKI\Desktop\Projet-Bibliotheque\Projet-bibliotheque-admin\venv_admin\Lib\site-packages\django\core\handlers\base.py", line 197, in _get_response
    response = wrapped_callback(request, *callback_args, **callback_kwargs)
  File "C:\Users\T.SHIGARAKI\Desktop\Projet-Bibliotheque\Projet-bibliotheque-admin\venv_admin\Lib\site-packages\django\contrib\auth\decorators.py", line 59, in _view_wrapper
    return view_func(request, *args, **kwargs)
  File "C:\Users\T.SHIGARAKI\Desktop\Projet-Bibliotheque\Projet-bibliotheque-admin\users\views.py", line 73, in manage_users
    return render(request, 'users/manage_users.html', {
        'users': users,
    })
  File "C:\Users\T.SHIGARAKI\Desktop\Projet-Bibliotheque\Projet-bibliotheque-admin\venv_admin\Lib\site-packages\django\shortcuts.py", line 25, in render
    content = loader.render_to_string(template_name, context, request, using=using)
  File "C:\Users\T.SHIGARAKI\Desktop\Projet-Bibliotheque\Projet-bibliotheque-admin\venv_admin\Lib\site-packages\django\template\loader.py", line 62, in render_to_string
    return template.render(context, request)
           ~~~~~~~~~~~~~~~^^^^^^^^^^^^^^^^^^
  File "C:\Users\T.SHIGARAKI\Desktop\Projet-Bibliotheque\Projet-bibliotheque-admin\venv_admin\Lib\site-packages\django\template\backends\django.py", line 107, in render
    return self.template.render(context)
           ~~~~~~~~~~~~~~~~~~~~^^^^^^^^^
  File "C:\Users\T.SHIGARAKI\Desktop\Projet-Bibliotheque\Projet-bibliotheque-admin\venv_admin\Lib\site-packages\django\template\base.py", line 171, in render
    return self._render(context)
           ~~~~~~~~~~~~^^^^^^^^^
  File "C:\Users\T.SHIGARAKI\Desktop\Projet-Bibliotheque\Projet-bibliotheque-admin\venv_admin\Lib\site-packages\django\template\base.py", line 163, in _render
    return self.nodelist.render(context)
           ~~~~~~~~~~~~~~~~~~~~^^^^^^^^^
  File "C:\Users\T.SHIGARAKI\Desktop\Projet-Bibliotheque\Projet-bibliotheque-admin\venv_admin\Lib\site-packages\django\template\base.py", line 1016, in render
    return SafeString("".join([node.render_annotated(context) for node in self]))
                               ~~~~~~~~~~~~~~~~~~~~~^^^^^^^^^
  File "C:\Users\T.SHIGARAKI\Desktop\Projet-Bibliotheque\Projet-bibliotheque-admin\venv_admin\Lib\site-packages\django\template\base.py", line 977, in render_annotated
    return self.render(context)
           ~~~~~~~~~~~^^^^^^^^^
  File "C:\Users\T.SHIGARAKI\Desktop\Projet-Bibliotheque\Projet-bibliotheque-admin\venv_admin\Lib\site-packages\django\template\loader_tags.py", line 159, in render
    return compiled_parent._render(context)
           ~~~~~~~~~~~~~~~~~~~~~~~^^^^^^^^^
  File "C:\Users\T.SHIGARAKI\Desktop\Projet-Bibliotheque\Projet-bibliotheque-admin\venv_admin\Lib\site-packages\django\template\base.py", line 163, in _render
    return self.nodelist.render(context)
           ~~~~~~~~~~~~~~~~~~~~^^^^^^^^^
  File "C:\Users\T.SHIGARAKI\Desktop\Projet-Bibliotheque\Projet-bibliotheque-admin\venv_admin\Lib\site-packages\django\template\base.py", line 1016, in render
    return SafeString("".join([node.render_annotated(context) for node in self]))
                               ~~~~~~~~~~~~~~~~~~~~~^^^^^^^^^
  File "C:\Users\T.SHIGARAKI\Desktop\Projet-Bibliotheque\Projet-bibliotheque-admin\venv_admin\Lib\site-packages\django\template\base.py", line 977, in render_annotated
    return self.render(context)
           ~~~~~~~~~~~^^^^^^^^^
  File "C:\Users\T.SHIGARAKI\Desktop\Projet-Bibliotheque\Projet-bibliotheque-admin\venv_admin\Lib\site-packages\django\template\loader_tags.py", line 65, in render
    result = block.nodelist.render(context)
  File "C:\Users\T.SHIGARAKI\Desktop\Projet-Bibliotheque\Projet-bibliotheque-admin\venv_admin\Lib\site-packages\django\template\base.py", line 1016, in render
    return SafeString("".join([node.render_annotated(context) for node in self]))
                               ~~~~~~~~~~~~~~~~~~~~~^^^^^^^^^
  File "C:\Users\T.SHIGARAKI\Desktop\Projet-Bibliotheque\Projet-bibliotheque-admin\venv_admin\Lib\site-packages\django\template\base.py", line 977, in render_annotated
    return self.render(context)
           ~~~~~~~~~~~^^^^^^^^^
  File "C:\Users\T.SHIGARAKI\Desktop\Projet-Bibliotheque\Projet-bibliotheque-admin\venv_admin\Lib\site-packages\django\template\defaulttags.py", line 480, in render
    url = reverse(view_name, args=args, kwargs=kwargs, current_app=current_app)
  File "C:\Users\T.SHIGARAKI\Desktop\Projet-Bibliotheque\Projet-bibliotheque-admin\venv_admin\Lib\site-packages\django\urls\base.py", line 92, in reverse
    raise NoReverseMatch("%s is not a registered namespace" % key)
django.urls.exceptions.NoReverseMatch: 'users' is not a registered namespace
Internal Server Error: /users/manage-users/
Traceback (most recent call last):
  File "C:\Users\T.SHIGARAKI\Desktop\Projet-Bibliotheque\Projet-bibliotheque-admin\venv_admin\Lib\site-packages\django\urls\base.py", line 81, in reverse
    extra, resolver = resolver.namespace_dict[ns]
                      ~~~~~~~~~~~~~~~~~~~~~~~^^^^
KeyError: 'users'

During handling of the above exception, another exception occurred:

Traceback (most recent call last):
  File "C:\Users\T.SHIGARAKI\Desktop\Projet-Bibliotheque\Projet-bibliotheque-admin\venv_admin\Lib\site-packages\django\core\handlers\exception.py", line 55, in inner
    response = get_response(request)
  File "C:\Users\T.SHIGARAKI\Desktop\Projet-Bibliotheque\Projet-bibliotheque-admin\venv_admin\Lib\site-packages\django\core\handlers\base.py", line 197, in _get_response
    response = wrapped_callback(request, *callback_args, **callback_kwargs)
  File "C:\Users\T.SHIGARAKI\Desktop\Projet-Bibliotheque\Projet-bibliotheque-admin\venv_admin\Lib\site-packages\django\contrib\auth\decorators.py", line 59, in _view_wrapper
    return view_func(request, *args, **kwargs)
  File "C:\Users\T.SHIGARAKI\Desktop\Projet-Bibliotheque\Projet-bibliotheque-admin\users\views.py", line 73, in manage_users
    return render(request, 'users/manage_users.html', {
        'users': users,
    })
  File "C:\Users\T.SHIGARAKI\Desktop\Projet-Bibliotheque\Projet-bibliotheque-admin\venv_admin\Lib\site-packages\django\shortcuts.py", line 25, in render
    content = loader.render_to_string(template_name, context, request, using=using)
  File "C:\Users\T.SHIGARAKI\Desktop\Projet-Bibliotheque\Projet-bibliotheque-admin\venv_admin\Lib\site-packages\django\template\loader.py", line 62, in render_to_string
    return template.render(context, request)
           ~~~~~~~~~~~~~~~^^^^^^^^^^^^^^^^^^
  File "C:\Users\T.SHIGARAKI\Desktop\Projet-Bibliotheque\Projet-bibliotheque-admin\venv_admin\Lib\site-packages\django\template\backends\django.py", line 107, in render
    return self.template.render(context)
           ~~~~~~~~~~~~~~~~~~~~^^^^^^^^^
  File "C:\Users\T.SHIGARAKI\Desktop\Projet-Bibliotheque\Projet-bibliotheque-admin\venv_admin\Lib\site-packages\django\template\base.py", line 171, in render
    return self._render(context)
           ~~~~~~~~~~~~^^^^^^^^^
  File "C:\Users\T.SHIGARAKI\Desktop\Projet-Bibliotheque\Projet-bibliotheque-admin\venv_admin\Lib\site-packages\django\template\base.py", line 163, in _render
    return self.nodelist.render(context)
           ~~~~~~~~~~~~~~~~~~~~^^^^^^^^^
  File "C:\Users\T.SHIGARAKI\Desktop\Projet-Bibliotheque\Projet-bibliotheque-admin\venv_admin\Lib\site-packages\django\template\base.py", line 1016, in render
    return SafeString("".join([node.render_annotated(context) for node in self]))
                               ~~~~~~~~~~~~~~~~~~~~~^^^^^^^^^
  File "C:\Users\T.SHIGARAKI\Desktop\Projet-Bibliotheque\Projet-bibliotheque-admin\venv_admin\Lib\site-packages\django\template\base.py", line 977, in render_annotated
    return self.render(context)
           ~~~~~~~~~~~^^^^^^^^^
  File "C:\Users\T.SHIGARAKI\Desktop\Projet-Bibliotheque\Projet-bibliotheque-admin\venv_admin\Lib\site-packages\django\template\loader_tags.py", line 159, in render
    return compiled_parent._render(context)
           ~~~~~~~~~~~~~~~~~~~~~~~^^^^^^^^^
  File "C:\Users\T.SHIGARAKI\Desktop\Projet-Bibliotheque\Projet-bibliotheque-admin\venv_admin\Lib\site-packages\django\template\base.py", line 163, in _render
    return self.nodelist.render(context)
           ~~~~~~~~~~~~~~~~~~~~^^^^^^^^^
  File "C:\Users\T.SHIGARAKI\Desktop\Projet-Bibliotheque\Projet-bibliotheque-admin\venv_admin\Lib\site-packages\django\template\base.py", line 1016, in render
    return SafeString("".join([node.render_annotated(context) for node in self]))
                               ~~~~~~~~~~~~~~~~~~~~~^^^^^^^^^
  File "C:\Users\T.SHIGARAKI\Desktop\Projet-Bibliotheque\Projet-bibliotheque-admin\venv_admin\Lib\site-packages\django\template\base.py", line 977, in render_annotated
    return self.render(context)
           ~~~~~~~~~~~^^^^^^^^^
  File "C:\Users\T.SHIGARAKI\Desktop\Projet-Bibliotheque\Projet-bibliotheque-admin\venv_admin\Lib\site-packages\django\template\loader_tags.py", line 65, in render
    result = block.nodelist.render(context)
  File "C:\Users\T.SHIGARAKI\Desktop\Projet-Bibliotheque\Projet-bibliotheque-admin\venv_admin\Lib\site-packages\django\template\base.py", line 1016, in render
    return SafeString("".join([node.render_annotated(context) for node in self]))
                               ~~~~~~~~~~~~~~~~~~~~~^^^^^^^^^
  File "C:\Users\T.SHIGARAKI\Desktop\Projet-Bibliotheque\Projet-bibliotheque-admin\venv_admin\Lib\site-packages\django\template\base.py", line 977, in render_annotated
    return self.render(context)
           ~~~~~~~~~~~^^^^^^^^^
  File "C:\Users\T.SHIGARAKI\Desktop\Projet-Bibliotheque\Projet-bibliotheque-admin\venv_admin\Lib\site-packages\django\template\defaulttags.py", line 480, in render
    url = reverse(view_name, args=args, kwargs=kwargs, current_app=current_app)
  File "C:\Users\T.SHIGARAKI\Desktop\Projet-Bibliotheque\Projet-bibliotheque-admin\venv_admin\Lib\site-packages\django\urls\base.py", line 92, in reverse
    raise NoReverseMatch("%s is not a registered namespace" % key)
django.urls.exceptions.NoReverseMatch: 'users' is not a registered namespace
C:\Users\T.SHIGARAKI\Desktop\Projet-Bibliotheque\Projet-bibliotheque-admin\users\urls.py changed, reloading.
Watching for file changes with StatReloader
Internal Server Error: /users/manage-users/
Traceback (most recent call last):
  File "C:\Users\T.SHIGARAKI\Desktop\Projet-Bibliotheque\Projet-bibliotheque-admin\venv_admin\Lib\site-packages\django\core\handlers\exception.py", line 55, in inner
    response = get_response(request)
  File "C:\Users\T.SHIGARAKI\Desktop\Projet-Bibliotheque\Projet-bibliotheque-admin\venv_admin\Lib\site-packages\django\core\handlers\base.py", line 197, in _get_response
    response = wrapped_callback(request, *callback_args, **callback_kwargs)
  File "C:\Users\T.SHIGARAKI\Desktop\Projet-Bibliotheque\Projet-bibliotheque-admin\venv_admin\Lib\site-packages\django\contrib\auth\decorators.py", line 59, in _view_wrapper
    return view_func(request, *args, **kwargs)
  File "C:\Users\T.SHIGARAKI\Desktop\Projet-Bibliotheque\Projet-bibliotheque-admin\users\views.py", line 73, in manage_users
    return render(request, 'users/manage_users.html', {
        'users': users,
    })
  File "C:\Users\T.SHIGARAKI\Desktop\Projet-Bibliotheque\Projet-bibliotheque-admin\venv_admin\Lib\site-packages\django\shortcuts.py", line 25, in render
    content = loader.render_to_string(template_name, context, request, using=using)
  File "C:\Users\T.SHIGARAKI\Desktop\Projet-Bibliotheque\Projet-bibliotheque-admin\venv_admin\Lib\site-packages\django\template\loader.py", line 62, in render_to_string
    return template.render(context, request)
           ~~~~~~~~~~~~~~~^^^^^^^^^^^^^^^^^^
  File "C:\Users\T.SHIGARAKI\Desktop\Projet-Bibliotheque\Projet-bibliotheque-admin\venv_admin\Lib\site-packages\django\template\backends\django.py", line 107, in render
    return self.template.render(context)
           ~~~~~~~~~~~~~~~~~~~~^^^^^^^^^
  File "C:\Users\T.SHIGARAKI\Desktop\Projet-Bibliotheque\Projet-bibliotheque-admin\venv_admin\Lib\site-packages\django\template\base.py", line 171, in render
    return self._render(context)
           ~~~~~~~~~~~~^^^^^^^^^
  File "C:\Users\T.SHIGARAKI\Desktop\Projet-Bibliotheque\Projet-bibliotheque-admin\venv_admin\Lib\site-packages\django\template\base.py", line 163, in _render
    return self.nodelist.render(context)
           ~~~~~~~~~~~~~~~~~~~~^^^^^^^^^
  File "C:\Users\T.SHIGARAKI\Desktop\Projet-Bibliotheque\Projet-bibliotheque-admin\venv_admin\Lib\site-packages\django\template\base.py", line 1016, in render
    return SafeString("".join([node.render_annotated(context) for node in self]))
                               ~~~~~~~~~~~~~~~~~~~~~^^^^^^^^^
  File "C:\Users\T.SHIGARAKI\Desktop\Projet-Bibliotheque\Projet-bibliotheque-admin\venv_admin\Lib\site-packages\django\template\base.py", line 977, in render_annotated
    return self.render(context)
           ~~~~~~~~~~~^^^^^^^^^
  File "C:\Users\T.SHIGARAKI\Desktop\Projet-Bibliotheque\Projet-bibliotheque-admin\venv_admin\Lib\site-packages\django\template\loader_tags.py", line 159, in render
    return compiled_parent._render(context)
           ~~~~~~~~~~~~~~~~~~~~~~~^^^^^^^^^
  File "C:\Users\T.SHIGARAKI\Desktop\Projet-Bibliotheque\Projet-bibliotheque-admin\venv_admin\Lib\site-packages\django\template\base.py", line 163, in _render
    return self.nodelist.render(context)
           ~~~~~~~~~~~~~~~~~~~~^^^^^^^^^
  File "C:\Users\T.SHIGARAKI\Desktop\Projet-Bibliotheque\Projet-bibliotheque-admin\venv_admin\Lib\site-packages\django\template\base.py", line 1016, in render
    return SafeString("".join([node.render_annotated(context) for node in self]))
                               ~~~~~~~~~~~~~~~~~~~~~^^^^^^^^^
  File "C:\Users\T.SHIGARAKI\Desktop\Projet-Bibliotheque\Projet-bibliotheque-admin\venv_admin\Lib\site-packages\django\template\base.py", line 977, in render_annotated
    return self.render(context)
           ~~~~~~~~~~~^^^^^^^^^
  File "C:\Users\T.SHIGARAKI\Desktop\Projet-Bibliotheque\Projet-bibliotheque-admin\venv_admin\Lib\site-packages\django\template\defaulttags.py", line 327, in render
    return nodelist.render(context)
           ~~~~~~~~~~~~~~~^^^^^^^^^
  File "C:\Users\T.SHIGARAKI\Desktop\Projet-Bibliotheque\Projet-bibliotheque-admin\venv_admin\Lib\site-packages\django\template\base.py", line 1016, in render
    return SafeString("".join([node.render_annotated(context) for node in self]))
                               ~~~~~~~~~~~~~~~~~~~~~^^^^^^^^^
  File "C:\Users\T.SHIGARAKI\Desktop\Projet-Bibliotheque\Projet-bibliotheque-admin\venv_admin\Lib\site-packages\django\template\base.py", line 977, in render_annotated
    return self.render(context)
           ~~~~~~~~~~~^^^^^^^^^
  File "C:\Users\T.SHIGARAKI\Desktop\Projet-Bibliotheque\Projet-bibliotheque-admin\venv_admin\Lib\site-packages\django\template\defaulttags.py", line 480, in render
    url = reverse(view_name, args=args, kwargs=kwargs, current_app=current_app)
  File "C:\Users\T.SHIGARAKI\Desktop\Projet-Bibliotheque\Projet-bibliotheque-admin\venv_admin\Lib\site-packages\django\urls\base.py", line 98, in reverse
    resolved_url = resolver._reverse_with_prefix(view, prefix, *args, **kwargs)
  File "C:\Users\T.SHIGARAKI\Desktop\Projet-Bibliotheque\Projet-bibliotheque-admin\venv_admin\Lib\site-packages\django\urls\resolvers.py", line 831, in _reverse_with_prefix
    raise NoReverseMatch(msg)
django.urls.exceptions.NoReverseMatch: Reverse for 'manage_users' not found. 'manage_users' is not a valid view function or pattern name.
Internal Server Error: /users/manage-users/
Traceback (most recent call last):
  File "C:\Users\T.SHIGARAKI\Desktop\Projet-Bibliotheque\Projet-bibliotheque-admin\venv_admin\Lib\site-packages\django\core\handlers\exception.py", line 55, in inner
    response = get_response(request)
  File "C:\Users\T.SHIGARAKI\Desktop\Projet-Bibliotheque\Projet-bibliotheque-admin\venv_admin\Lib\site-packages\django\core\handlers\base.py", line 197, in _get_response
    response = wrapped_callback(request, *callback_args, **callback_kwargs)
  File "C:\Users\T.SHIGARAKI\Desktop\Projet-Bibliotheque\Projet-bibliotheque-admin\venv_admin\Lib\site-packages\django\contrib\auth\decorators.py", line 59, in _view_wrapper
    return view_func(request, *args, **kwargs)
  File "C:\Users\T.SHIGARAKI\Desktop\Projet-Bibliotheque\Projet-bibliotheque-admin\users\views.py", line 73, in manage_users
    return render(request, 'users/manage_users.html', {
        'users': users,
    })
  File "C:\Users\T.SHIGARAKI\Desktop\Projet-Bibliotheque\Projet-bibliotheque-admin\venv_admin\Lib\site-packages\django\shortcuts.py", line 25, in render
    content = loader.render_to_string(template_name, context, request, using=using)
  File "C:\Users\T.SHIGARAKI\Desktop\Projet-Bibliotheque\Projet-bibliotheque-admin\venv_admin\Lib\site-packages\django\template\loader.py", line 62, in render_to_string
    return template.render(context, request)
           ~~~~~~~~~~~~~~~^^^^^^^^^^^^^^^^^^
  File "C:\Users\T.SHIGARAKI\Desktop\Projet-Bibliotheque\Projet-bibliotheque-admin\venv_admin\Lib\site-packages\django\template\backends\django.py", line 107, in render
    return self.template.render(context)
           ~~~~~~~~~~~~~~~~~~~~^^^^^^^^^
  File "C:\Users\T.SHIGARAKI\Desktop\Projet-Bibliotheque\Projet-bibliotheque-admin\venv_admin\Lib\site-packages\django\template\base.py", line 171, in render
    return self._render(context)
           ~~~~~~~~~~~~^^^^^^^^^
  File "C:\Users\T.SHIGARAKI\Desktop\Projet-Bibliotheque\Projet-bibliotheque-admin\venv_admin\Lib\site-packages\django\template\base.py", line 163, in _render
    return self.nodelist.render(context)
           ~~~~~~~~~~~~~~~~~~~~^^^^^^^^^
  File "C:\Users\T.SHIGARAKI\Desktop\Projet-Bibliotheque\Projet-bibliotheque-admin\venv_admin\Lib\site-packages\django\template\base.py", line 1016, in render
    return SafeString("".join([node.render_annotated(context) for node in self]))
                               ~~~~~~~~~~~~~~~~~~~~~^^^^^^^^^
  File "C:\Users\T.SHIGARAKI\Desktop\Projet-Bibliotheque\Projet-bibliotheque-admin\venv_admin\Lib\site-packages\django\template\base.py", line 977, in render_annotated
    return self.render(context)
           ~~~~~~~~~~~^^^^^^^^^
  File "C:\Users\T.SHIGARAKI\Desktop\Projet-Bibliotheque\Projet-bibliotheque-admin\venv_admin\Lib\site-packages\django\template\loader_tags.py", line 159, in render
    return compiled_parent._render(context)
           ~~~~~~~~~~~~~~~~~~~~~~~^^^^^^^^^
  File "C:\Users\T.SHIGARAKI\Desktop\Projet-Bibliotheque\Projet-bibliotheque-admin\venv_admin\Lib\site-packages\django\template\base.py", line 163, in _render
    return self.nodelist.render(context)
           ~~~~~~~~~~~~~~~~~~~~^^^^^^^^^
  File "C:\Users\T.SHIGARAKI\Desktop\Projet-Bibliotheque\Projet-bibliotheque-admin\venv_admin\Lib\site-packages\django\template\base.py", line 1016, in render
    return SafeString("".join([node.render_annotated(context) for node in self]))
                               ~~~~~~~~~~~~~~~~~~~~~^^^^^^^^^
  File "C:\Users\T.SHIGARAKI\Desktop\Projet-Bibliotheque\Projet-bibliotheque-admin\venv_admin\Lib\site-packages\django\template\base.py", line 977, in render_annotated
    return self.render(context)
           ~~~~~~~~~~~^^^^^^^^^
  File "C:\Users\T.SHIGARAKI\Desktop\Projet-Bibliotheque\Projet-bibliotheque-admin\venv_admin\Lib\site-packages\django\template\defaulttags.py", line 327, in render
    return nodelist.render(context)
           ~~~~~~~~~~~~~~~^^^^^^^^^
  File "C:\Users\T.SHIGARAKI\Desktop\Projet-Bibliotheque\Projet-bibliotheque-admin\venv_admin\Lib\site-packages\django\template\base.py", line 1016, in render
    return SafeString("".join([node.render_annotated(context) for node in self]))
                               ~~~~~~~~~~~~~~~~~~~~~^^^^^^^^^
  File "C:\Users\T.SHIGARAKI\Desktop\Projet-Bibliotheque\Projet-bibliotheque-admin\venv_admin\Lib\site-packages\django\template\base.py", line 977, in render_annotated
    return self.render(context)
           ~~~~~~~~~~~^^^^^^^^^
  File "C:\Users\T.SHIGARAKI\Desktop\Projet-Bibliotheque\Projet-bibliotheque-admin\venv_admin\Lib\site-packages\django\template\defaulttags.py", line 480, in render
    url = reverse(view_name, args=args, kwargs=kwargs, current_app=current_app)
  File "C:\Users\T.SHIGARAKI\Desktop\Projet-Bibliotheque\Projet-bibliotheque-admin\venv_admin\Lib\site-packages\django\urls\base.py", line 98, in reverse
    resolved_url = resolver._reverse_with_prefix(view, prefix, *args, **kwargs)
  File "C:\Users\T.SHIGARAKI\Desktop\Projet-Bibliotheque\Projet-bibliotheque-admin\venv_admin\Lib\site-packages\django\urls\resolvers.py", line 831, in _reverse_with_prefix
    raise NoReverseMatch(msg)
django.urls.exceptions.NoReverseMatch: Reverse for 'manage_users' not found. 'manage_users' is not a valid view function or pattern name.
Internal Server Error: /users/manage-users/
Traceback (most recent call last):
  File "C:\Users\T.SHIGARAKI\Desktop\Projet-Bibliotheque\Projet-bibliotheque-admin\venv_admin\Lib\site-packages\django\core\handlers\exception.py", line 55, in inner
    response = get_response(request)
  File "C:\Users\T.SHIGARAKI\Desktop\Projet-Bibliotheque\Projet-bibliotheque-admin\venv_admin\Lib\site-packages\django\core\handlers\base.py", line 197, in _get_response
    response = wrapped_callback(request, *callback_args, **callback_kwargs)
  File "C:\Users\T.SHIGARAKI\Desktop\Projet-Bibliotheque\Projet-bibliotheque-admin\venv_admin\Lib\site-packages\django\contrib\auth\decorators.py", line 59, in _view_wrapper
    return view_func(request, *args, **kwargs)
  File "C:\Users\T.SHIGARAKI\Desktop\Projet-Bibliotheque\Projet-bibliotheque-admin\users\views.py", line 73, in manage_users
    return render(request, 'users/manage_users.html', {
        'users': users,
    })
  File "C:\Users\T.SHIGARAKI\Desktop\Projet-Bibliotheque\Projet-bibliotheque-admin\venv_admin\Lib\site-packages\django\shortcuts.py", line 25, in render
    content = loader.render_to_string(template_name, context, request, using=using)
  File "C:\Users\T.SHIGARAKI\Desktop\Projet-Bibliotheque\Projet-bibliotheque-admin\venv_admin\Lib\site-packages\django\template\loader.py", line 62, in render_to_string
    return template.render(context, request)
           ~~~~~~~~~~~~~~~^^^^^^^^^^^^^^^^^^
  File "C:\Users\T.SHIGARAKI\Desktop\Projet-Bibliotheque\Projet-bibliotheque-admin\venv_admin\Lib\site-packages\django\template\backends\django.py", line 107, in render
    return self.template.render(context)
           ~~~~~~~~~~~~~~~~~~~~^^^^^^^^^
  File "C:\Users\T.SHIGARAKI\Desktop\Projet-Bibliotheque\Projet-bibliotheque-admin\venv_admin\Lib\site-packages\django\template\base.py", line 171, in render
    return self._render(context)
           ~~~~~~~~~~~~^^^^^^^^^
  File "C:\Users\T.SHIGARAKI\Desktop\Projet-Bibliotheque\Projet-bibliotheque-admin\venv_admin\Lib\site-packages\django\template\base.py", line 163, in _render
    return self.nodelist.render(context)
           ~~~~~~~~~~~~~~~~~~~~^^^^^^^^^
  File "C:\Users\T.SHIGARAKI\Desktop\Projet-Bibliotheque\Projet-bibliotheque-admin\venv_admin\Lib\site-packages\django\template\base.py", line 1016, in render
    return SafeString("".join([node.render_annotated(context) for node in self]))
                               ~~~~~~~~~~~~~~~~~~~~~^^^^^^^^^
  File "C:\Users\T.SHIGARAKI\Desktop\Projet-Bibliotheque\Projet-bibliotheque-admin\venv_admin\Lib\site-packages\django\template\base.py", line 977, in render_annotated
    return self.render(context)
           ~~~~~~~~~~~^^^^^^^^^
  File "C:\Users\T.SHIGARAKI\Desktop\Projet-Bibliotheque\Projet-bibliotheque-admin\venv_admin\Lib\site-packages\django\template\loader_tags.py", line 159, in render
    return compiled_parent._render(context)
           ~~~~~~~~~~~~~~~~~~~~~~~^^^^^^^^^
  File "C:\Users\T.SHIGARAKI\Desktop\Projet-Bibliotheque\Projet-bibliotheque-admin\venv_admin\Lib\site-packages\django\template\base.py", line 163, in _render
    return self.nodelist.render(context)
           ~~~~~~~~~~~~~~~~~~~~^^^^^^^^^
  File "C:\Users\T.SHIGARAKI\Desktop\Projet-Bibliotheque\Projet-bibliotheque-admin\venv_admin\Lib\site-packages\django\template\base.py", line 1016, in render
    return SafeString("".join([node.render_annotated(context) for node in self]))
                               ~~~~~~~~~~~~~~~~~~~~~^^^^^^^^^
  File "C:\Users\T.SHIGARAKI\Desktop\Projet-Bibliotheque\Projet-bibliotheque-admin\venv_admin\Lib\site-packages\django\template\base.py", line 977, in render_annotated
    return self.render(context)
           ~~~~~~~~~~~^^^^^^^^^
  File "C:\Users\T.SHIGARAKI\Desktop\Projet-Bibliotheque\Projet-bibliotheque-admin\venv_admin\Lib\site-packages\django\template\defaulttags.py", line 327, in render
    return nodelist.render(context)
           ~~~~~~~~~~~~~~~^^^^^^^^^
  File "C:\Users\T.SHIGARAKI\Desktop\Projet-Bibliotheque\Projet-bibliotheque-admin\venv_admin\Lib\site-packages\django\template\base.py", line 1016, in render
    return SafeString("".join([node.render_annotated(context) for node in self]))
                               ~~~~~~~~~~~~~~~~~~~~~^^^^^^^^^
  File "C:\Users\T.SHIGARAKI\Desktop\Projet-Bibliotheque\Projet-bibliotheque-admin\venv_admin\Lib\site-packages\django\template\base.py", line 977, in render_annotated
    return self.render(context)
           ~~~~~~~~~~~^^^^^^^^^
  File "C:\Users\T.SHIGARAKI\Desktop\Projet-Bibliotheque\Projet-bibliotheque-admin\venv_admin\Lib\site-packages\django\template\defaulttags.py", line 480, in render
    url = reverse(view_name, args=args, kwargs=kwargs, current_app=current_app)
  File "C:\Users\T.SHIGARAKI\Desktop\Projet-Bibliotheque\Projet-bibliotheque-admin\venv_admin\Lib\site-packages\django\urls\base.py", line 98, in reverse
    resolved_url = resolver._reverse_with_prefix(view, prefix, *args, **kwargs)
  File "C:\Users\T.SHIGARAKI\Desktop\Projet-Bibliotheque\Projet-bibliotheque-admin\venv_admin\Lib\site-packages\django\urls\resolvers.py", line 831, in _reverse_with_prefix
    raise NoReverseMatch(msg)
django.urls.exceptions.NoReverseMatch: Reverse for 'manage_users' not found. 'manage_users' is not a valid view function or pattern name.
Internal Server Error: /users/manage-users/
Traceback (most recent call last):
  File "C:\Users\T.SHIGARAKI\Desktop\Projet-Bibliotheque\Projet-bibliotheque-admin\venv_admin\Lib\site-packages\django\core\handlers\exception.py", line 55, in inner
    response = get_response(request)
  File "C:\Users\T.SHIGARAKI\Desktop\Projet-Bibliotheque\Projet-bibliotheque-admin\venv_admin\Lib\site-packages\django\core\handlers\base.py", line 197, in _get_response
    response = wrapped_callback(request, *callback_args, **callback_kwargs)
  File "C:\Users\T.SHIGARAKI\Desktop\Projet-Bibliotheque\Projet-bibliotheque-admin\venv_admin\Lib\site-packages\django\contrib\auth\decorators.py", line 59, in _view_wrapper
    return view_func(request, *args, **kwargs)
  File "C:\Users\T.SHIGARAKI\Desktop\Projet-Bibliotheque\Projet-bibliotheque-admin\users\views.py", line 73, in manage_users
    return render(request, 'users/manage_users.html', {
        'users': users,
    })
  File "C:\Users\T.SHIGARAKI\Desktop\Projet-Bibliotheque\Projet-bibliotheque-admin\venv_admin\Lib\site-packages\django\shortcuts.py", line 25, in render
    content = loader.render_to_string(template_name, context, request, using=using)
  File "C:\Users\T.SHIGARAKI\Desktop\Projet-Bibliotheque\Projet-bibliotheque-admin\venv_admin\Lib\site-packages\django\template\loader.py", line 62, in render_to_string
    return template.render(context, request)
           ~~~~~~~~~~~~~~~^^^^^^^^^^^^^^^^^^
  File "C:\Users\T.SHIGARAKI\Desktop\Projet-Bibliotheque\Projet-bibliotheque-admin\venv_admin\Lib\site-packages\django\template\backends\django.py", line 107, in render
    return self.template.render(context)
           ~~~~~~~~~~~~~~~~~~~~^^^^^^^^^
  File "C:\Users\T.SHIGARAKI\Desktop\Projet-Bibliotheque\Projet-bibliotheque-admin\venv_admin\Lib\site-packages\django\template\base.py", line 171, in render
    return self._render(context)
           ~~~~~~~~~~~~^^^^^^^^^
  File "C:\Users\T.SHIGARAKI\Desktop\Projet-Bibliotheque\Projet-bibliotheque-admin\venv_admin\Lib\site-packages\django\template\base.py", line 163, in _render
    return self.nodelist.render(context)
           ~~~~~~~~~~~~~~~~~~~~^^^^^^^^^
  File "C:\Users\T.SHIGARAKI\Desktop\Projet-Bibliotheque\Projet-bibliotheque-admin\venv_admin\Lib\site-packages\django\template\base.py", line 1016, in render
    return SafeString("".join([node.render_annotated(context) for node in self]))
                               ~~~~~~~~~~~~~~~~~~~~~^^^^^^^^^
  File "C:\Users\T.SHIGARAKI\Desktop\Projet-Bibliotheque\Projet-bibliotheque-admin\venv_admin\Lib\site-packages\django\template\base.py", line 977, in render_annotated
    return self.render(context)
           ~~~~~~~~~~~^^^^^^^^^
  File "C:\Users\T.SHIGARAKI\Desktop\Projet-Bibliotheque\Projet-bibliotheque-admin\venv_admin\Lib\site-packages\django\template\loader_tags.py", line 159, in render
    return compiled_parent._render(context)
           ~~~~~~~~~~~~~~~~~~~~~~~^^^^^^^^^
  File "C:\Users\T.SHIGARAKI\Desktop\Projet-Bibliotheque\Projet-bibliotheque-admin\venv_admin\Lib\site-packages\django\template\base.py", line 163, in _render
    return self.nodelist.render(context)
           ~~~~~~~~~~~~~~~~~~~~^^^^^^^^^
  File "C:\Users\T.SHIGARAKI\Desktop\Projet-Bibliotheque\Projet-bibliotheque-admin\venv_admin\Lib\site-packages\django\template\base.py", line 1016, in render
    return SafeString("".join([node.render_annotated(context) for node in self]))
                               ~~~~~~~~~~~~~~~~~~~~~^^^^^^^^^
  File "C:\Users\T.SHIGARAKI\Desktop\Projet-Bibliotheque\Projet-bibliotheque-admin\venv_admin\Lib\site-packages\django\template\base.py", line 977, in render_annotated
    return self.render(context)
           ~~~~~~~~~~~^^^^^^^^^
  File "C:\Users\T.SHIGARAKI\Desktop\Projet-Bibliotheque\Projet-bibliotheque-admin\venv_admin\Lib\site-packages\django\template\defaulttags.py", line 327, in render
    return nodelist.render(context)
           ~~~~~~~~~~~~~~~^^^^^^^^^
  File "C:\Users\T.SHIGARAKI\Desktop\Projet-Bibliotheque\Projet-bibliotheque-admin\venv_admin\Lib\site-packages\django\template\base.py", line 1016, in render
    return SafeString("".join([node.render_annotated(context) for node in self]))
                               ~~~~~~~~~~~~~~~~~~~~~^^^^^^^^^
  File "C:\Users\T.SHIGARAKI\Desktop\Projet-Bibliotheque\Projet-bibliotheque-admin\venv_admin\Lib\site-packages\django\template\base.py", line 977, in render_annotated
    return self.render(context)
           ~~~~~~~~~~~^^^^^^^^^
  File "C:\Users\T.SHIGARAKI\Desktop\Projet-Bibliotheque\Projet-bibliotheque-admin\venv_admin\Lib\site-packages\django\template\defaulttags.py", line 480, in render
    url = reverse(view_name, args=args, kwargs=kwargs, current_app=current_app)
  File "C:\Users\T.SHIGARAKI\Desktop\Projet-Bibliotheque\Projet-bibliotheque-admin\venv_admin\Lib\site-packages\django\urls\base.py", line 98, in reverse
    resolved_url = resolver._reverse_with_prefix(view, prefix, *args, **kwargs)
  File "C:\Users\T.SHIGARAKI\Desktop\Projet-Bibliotheque\Projet-bibliotheque-admin\venv_admin\Lib\site-packages\django\urls\resolvers.py", line 831, in _reverse_with_prefix
    raise NoReverseMatch(msg)
django.urls.exceptions.NoReverseMatch: Reverse for 'manage_users' not found. 'manage_users' is not a valid view function or pattern name.
Internal Server Error: /users/manage-users/
Traceback (most recent call last):
  File "C:\Users\T.SHIGARAKI\Desktop\Projet-Bibliotheque\Projet-bibliotheque-admin\venv_admin\Lib\site-packages\django\core\handlers\exception.py", line 55, in inner
    response = get_response(request)
  File "C:\Users\T.SHIGARAKI\Desktop\Projet-Bibliotheque\Projet-bibliotheque-admin\venv_admin\Lib\site-packages\django\core\handlers\base.py", line 197, in _get_response
    response = wrapped_callback(request, *callback_args, **callback_kwargs)
  File "C:\Users\T.SHIGARAKI\Desktop\Projet-Bibliotheque\Projet-bibliotheque-admin\venv_admin\Lib\site-packages\django\contrib\auth\decorators.py", line 59, in _view_wrapper
    return view_func(request, *args, **kwargs)
  File "C:\Users\T.SHIGARAKI\Desktop\Projet-Bibliotheque\Projet-bibliotheque-admin\users\views.py", line 73, in manage_users
    return render(request, 'users/manage_users.html', {
        'users': users,
    })
  File "C:\Users\T.SHIGARAKI\Desktop\Projet-Bibliotheque\Projet-bibliotheque-admin\venv_admin\Lib\site-packages\django\shortcuts.py", line 25, in render
    content = loader.render_to_string(template_name, context, request, using=using)
  File "C:\Users\T.SHIGARAKI\Desktop\Projet-Bibliotheque\Projet-bibliotheque-admin\venv_admin\Lib\site-packages\django\template\loader.py", line 62, in render_to_string
    return template.render(context, request)
           ~~~~~~~~~~~~~~~^^^^^^^^^^^^^^^^^^
  File "C:\Users\T.SHIGARAKI\Desktop\Projet-Bibliotheque\Projet-bibliotheque-admin\venv_admin\Lib\site-packages\django\template\backends\django.py", line 107, in render
    return self.template.render(context)
           ~~~~~~~~~~~~~~~~~~~~^^^^^^^^^
  File "C:\Users\T.SHIGARAKI\Desktop\Projet-Bibliotheque\Projet-bibliotheque-admin\venv_admin\Lib\site-packages\django\template\base.py", line 171, in render
    return self._render(context)
           ~~~~~~~~~~~~^^^^^^^^^
  File "C:\Users\T.SHIGARAKI\Desktop\Projet-Bibliotheque\Projet-bibliotheque-admin\venv_admin\Lib\site-packages\django\template\base.py", line 163, in _render
    return self.nodelist.render(context)
           ~~~~~~~~~~~~~~~~~~~~^^^^^^^^^
  File "C:\Users\T.SHIGARAKI\Desktop\Projet-Bibliotheque\Projet-bibliotheque-admin\venv_admin\Lib\site-packages\django\template\base.py", line 1016, in render
    return SafeString("".join([node.render_annotated(context) for node in self]))
                               ~~~~~~~~~~~~~~~~~~~~~^^^^^^^^^
  File "C:\Users\T.SHIGARAKI\Desktop\Projet-Bibliotheque\Projet-bibliotheque-admin\venv_admin\Lib\site-packages\django\template\base.py", line 977, in render_annotated
    return self.render(context)
           ~~~~~~~~~~~^^^^^^^^^
  File "C:\Users\T.SHIGARAKI\Desktop\Projet-Bibliotheque\Projet-bibliotheque-admin\venv_admin\Lib\site-packages\django\template\loader_tags.py", line 159, in render
    return compiled_parent._render(context)
           ~~~~~~~~~~~~~~~~~~~~~~~^^^^^^^^^
  File "C:\Users\T.SHIGARAKI\Desktop\Projet-Bibliotheque\Projet-bibliotheque-admin\venv_admin\Lib\site-packages\django\template\base.py", line 163, in _render
    return self.nodelist.render(context)
           ~~~~~~~~~~~~~~~~~~~~^^^^^^^^^
  File "C:\Users\T.SHIGARAKI\Desktop\Projet-Bibliotheque\Projet-bibliotheque-admin\venv_admin\Lib\site-packages\django\template\base.py", line 1016, in render
    return SafeString("".join([node.render_annotated(context) for node in self]))
                               ~~~~~~~~~~~~~~~~~~~~~^^^^^^^^^
  File "C:\Users\T.SHIGARAKI\Desktop\Projet-Bibliotheque\Projet-bibliotheque-admin\venv_admin\Lib\site-packages\django\template\base.py", line 977, in render_annotated
    return self.render(context)
           ~~~~~~~~~~~^^^^^^^^^
  File "C:\Users\T.SHIGARAKI\Desktop\Projet-Bibliotheque\Projet-bibliotheque-admin\venv_admin\Lib\site-packages\django\template\defaulttags.py", line 327, in render
    return nodelist.render(context)
           ~~~~~~~~~~~~~~~^^^^^^^^^
  File "C:\Users\T.SHIGARAKI\Desktop\Projet-Bibliotheque\Projet-bibliotheque-admin\venv_admin\Lib\site-packages\django\template\base.py", line 1016, in render
    return SafeString("".join([node.render_annotated(context) for node in self]))
                               ~~~~~~~~~~~~~~~~~~~~~^^^^^^^^^
  File "C:\Users\T.SHIGARAKI\Desktop\Projet-Bibliotheque\Projet-bibliotheque-admin\venv_admin\Lib\site-packages\django\template\base.py", line 977, in render_annotated
    return self.render(context)
           ~~~~~~~~~~~^^^^^^^^^
  File "C:\Users\T.SHIGARAKI\Desktop\Projet-Bibliotheque\Projet-bibliotheque-admin\venv_admin\Lib\site-packages\django\template\defaulttags.py", line 480, in render
    url = reverse(view_name, args=args, kwargs=kwargs, current_app=current_app)
  File "C:\Users\T.SHIGARAKI\Desktop\Projet-Bibliotheque\Projet-bibliotheque-admin\venv_admin\Lib\site-packages\django\urls\base.py", line 98, in reverse
    resolved_url = resolver._reverse_with_prefix(view, prefix, *args, **kwargs)
  File "C:\Users\T.SHIGARAKI\Desktop\Projet-Bibliotheque\Projet-bibliotheque-admin\venv_admin\Lib\site-packages\django\urls\resolvers.py", line 831, in _reverse_with_prefix
    raise NoReverseMatch(msg)
django.urls.exceptions.NoReverseMatch: Reverse for 'logout' not found. 'logout' is not a valid view function or pattern name.
Notification count: total=0
Notification count: total=0
Notification count: total=0
C:\Users\T.SHIGARAKI\Desktop\Projet-Bibliotheque\Projet-bibliotheque-admin\users\views.py changed, reloading.
Watching for file changes with StatReloader
Notification count: total=0
Notification count: total=0
Notification count: total=0
Notification count: total=0
Internal Server Error: /users/logout/
Traceback (most recent call last):
  File "C:\Users\T.SHIGARAKI\Desktop\Projet-Bibliotheque\Projet-bibliotheque-admin\venv_admin\Lib\site-packages\django\core\handlers\exception.py", line 55, in inner
    response = get_response(request)
  File "C:\Users\T.SHIGARAKI\Desktop\Projet-Bibliotheque\Projet-bibliotheque-admin\venv_admin\Lib\site-packages\django\core\handlers\base.py", line 197, in _get_response
    response = wrapped_callback(request, *callback_args, **callback_kwargs)
  File "C:\Users\T.SHIGARAKI\Desktop\Projet-Bibliotheque\Projet-bibliotheque-admin\users\views.py", line 51, in logout_view
    return redirect('login')
  File "C:\Users\T.SHIGARAKI\Desktop\Projet-Bibliotheque\Projet-bibliotheque-admin\venv_admin\Lib\site-packages\django\shortcuts.py", line 51, in redirect
    resolve_url(to, *args, **kwargs),
    ~~~~~~~~~~~^^^^^^^^^^^^^^^^^^^^^
  File "C:\Users\T.SHIGARAKI\Desktop\Projet-Bibliotheque\Projet-bibliotheque-admin\venv_admin\Lib\site-packages\django\shortcuts.py", line 184, in resolve_url
    return reverse(to, args=args, kwargs=kwargs)
  File "C:\Users\T.SHIGARAKI\Desktop\Projet-Bibliotheque\Projet-bibliotheque-admin\venv_admin\Lib\site-packages\django\urls\base.py", line 98, in reverse
    resolved_url = resolver._reverse_with_prefix(view, prefix, *args, **kwargs)
  File "C:\Users\T.SHIGARAKI\Desktop\Projet-Bibliotheque\Projet-bibliotheque-admin\venv_admin\Lib\site-packages\django\urls\resolvers.py", line 831, in _reverse_with_prefix
    raise NoReverseMatch(msg)
django.urls.exceptions.NoReverseMatch: Reverse for 'login' not found. 'login' is not a valid view function or pattern name.
Not Found: /accounts/login/
Not Found: /accounts/login/
Not Found: /accounts/login/
C:\Users\T.SHIGARAKI\Desktop\Projet-Bibliotheque\Projet-bibliotheque-admin\users\views.py changed, reloading.
Watching for file changes with StatReloader
Not Found: /accounts/login/
Not Found: /accounts/login/
Not Found: /accounts/login/
Internal Server Error: /users/login/
Traceback (most recent call last):
  File "C:\Users\T.SHIGARAKI\Desktop\Projet-Bibliotheque\Projet-bibliotheque-admin\venv_admin\Lib\site-packages\django\core\handlers\exception.py", line 55, in inner
    response = get_response(request)
  File "C:\Users\T.SHIGARAKI\Desktop\Projet-Bibliotheque\Projet-bibliotheque-admin\venv_admin\Lib\site-packages\django\core\handlers\base.py", line 197, in _get_response
    response = wrapped_callback(request, *callback_args, **callback_kwargs)
  File "C:\Users\T.SHIGARAKI\Desktop\Projet-Bibliotheque\Projet-bibliotheque-admin\users\views.py", line 46, in login_view
    return render(request, 'users/login.html', {'form': form})
  File "C:\Users\T.SHIGARAKI\Desktop\Projet-Bibliotheque\Projet-bibliotheque-admin\venv_admin\Lib\site-packages\django\shortcuts.py", line 25, in render
    content = loader.render_to_string(template_name, context, request, using=using)
  File "C:\Users\T.SHIGARAKI\Desktop\Projet-Bibliotheque\Projet-bibliotheque-admin\venv_admin\Lib\site-packages\django\template\loader.py", line 62, in render_to_string
    return template.render(context, request)
           ~~~~~~~~~~~~~~~^^^^^^^^^^^^^^^^^^
  File "C:\Users\T.SHIGARAKI\Desktop\Projet-Bibliotheque\Projet-bibliotheque-admin\venv_admin\Lib\site-packages\django\template\backends\django.py", line 107, in render
    return self.template.render(context)
           ~~~~~~~~~~~~~~~~~~~~^^^^^^^^^
  File "C:\Users\T.SHIGARAKI\Desktop\Projet-Bibliotheque\Projet-bibliotheque-admin\venv_admin\Lib\site-packages\django\template\base.py", line 171, in render
    return self._render(context)
           ~~~~~~~~~~~~^^^^^^^^^
  File "C:\Users\T.SHIGARAKI\Desktop\Projet-Bibliotheque\Projet-bibliotheque-admin\venv_admin\Lib\site-packages\django\template\base.py", line 163, in _render
    return self.nodelist.render(context)
           ~~~~~~~~~~~~~~~~~~~~^^^^^^^^^
  File "C:\Users\T.SHIGARAKI\Desktop\Projet-Bibliotheque\Projet-bibliotheque-admin\venv_admin\Lib\site-packages\django\template\base.py", line 1016, in render
    return SafeString("".join([node.render_annotated(context) for node in self]))
                               ~~~~~~~~~~~~~~~~~~~~~^^^^^^^^^
  File "C:\Users\T.SHIGARAKI\Desktop\Projet-Bibliotheque\Projet-bibliotheque-admin\venv_admin\Lib\site-packages\django\template\base.py", line 977, in render_annotated
    return self.render(context)
           ~~~~~~~~~~~^^^^^^^^^
  File "C:\Users\T.SHIGARAKI\Desktop\Projet-Bibliotheque\Projet-bibliotheque-admin\venv_admin\Lib\site-packages\django\template\defaulttags.py", line 480, in render
    url = reverse(view_name, args=args, kwargs=kwargs, current_app=current_app)
  File "C:\Users\T.SHIGARAKI\Desktop\Projet-Bibliotheque\Projet-bibliotheque-admin\venv_admin\Lib\site-packages\django\urls\base.py", line 98, in reverse
    resolved_url = resolver._reverse_with_prefix(view, prefix, *args, **kwargs)
  File "C:\Users\T.SHIGARAKI\Desktop\Projet-Bibliotheque\Projet-bibliotheque-admin\venv_admin\Lib\site-packages\django\urls\resolvers.py", line 831, in _reverse_with_prefix
    raise NoReverseMatch(msg)
django.urls.exceptions.NoReverseMatch: Reverse for 'register' not found. 'register' is not a valid view function or pattern name.
Internal Server Error: /users/login/
Traceback (most recent call last):
  File "C:\Users\T.SHIGARAKI\Desktop\Projet-Bibliotheque\Projet-bibliotheque-admin\venv_admin\Lib\site-packages\django\core\handlers\exception.py", line 55, in inner
    response = get_response(request)
  File "C:\Users\T.SHIGARAKI\Desktop\Projet-Bibliotheque\Projet-bibliotheque-admin\venv_admin\Lib\site-packages\django\core\handlers\base.py", line 197, in _get_response
    response = wrapped_callback(request, *callback_args, **callback_kwargs)
  File "C:\Users\T.SHIGARAKI\Desktop\Projet-Bibliotheque\Projet-bibliotheque-admin\users\views.py", line 46, in login_view
    return render(request, 'users/login.html', {'form': form})
  File "C:\Users\T.SHIGARAKI\Desktop\Projet-Bibliotheque\Projet-bibliotheque-admin\venv_admin\Lib\site-packages\django\shortcuts.py", line 25, in render
    content = loader.render_to_string(template_name, context, request, using=using)
  File "C:\Users\T.SHIGARAKI\Desktop\Projet-Bibliotheque\Projet-bibliotheque-admin\venv_admin\Lib\site-packages\django\template\loader.py", line 62, in render_to_string
    return template.render(context, request)
           ~~~~~~~~~~~~~~~^^^^^^^^^^^^^^^^^^
  File "C:\Users\T.SHIGARAKI\Desktop\Projet-Bibliotheque\Projet-bibliotheque-admin\venv_admin\Lib\site-packages\django\template\backends\django.py", line 107, in render
    return self.template.render(context)
           ~~~~~~~~~~~~~~~~~~~~^^^^^^^^^
  File "C:\Users\T.SHIGARAKI\Desktop\Projet-Bibliotheque\Projet-bibliotheque-admin\venv_admin\Lib\site-packages\django\template\base.py", line 171, in render
    return self._render(context)
           ~~~~~~~~~~~~^^^^^^^^^
  File "C:\Users\T.SHIGARAKI\Desktop\Projet-Bibliotheque\Projet-bibliotheque-admin\venv_admin\Lib\site-packages\django\template\base.py", line 163, in _render
    return self.nodelist.render(context)
           ~~~~~~~~~~~~~~~~~~~~^^^^^^^^^
  File "C:\Users\T.SHIGARAKI\Desktop\Projet-Bibliotheque\Projet-bibliotheque-admin\venv_admin\Lib\site-packages\django\template\base.py", line 1016, in render
    return SafeString("".join([node.render_annotated(context) for node in self]))
                               ~~~~~~~~~~~~~~~~~~~~~^^^^^^^^^
  File "C:\Users\T.SHIGARAKI\Desktop\Projet-Bibliotheque\Projet-bibliotheque-admin\venv_admin\Lib\site-packages\django\template\base.py", line 977, in render_annotated
    return self.render(context)
           ~~~~~~~~~~~^^^^^^^^^
  File "C:\Users\T.SHIGARAKI\Desktop\Projet-Bibliotheque\Projet-bibliotheque-admin\venv_admin\Lib\site-packages\django\template\defaulttags.py", line 480, in render
    url = reverse(view_name, args=args, kwargs=kwargs, current_app=current_app)
  File "C:\Users\T.SHIGARAKI\Desktop\Projet-Bibliotheque\Projet-bibliotheque-admin\venv_admin\Lib\site-packages\django\urls\base.py", line 98, in reverse
    resolved_url = resolver._reverse_with_prefix(view, prefix, *args, **kwargs)
  File "C:\Users\T.SHIGARAKI\Desktop\Projet-Bibliotheque\Projet-bibliotheque-admin\venv_admin\Lib\site-packages\django\urls\resolvers.py", line 831, in _reverse_with_prefix
    raise NoReverseMatch(msg)
django.urls.exceptions.NoReverseMatch: Reverse for 'register' not found. 'register' is not a valid view function or pattern name.
Internal Server Error: /users/login/
Traceback (most recent call last):
  File "C:\Users\T.SHIGARAKI\Desktop\Projet-Bibliotheque\Projet-bibliotheque-admin\venv_admin\Lib\site-packages\django\urls\base.py", line 81, in reverse
    extra, resolver = resolver.namespace_dict[ns]
                      ~~~~~~~~~~~~~~~~~~~~~~~^^^^
KeyError: 'user'

During handling of the above exception, another exception occurred:

Traceback (most recent call last):
  File "C:\Users\T.SHIGARAKI\Desktop\Projet-Bibliotheque\Projet-bibliotheque-admin\venv_admin\Lib\site-packages\django\core\handlers\exception.py", line 55, in inner
    response = get_response(request)
  File "C:\Users\T.SHIGARAKI\Desktop\Projet-Bibliotheque\Projet-bibliotheque-admin\venv_admin\Lib\site-packages\django\core\handlers\base.py", line 197, in _get_response
    response = wrapped_callback(request, *callback_args, **callback_kwargs)
  File "C:\Users\T.SHIGARAKI\Desktop\Projet-Bibliotheque\Projet-bibliotheque-admin\users\views.py", line 46, in login_view
    return render(request, 'users/login.html', {'form': form})
  File "C:\Users\T.SHIGARAKI\Desktop\Projet-Bibliotheque\Projet-bibliotheque-admin\venv_admin\Lib\site-packages\django\shortcuts.py", line 25, in render
    content = loader.render_to_string(template_name, context, request, using=using)
  File "C:\Users\T.SHIGARAKI\Desktop\Projet-Bibliotheque\Projet-bibliotheque-admin\venv_admin\Lib\site-packages\django\template\loader.py", line 62, in render_to_string
    return template.render(context, request)
           ~~~~~~~~~~~~~~~^^^^^^^^^^^^^^^^^^
  File "C:\Users\T.SHIGARAKI\Desktop\Projet-Bibliotheque\Projet-bibliotheque-admin\venv_admin\Lib\site-packages\django\template\backends\django.py", line 107, in render
    return self.template.render(context)
           ~~~~~~~~~~~~~~~~~~~~^^^^^^^^^
  File "C:\Users\T.SHIGARAKI\Desktop\Projet-Bibliotheque\Projet-bibliotheque-admin\venv_admin\Lib\site-packages\django\template\base.py", line 171, in render
    return self._render(context)
           ~~~~~~~~~~~~^^^^^^^^^
  File "C:\Users\T.SHIGARAKI\Desktop\Projet-Bibliotheque\Projet-bibliotheque-admin\venv_admin\Lib\site-packages\django\template\base.py", line 163, in _render
    return self.nodelist.render(context)
           ~~~~~~~~~~~~~~~~~~~~^^^^^^^^^
  File "C:\Users\T.SHIGARAKI\Desktop\Projet-Bibliotheque\Projet-bibliotheque-admin\venv_admin\Lib\site-packages\django\template\base.py", line 1016, in render
    return SafeString("".join([node.render_annotated(context) for node in self]))
                               ~~~~~~~~~~~~~~~~~~~~~^^^^^^^^^
  File "C:\Users\T.SHIGARAKI\Desktop\Projet-Bibliotheque\Projet-bibliotheque-admin\venv_admin\Lib\site-packages\django\template\base.py", line 977, in render_annotated
    return self.render(context)
           ~~~~~~~~~~~^^^^^^^^^
  File "C:\Users\T.SHIGARAKI\Desktop\Projet-Bibliotheque\Projet-bibliotheque-admin\venv_admin\Lib\site-packages\django\template\defaulttags.py", line 480, in render
    url = reverse(view_name, args=args, kwargs=kwargs, current_app=current_app)
  File "C:\Users\T.SHIGARAKI\Desktop\Projet-Bibliotheque\Projet-bibliotheque-admin\venv_admin\Lib\site-packages\django\urls\base.py", line 92, in reverse
    raise NoReverseMatch("%s is not a registered namespace" % key)
django.urls.exceptions.NoReverseMatch: 'user' is not a registered namespace
Notification count: total=0
Notification count: total=0
C:\Users\T.SHIGARAKI\Desktop\Projet-Bibliotheque\Projet-bibliotheque-admin\users\views.py changed, reloading.
Watching for file changes with StatReloader
Notification count: total=0
Notification count: total=0
Notification count: total=0
Notification count: total=0
Notification count: total=0
Internal Server Error: /books/student-dashboard/
Traceback (most recent call last):
  File "C:\Users\T.SHIGARAKI\Desktop\Projet-Bibliotheque\Projet-bibliotheque-admin\venv_admin\Lib\site-packages\django\core\handlers\exception.py", line 55, in inner
    response = get_response(request)
  File "C:\Users\T.SHIGARAKI\Desktop\Projet-Bibliotheque\Projet-bibliotheque-admin\venv_admin\Lib\site-packages\django\core\handlers\base.py", line 197, in _get_response
    response = wrapped_callback(request, *callback_args, **callback_kwargs)
  File "C:\Users\T.SHIGARAKI\Desktop\Projet-Bibliotheque\Projet-bibliotheque-admin\venv_admin\Lib\site-packages\django\contrib\auth\decorators.py", line 59, in _view_wrapper
    return view_func(request, *args, **kwargs)
  File "C:\Users\T.SHIGARAKI\Desktop\Projet-Bibliotheque\Projet-bibliotheque-admin\books\views.py", line 44, in standard_user_dashboard
    return render(request, 'books/dashboard.html', context)
  File "C:\Users\T.SHIGARAKI\Desktop\Projet-Bibliotheque\Projet-bibliotheque-admin\venv_admin\Lib\site-packages\django\shortcuts.py", line 25, in render
    content = loader.render_to_string(template_name, context, request, using=using)
  File "C:\Users\T.SHIGARAKI\Desktop\Projet-Bibliotheque\Projet-bibliotheque-admin\venv_admin\Lib\site-packages\django\template\loader.py", line 61, in render_to_string
    template = get_template(template_name, using=using)
  File "C:\Users\T.SHIGARAKI\Desktop\Projet-Bibliotheque\Projet-bibliotheque-admin\venv_admin\Lib\site-packages\django\template\loader.py", line 19, in get_template
    raise TemplateDoesNotExist(template_name, chain=chain)
django.template.exceptions.TemplateDoesNotExist: books/dashboard.html
C:\Users\T.SHIGARAKI\Desktop\Projet-Bibliotheque\Projet-bibliotheque-admin\users\views.py changed, reloading.
Watching for file changes with StatReloader
Internal Server Error: /books/student-dashboard/
Traceback (most recent call last):
  File "C:\Users\T.SHIGARAKI\Desktop\Projet-Bibliotheque\Projet-bibliotheque-admin\venv_admin\Lib\site-packages\django\core\handlers\exception.py", line 55, in inner
    response = get_response(request)
  File "C:\Users\T.SHIGARAKI\Desktop\Projet-Bibliotheque\Projet-bibliotheque-admin\venv_admin\Lib\site-packages\django\core\handlers\base.py", line 197, in _get_response
    response = wrapped_callback(request, *callback_args, **callback_kwargs)
  File "C:\Users\T.SHIGARAKI\Desktop\Projet-Bibliotheque\Projet-bibliotheque-admin\venv_admin\Lib\site-packages\django\contrib\auth\decorators.py", line 59, in _view_wrapper
    return view_func(request, *args, **kwargs)
  File "C:\Users\T.SHIGARAKI\Desktop\Projet-Bibliotheque\Projet-bibliotheque-admin\books\views.py", line 44, in standard_user_dashboard
    return render(request, 'books/dashboard.html', context)
  File "C:\Users\T.SHIGARAKI\Desktop\Projet-Bibliotheque\Projet-bibliotheque-admin\venv_admin\Lib\site-packages\django\shortcuts.py", line 25, in render
    content = loader.render_to_string(template_name, context, request, using=using)
  File "C:\Users\T.SHIGARAKI\Desktop\Projet-Bibliotheque\Projet-bibliotheque-admin\venv_admin\Lib\site-packages\django\template\loader.py", line 61, in render_to_string
    template = get_template(template_name, using=using)
  File "C:\Users\T.SHIGARAKI\Desktop\Projet-Bibliotheque\Projet-bibliotheque-admin\venv_admin\Lib\site-packages\django\template\loader.py", line 19, in get_template
    raise TemplateDoesNotExist(template_name, chain=chain)
django.template.exceptions.TemplateDoesNotExist: books/dashboard.html
C:\Users\T.SHIGARAKI\Desktop\Projet-Bibliotheque\Projet-bibliotheque-admin\users\views.py changed, reloading.
Watching for file changes with StatReloader
Internal Server Error: /books/student-dashboard/
Traceback (most recent call last):
  File "C:\Users\T.SHIGARAKI\Desktop\Projet-Bibliotheque\Projet-bibliotheque-admin\venv_admin\Lib\site-packages\django\core\handlers\exception.py", line 55, in inner
    response = get_response(request)
  File "C:\Users\T.SHIGARAKI\Desktop\Projet-Bibliotheque\Projet-bibliotheque-admin\venv_admin\Lib\site-packages\django\core\handlers\base.py", line 197, in _get_response
    response = wrapped_callback(request, *callback_args, **callback_kwargs)
  File "C:\Users\T.SHIGARAKI\Desktop\Projet-Bibliotheque\Projet-bibliotheque-admin\venv_admin\Lib\site-packages\django\contrib\auth\decorators.py", line 59, in _view_wrapper
    return view_func(request, *args, **kwargs)
  File "C:\Users\T.SHIGARAKI\Desktop\Projet-Bibliotheque\Projet-bibliotheque-admin\books\views.py", line 44, in standard_user_dashboard
    return render(request, 'books/dashboard.html', context)
  File "C:\Users\T.SHIGARAKI\Desktop\Projet-Bibliotheque\Projet-bibliotheque-admin\venv_admin\Lib\site-packages\django\shortcuts.py", line 25, in render
    content = loader.render_to_string(template_name, context, request, using=using)
  File "C:\Users\T.SHIGARAKI\Desktop\Projet-Bibliotheque\Projet-bibliotheque-admin\venv_admin\Lib\site-packages\django\template\loader.py", line 61, in render_to_string
    template = get_template(template_name, using=using)
  File "C:\Users\T.SHIGARAKI\Desktop\Projet-Bibliotheque\Projet-bibliotheque-admin\venv_admin\Lib\site-packages\django\template\loader.py", line 19, in get_template
    raise TemplateDoesNotExist(template_name, chain=chain)
django.template.exceptions.TemplateDoesNotExist: books/dashboard.html
Notification count: total=0
Internal Server Error: /users/login/
Traceback (most recent call last):
  File "C:\Users\T.SHIGARAKI\Desktop\Projet-Bibliotheque\Projet-bibliotheque-admin\venv_admin\Lib\site-packages\django\core\handlers\exception.py", line 55, in inner
    response = get_response(request)
  File "C:\Users\T.SHIGARAKI\Desktop\Projet-Bibliotheque\Projet-bibliotheque-admin\venv_admin\Lib\site-packages\django\core\handlers\base.py", line 197, in _get_response
    response = wrapped_callback(request, *callback_args, **callback_kwargs)
  File "C:\Users\T.SHIGARAKI\Desktop\Projet-Bibliotheque\Projet-bibliotheque-admin\users\views.py", line 50, in login_view
    return render(request, 'users/login.html', {'form': form})
  File "C:\Users\T.SHIGARAKI\Desktop\Projet-Bibliotheque\Projet-bibliotheque-admin\venv_admin\Lib\site-packages\django\shortcuts.py", line 25, in render
    content = loader.render_to_string(template_name, context, request, using=using)
  File "C:\Users\T.SHIGARAKI\Desktop\Projet-Bibliotheque\Projet-bibliotheque-admin\venv_admin\Lib\site-packages\django\template\loader.py", line 62, in render_to_string
    return template.render(context, request)
           ~~~~~~~~~~~~~~~^^^^^^^^^^^^^^^^^^
  File "C:\Users\T.SHIGARAKI\Desktop\Projet-Bibliotheque\Projet-bibliotheque-admin\venv_admin\Lib\site-packages\django\template\backends\django.py", line 107, in render
    return self.template.render(context)
           ~~~~~~~~~~~~~~~~~~~~^^^^^^^^^
  File "C:\Users\T.SHIGARAKI\Desktop\Projet-Bibliotheque\Projet-bibliotheque-admin\venv_admin\Lib\site-packages\django\template\base.py", line 171, in render
    return self._render(context)
           ~~~~~~~~~~~~^^^^^^^^^
  File "C:\Users\T.SHIGARAKI\Desktop\Projet-Bibliotheque\Projet-bibliotheque-admin\venv_admin\Lib\site-packages\django\template\base.py", line 163, in _render
    return self.nodelist.render(context)
           ~~~~~~~~~~~~~~~~~~~~^^^^^^^^^
  File "C:\Users\T.SHIGARAKI\Desktop\Projet-Bibliotheque\Projet-bibliotheque-admin\venv_admin\Lib\site-packages\django\template\base.py", line 1016, in render
    return SafeString("".join([node.render_annotated(context) for node in self]))
                               ~~~~~~~~~~~~~~~~~~~~~^^^^^^^^^
  File "C:\Users\T.SHIGARAKI\Desktop\Projet-Bibliotheque\Projet-bibliotheque-admin\venv_admin\Lib\site-packages\django\template\base.py", line 977, in render_annotated
    return self.render(context)
           ~~~~~~~~~~~^^^^^^^^^
  File "C:\Users\T.SHIGARAKI\Desktop\Projet-Bibliotheque\Projet-bibliotheque-admin\venv_admin\Lib\site-packages\django\template\loader_tags.py", line 159, in render
    return compiled_parent._render(context)
           ~~~~~~~~~~~~~~~~~~~~~~~^^^^^^^^^
  File "C:\Users\T.SHIGARAKI\Desktop\Projet-Bibliotheque\Projet-bibliotheque-admin\venv_admin\Lib\site-packages\django\template\base.py", line 163, in _render
    return self.nodelist.render(context)
           ~~~~~~~~~~~~~~~~~~~~^^^^^^^^^
  File "C:\Users\T.SHIGARAKI\Desktop\Projet-Bibliotheque\Projet-bibliotheque-admin\venv_admin\Lib\site-packages\django\template\base.py", line 1016, in render
    return SafeString("".join([node.render_annotated(context) for node in self]))
                               ~~~~~~~~~~~~~~~~~~~~~^^^^^^^^^
  File "C:\Users\T.SHIGARAKI\Desktop\Projet-Bibliotheque\Projet-bibliotheque-admin\venv_admin\Lib\site-packages\django\template\base.py", line 977, in render_annotated
    return self.render(context)
           ~~~~~~~~~~~^^^^^^^^^
  File "C:\Users\T.SHIGARAKI\Desktop\Projet-Bibliotheque\Projet-bibliotheque-admin\venv_admin\Lib\site-packages\django\template\defaulttags.py", line 327, in render
    return nodelist.render(context)
           ~~~~~~~~~~~~~~~^^^^^^^^^
  File "C:\Users\T.SHIGARAKI\Desktop\Projet-Bibliotheque\Projet-bibliotheque-admin\venv_admin\Lib\site-packages\django\template\base.py", line 1016, in render
    return SafeString("".join([node.render_annotated(context) for node in self]))
                               ~~~~~~~~~~~~~~~~~~~~~^^^^^^^^^
  File "C:\Users\T.SHIGARAKI\Desktop\Projet-Bibliotheque\Projet-bibliotheque-admin\venv_admin\Lib\site-packages\django\template\base.py", line 977, in render_annotated
    return self.render(context)
           ~~~~~~~~~~~^^^^^^^^^
  File "C:\Users\T.SHIGARAKI\Desktop\Projet-Bibliotheque\Projet-bibliotheque-admin\venv_admin\Lib\site-packages\django\template\defaulttags.py", line 480, in render
    url = reverse(view_name, args=args, kwargs=kwargs, current_app=current_app)
  File "C:\Users\T.SHIGARAKI\Desktop\Projet-Bibliotheque\Projet-bibliotheque-admin\venv_admin\Lib\site-packages\django\urls\base.py", line 98, in reverse
    resolved_url = resolver._reverse_with_prefix(view, prefix, *args, **kwargs)
  File "C:\Users\T.SHIGARAKI\Desktop\Projet-Bibliotheque\Projet-bibliotheque-admin\venv_admin\Lib\site-packages\django\urls\resolvers.py", line 831, in _reverse_with_prefix
    raise NoReverseMatch(msg)
django.urls.exceptions.NoReverseMatch: Reverse for 'login' not found. 'login' is not a valid view function or pattern name.
C:\Users\T.SHIGARAKI\Desktop\Projet-Bibliotheque\Projet-bibliotheque-admin\books\views.py changed, reloading.
Watching for file changes with StatReloader
Watching for file changes with StatReloader
Watching for file changes with StatReloader
C:\Users\T.SHIGARAKI\Desktop\Projet-Bibliotheque\Projet-bibliotheque-admin\books\views.py changed, reloading.
Watching for file changes with StatReloader
C:\Users\T.SHIGARAKI\Desktop\Projet-Bibliotheque\Projet-bibliotheque-admin\books\views.py changed, reloading.
Watching for file changes with StatReloader
Watching for file changes with StatReloader
Not Found: /favicon.ico
Internal Server Error: /books/standard-user-dashboard/
Traceback (most recent call last):
  File "C:\Users\T.SHIGARAKI\Desktop\Projet-Bibliotheque\Projet-bibliotheque-admin\venv_admin\Lib\site-packages\django\template\backends\django.py", line 107, in render
    return self.template.render(context)
           ~~~~~~~~~~~~~~~~~~~~^^^^^^^^^
  File "C:\Users\T.SHIGARAKI\Desktop\Projet-Bibliotheque\Projet-bibliotheque-admin\venv_admin\Lib\site-packages\django\template\base.py", line 171, in render
    return self._render(context)
           ~~~~~~~~~~~~^^^^^^^^^
  File "C:\Users\T.SHIGARAKI\Desktop\Projet-Bibliotheque\Projet-bibliotheque-admin\venv_admin\Lib\site-packages\django\template\base.py", line 163, in _render
    return self.nodelist.render(context)
           ~~~~~~~~~~~~~~~~~~~~^^^^^^^^^
  File "C:\Users\T.SHIGARAKI\Desktop\Projet-Bibliotheque\Projet-bibliotheque-admin\venv_admin\Lib\site-packages\django\template\base.py", line 1016, in render
    return SafeString("".join([node.render_annotated(context) for node in self]))
                               ~~~~~~~~~~~~~~~~~~~~~^^^^^^^^^
  File "C:\Users\T.SHIGARAKI\Desktop\Projet-Bibliotheque\Projet-bibliotheque-admin\venv_admin\Lib\site-packages\django\template\base.py", line 977, in render_annotated
    return self.render(context)
           ~~~~~~~~~~~^^^^^^^^^
  File "C:\Users\T.SHIGARAKI\Desktop\Projet-Bibliotheque\Projet-bibliotheque-admin\venv_admin\Lib\site-packages\django\template\loader_tags.py", line 134, in render
    compiled_parent = self.get_parent(context)
  File "C:\Users\T.SHIGARAKI\Desktop\Projet-Bibliotheque\Projet-bibliotheque-admin\venv_admin\Lib\site-packages\django\template\loader_tags.py", line 131, in get_parent
    return self.find_template(parent, context)
           ~~~~~~~~~~~~~~~~~~^^^^^^^^^^^^^^^^^
  File "C:\Users\T.SHIGARAKI\Desktop\Projet-Bibliotheque\Projet-bibliotheque-admin\venv_admin\Lib\site-packages\django\template\loader_tags.py", line 109, in find_template
    template, origin = context.template.engine.find_template(
                       ~~~~~~~~~~~~~~~~~~~~~~~~~~~~~~~~~~~~~^
        template_name,
        ^^^^^^^^^^^^^^
        skip=history,
        ^^^^^^^^^^^^^
    )
    ^
  File "C:\Users\T.SHIGARAKI\Desktop\Projet-Bibliotheque\Projet-bibliotheque-admin\venv_admin\Lib\site-packages\django\template\engine.py", line 163, in find_template
    raise TemplateDoesNotExist(name, tried=tried)
django.template.exceptions.TemplateDoesNotExist: readers/base.html

The above exception was the direct cause of the following exception:

Traceback (most recent call last):
  File "C:\Users\T.SHIGARAKI\Desktop\Projet-Bibliotheque\Projet-bibliotheque-admin\venv_admin\Lib\site-packages\django\core\handlers\exception.py", line 55, in inner
    response = get_response(request)
  File "C:\Users\T.SHIGARAKI\Desktop\Projet-Bibliotheque\Projet-bibliotheque-admin\venv_admin\Lib\site-packages\django\core\handlers\base.py", line 197, in _get_response
    response = wrapped_callback(request, *callback_args, **callback_kwargs)
  File "C:\Users\T.SHIGARAKI\Desktop\Projet-Bibliotheque\Projet-bibliotheque-admin\venv_admin\Lib\site-packages\django\contrib\auth\decorators.py", line 59, in _view_wrapper
    return view_func(request, *args, **kwargs)
  File "C:\Users\T.SHIGARAKI\Desktop\Projet-Bibliotheque\Projet-bibliotheque-admin\books\views.py", line 43, in standard_user_dashboard
    return render(request, 'books/standard_user_dashboard.html', {
        'loans_count': 0,  # À remplacer par une logique réelle si disponible
        'notifications_count': 0,
        'favorites_count': 0
    })
  File "C:\Users\T.SHIGARAKI\Desktop\Projet-Bibliotheque\Projet-bibliotheque-admin\venv_admin\Lib\site-packages\django\shortcuts.py", line 25, in render
    content = loader.render_to_string(template_name, context, request, using=using)
  File "C:\Users\T.SHIGARAKI\Desktop\Projet-Bibliotheque\Projet-bibliotheque-admin\venv_admin\Lib\site-packages\django\template\loader.py", line 62, in render_to_string
    return template.render(context, request)
           ~~~~~~~~~~~~~~~^^^^^^^^^^^^^^^^^^
  File "C:\Users\T.SHIGARAKI\Desktop\Projet-Bibliotheque\Projet-bibliotheque-admin\venv_admin\Lib\site-packages\django\template\backends\django.py", line 109, in render
    reraise(exc, self.backend)
    ~~~~~~~^^^^^^^^^^^^^^^^^^^
  File "C:\Users\T.SHIGARAKI\Desktop\Projet-Bibliotheque\Projet-bibliotheque-admin\venv_admin\Lib\site-packages\django\template\backends\django.py", line 130, in reraise
    raise new from exc
django.template.exceptions.TemplateDoesNotExist: readers/base.html
Watching for file changes with StatReloader
Notification count: total=0
Notification count: total=0
Internal Server Error: /users/create/
Traceback (most recent call last):
  File "C:\Users\T.SHIGARAKI\Desktop\Projet-Bibliotheque\Projet-bibliotheque-admin\venv_admin\Lib\site-packages\django\core\handlers\exception.py", line 55, in inner
    response = get_response(request)
  File "C:\Users\T.SHIGARAKI\Desktop\Projet-Bibliotheque\Projet-bibliotheque-admin\venv_admin\Lib\site-packages\django\core\handlers\base.py", line 197, in _get_response
    response = wrapped_callback(request, *callback_args, **callback_kwargs)
  File "C:\Users\T.SHIGARAKI\Desktop\Projet-Bibliotheque\Projet-bibliotheque-admin\venv_admin\Lib\site-packages\django\contrib\auth\decorators.py", line 59, in _view_wrapper
    return view_func(request, *args, **kwargs)
  File "C:\Users\T.SHIGARAKI\Desktop\Projet-Bibliotheque\Projet-bibliotheque-admin\users\views.py", line 118, in create_user
    return render(request, 'users/create_user.html', {'form': form})
  File "C:\Users\T.SHIGARAKI\Desktop\Projet-Bibliotheque\Projet-bibliotheque-admin\venv_admin\Lib\site-packages\django\shortcuts.py", line 25, in render
    content = loader.render_to_string(template_name, context, request, using=using)
  File "C:\Users\T.SHIGARAKI\Desktop\Projet-Bibliotheque\Projet-bibliotheque-admin\venv_admin\Lib\site-packages\django\template\loader.py", line 62, in render_to_string
    return template.render(context, request)
           ~~~~~~~~~~~~~~~^^^^^^^^^^^^^^^^^^
  File "C:\Users\T.SHIGARAKI\Desktop\Projet-Bibliotheque\Projet-bibliotheque-admin\venv_admin\Lib\site-packages\django\template\backends\django.py", line 107, in render
    return self.template.render(context)
           ~~~~~~~~~~~~~~~~~~~~^^^^^^^^^
  File "C:\Users\T.SHIGARAKI\Desktop\Projet-Bibliotheque\Projet-bibliotheque-admin\venv_admin\Lib\site-packages\django\template\base.py", line 171, in render
    return self._render(context)
           ~~~~~~~~~~~~^^^^^^^^^
  File "C:\Users\T.SHIGARAKI\Desktop\Projet-Bibliotheque\Projet-bibliotheque-admin\venv_admin\Lib\site-packages\django\template\base.py", line 163, in _render
    return self.nodelist.render(context)
           ~~~~~~~~~~~~~~~~~~~~^^^^^^^^^
  File "C:\Users\T.SHIGARAKI\Desktop\Projet-Bibliotheque\Projet-bibliotheque-admin\venv_admin\Lib\site-packages\django\template\base.py", line 1016, in render
    return SafeString("".join([node.render_annotated(context) for node in self]))
                               ~~~~~~~~~~~~~~~~~~~~~^^^^^^^^^
  File "C:\Users\T.SHIGARAKI\Desktop\Projet-Bibliotheque\Projet-bibliotheque-admin\venv_admin\Lib\site-packages\django\template\base.py", line 977, in render_annotated
    return self.render(context)
           ~~~~~~~~~~~^^^^^^^^^
  File "C:\Users\T.SHIGARAKI\Desktop\Projet-Bibliotheque\Projet-bibliotheque-admin\venv_admin\Lib\site-packages\django\template\loader_tags.py", line 159, in render
    return compiled_parent._render(context)
           ~~~~~~~~~~~~~~~~~~~~~~~^^^^^^^^^
  File "C:\Users\T.SHIGARAKI\Desktop\Projet-Bibliotheque\Projet-bibliotheque-admin\venv_admin\Lib\site-packages\django\template\base.py", line 163, in _render
    return self.nodelist.render(context)
           ~~~~~~~~~~~~~~~~~~~~^^^^^^^^^
  File "C:\Users\T.SHIGARAKI\Desktop\Projet-Bibliotheque\Projet-bibliotheque-admin\venv_admin\Lib\site-packages\django\template\base.py", line 1016, in render
    return SafeString("".join([node.render_annotated(context) for node in self]))
                               ~~~~~~~~~~~~~~~~~~~~~^^^^^^^^^
  File "C:\Users\T.SHIGARAKI\Desktop\Projet-Bibliotheque\Projet-bibliotheque-admin\venv_admin\Lib\site-packages\django\template\base.py", line 977, in render_annotated
    return self.render(context)
           ~~~~~~~~~~~^^^^^^^^^
  File "C:\Users\T.SHIGARAKI\Desktop\Projet-Bibliotheque\Projet-bibliotheque-admin\venv_admin\Lib\site-packages\django\template\loader_tags.py", line 65, in render
    result = block.nodelist.render(context)
  File "C:\Users\T.SHIGARAKI\Desktop\Projet-Bibliotheque\Projet-bibliotheque-admin\venv_admin\Lib\site-packages\django\template\base.py", line 1016, in render
    return SafeString("".join([node.render_annotated(context) for node in self]))
                               ~~~~~~~~~~~~~~~~~~~~~^^^^^^^^^
  File "C:\Users\T.SHIGARAKI\Desktop\Projet-Bibliotheque\Projet-bibliotheque-admin\venv_admin\Lib\site-packages\django\template\base.py", line 977, in render_annotated
    return self.render(context)
           ~~~~~~~~~~~^^^^^^^^^
  File "C:\Users\T.SHIGARAKI\Desktop\Projet-Bibliotheque\Projet-bibliotheque-admin\venv_admin\Lib\site-packages\django\template\defaulttags.py", line 480, in render
    url = reverse(view_name, args=args, kwargs=kwargs, current_app=current_app)
  File "C:\Users\T.SHIGARAKI\Desktop\Projet-Bibliotheque\Projet-bibliotheque-admin\venv_admin\Lib\site-packages\django\urls\base.py", line 98, in reverse
    resolved_url = resolver._reverse_with_prefix(view, prefix, *args, **kwargs)
  File "C:\Users\T.SHIGARAKI\Desktop\Projet-Bibliotheque\Projet-bibliotheque-admin\venv_admin\Lib\site-packages\django\urls\resolvers.py", line 831, in _reverse_with_prefix
    raise NoReverseMatch(msg)
django.urls.exceptions.NoReverseMatch: Reverse for 'user_list' not found. 'user_list' is not a valid view function or pattern name.
Internal Server Error: /users/create/
Traceback (most recent call last):
  File "C:\Users\T.SHIGARAKI\Desktop\Projet-Bibliotheque\Projet-bibliotheque-admin\venv_admin\Lib\site-packages\django\core\handlers\exception.py", line 55, in inner
    response = get_response(request)
  File "C:\Users\T.SHIGARAKI\Desktop\Projet-Bibliotheque\Projet-bibliotheque-admin\venv_admin\Lib\site-packages\django\core\handlers\base.py", line 197, in _get_response
    response = wrapped_callback(request, *callback_args, **callback_kwargs)
  File "C:\Users\T.SHIGARAKI\Desktop\Projet-Bibliotheque\Projet-bibliotheque-admin\venv_admin\Lib\site-packages\django\contrib\auth\decorators.py", line 59, in _view_wrapper
    return view_func(request, *args, **kwargs)
  File "C:\Users\T.SHIGARAKI\Desktop\Projet-Bibliotheque\Projet-bibliotheque-admin\users\views.py", line 118, in create_user
    return render(request, 'users/create_user.html', {'form': form})
  File "C:\Users\T.SHIGARAKI\Desktop\Projet-Bibliotheque\Projet-bibliotheque-admin\venv_admin\Lib\site-packages\django\shortcuts.py", line 25, in render
    content = loader.render_to_string(template_name, context, request, using=using)
  File "C:\Users\T.SHIGARAKI\Desktop\Projet-Bibliotheque\Projet-bibliotheque-admin\venv_admin\Lib\site-packages\django\template\loader.py", line 62, in render_to_string
    return template.render(context, request)
           ~~~~~~~~~~~~~~~^^^^^^^^^^^^^^^^^^
  File "C:\Users\T.SHIGARAKI\Desktop\Projet-Bibliotheque\Projet-bibliotheque-admin\venv_admin\Lib\site-packages\django\template\backends\django.py", line 107, in render
    return self.template.render(context)
           ~~~~~~~~~~~~~~~~~~~~^^^^^^^^^
  File "C:\Users\T.SHIGARAKI\Desktop\Projet-Bibliotheque\Projet-bibliotheque-admin\venv_admin\Lib\site-packages\django\template\base.py", line 171, in render
    return self._render(context)
           ~~~~~~~~~~~~^^^^^^^^^
  File "C:\Users\T.SHIGARAKI\Desktop\Projet-Bibliotheque\Projet-bibliotheque-admin\venv_admin\Lib\site-packages\django\template\base.py", line 163, in _render
    return self.nodelist.render(context)
           ~~~~~~~~~~~~~~~~~~~~^^^^^^^^^
  File "C:\Users\T.SHIGARAKI\Desktop\Projet-Bibliotheque\Projet-bibliotheque-admin\venv_admin\Lib\site-packages\django\template\base.py", line 1016, in render
    return SafeString("".join([node.render_annotated(context) for node in self]))
                               ~~~~~~~~~~~~~~~~~~~~~^^^^^^^^^
  File "C:\Users\T.SHIGARAKI\Desktop\Projet-Bibliotheque\Projet-bibliotheque-admin\venv_admin\Lib\site-packages\django\template\base.py", line 977, in render_annotated
    return self.render(context)
           ~~~~~~~~~~~^^^^^^^^^
  File "C:\Users\T.SHIGARAKI\Desktop\Projet-Bibliotheque\Projet-bibliotheque-admin\venv_admin\Lib\site-packages\django\template\loader_tags.py", line 159, in render
    return compiled_parent._render(context)
           ~~~~~~~~~~~~~~~~~~~~~~~^^^^^^^^^
  File "C:\Users\T.SHIGARAKI\Desktop\Projet-Bibliotheque\Projet-bibliotheque-admin\venv_admin\Lib\site-packages\django\template\base.py", line 163, in _render
    return self.nodelist.render(context)
           ~~~~~~~~~~~~~~~~~~~~^^^^^^^^^
  File "C:\Users\T.SHIGARAKI\Desktop\Projet-Bibliotheque\Projet-bibliotheque-admin\venv_admin\Lib\site-packages\django\template\base.py", line 1016, in render
    return SafeString("".join([node.render_annotated(context) for node in self]))
                               ~~~~~~~~~~~~~~~~~~~~~^^^^^^^^^
  File "C:\Users\T.SHIGARAKI\Desktop\Projet-Bibliotheque\Projet-bibliotheque-admin\venv_admin\Lib\site-packages\django\template\base.py", line 977, in render_annotated
    return self.render(context)
           ~~~~~~~~~~~^^^^^^^^^
  File "C:\Users\T.SHIGARAKI\Desktop\Projet-Bibliotheque\Projet-bibliotheque-admin\venv_admin\Lib\site-packages\django\template\loader_tags.py", line 65, in render
    result = block.nodelist.render(context)
  File "C:\Users\T.SHIGARAKI\Desktop\Projet-Bibliotheque\Projet-bibliotheque-admin\venv_admin\Lib\site-packages\django\template\base.py", line 1016, in render
    return SafeString("".join([node.render_annotated(context) for node in self]))
                               ~~~~~~~~~~~~~~~~~~~~~^^^^^^^^^
  File "C:\Users\T.SHIGARAKI\Desktop\Projet-Bibliotheque\Projet-bibliotheque-admin\venv_admin\Lib\site-packages\django\template\base.py", line 977, in render_annotated
    return self.render(context)
           ~~~~~~~~~~~^^^^^^^^^
  File "C:\Users\T.SHIGARAKI\Desktop\Projet-Bibliotheque\Projet-bibliotheque-admin\venv_admin\Lib\site-packages\django\template\defaulttags.py", line 480, in render
    url = reverse(view_name, args=args, kwargs=kwargs, current_app=current_app)
  File "C:\Users\T.SHIGARAKI\Desktop\Projet-Bibliotheque\Projet-bibliotheque-admin\venv_admin\Lib\site-packages\django\urls\base.py", line 98, in reverse
    resolved_url = resolver._reverse_with_prefix(view, prefix, *args, **kwargs)
  File "C:\Users\T.SHIGARAKI\Desktop\Projet-Bibliotheque\Projet-bibliotheque-admin\venv_admin\Lib\site-packages\django\urls\resolvers.py", line 831, in _reverse_with_prefix
    raise NoReverseMatch(msg)
django.urls.exceptions.NoReverseMatch: Reverse for 'manage_users' not found. 'manage_users' is not a valid view function or pattern name.
Notification count: total=0
Notification count: total=0
Notification count: total=0
Notification count: total=0
Notification count: total=0
Notification count: total=0
Watching for file changes with StatReloader
Not Found: /favicon.ico
Notification count: total=0
Notification count: total=0
Notification count: total=0
Notification count: total=0
Watching for file changes with StatReloader
Watching for file changes with StatReloader
Not Found: /favicon.ico
Notification count: total=0
Notification count: total=0
Notification count: total=0
Notification count: total=0
Notification count: total=0
Notification count: total=0
Notification count: total=0
Notification count: total=0
Notification count: total=0
Notification count: total=0
C:\Users\T.SHIGARAKI\Desktop\Projet-Bibliotheque\Projet-bibliotheque-admin\users\views.py changed, reloading.
Watching for file changes with StatReloader
C:\Users\T.SHIGARAKI\Desktop\Projet-Bibliotheque\Projet-bibliotheque-admin\users\forms.py changed, reloading.
Watching for file changes with StatReloader
Notification count: total=0
Notification count: total=0
Not Found: /favicon.ico
Notification count: total=0
Internal Server Error: /statistics/
Traceback (most recent call last):
  File "C:\Users\T.SHIGARAKI\Desktop\Projet-Bibliotheque\Projet-bibliotheque-admin\venv_admin\Lib\site-packages\django\core\handlers\exception.py", line 55, in inner
    response = get_response(request)
  File "C:\Users\T.SHIGARAKI\Desktop\Projet-Bibliotheque\Projet-bibliotheque-admin\venv_admin\Lib\site-packages\django\core\handlers\base.py", line 197, in _get_response
    response = wrapped_callback(request, *callback_args, **callback_kwargs)
  File "C:\Users\T.SHIGARAKI\Desktop\Projet-Bibliotheque\Projet-bibliotheque-admin\venv_admin\Lib\site-packages\django\contrib\auth\decorators.py", line 59, in _view_wrapper
    return view_func(request, *args, **kwargs)
  File "C:\Users\T.SHIGARAKI\Desktop\Projet-Bibliotheque\Projet-bibliotheque-admin\library_stats\views.py", line 34, in statistics
    user_stats = CustomUser.objects.aggregate(
        total=Count('id'),
        librarians=Count('id', filter=Q(is_librarian=True))
    )
  File "C:\Users\T.SHIGARAKI\Desktop\Projet-Bibliotheque\Projet-bibliotheque-admin\venv_admin\Lib\site-packages\django\db\models\manager.py", line 87, in manager_method
    return getattr(self.get_queryset(), name)(*args, **kwargs)
           ~~~~~~~~~~~~~~~~~~~~~~~~~~~~~~~~~~^^^^^^^^^^^^^^^^^
  File "C:\Users\T.SHIGARAKI\Desktop\Projet-Bibliotheque\Projet-bibliotheque-admin\venv_admin\Lib\site-packages\django\db\models\query.py", line 588, in aggregate
    return self.query.chain().get_aggregation(self.db, kwargs)
           ~~~~~~~~~~~~~~~~~~~~~~~~~~~~~~~~~~^^^^^^^^^^^^^^^^^
  File "C:\Users\T.SHIGARAKI\Desktop\Projet-Bibliotheque\Projet-bibliotheque-admin\venv_admin\Lib\site-packages\django\db\models\sql\query.py", line 460, in get_aggregation
    aggregate = aggregate_expr.resolve_expression(
        self, allow_joins=True, reuse=None, summarize=True
    )
  File "C:\Users\T.SHIGARAKI\Desktop\Projet-Bibliotheque\Projet-bibliotheque-admin\venv_admin\Lib\site-packages\django\db\models\aggregates.py", line 181, in resolve_expression
    result = super().resolve_expression(*args, **kwargs)
  File "C:\Users\T.SHIGARAKI\Desktop\Projet-Bibliotheque\Projet-bibliotheque-admin\venv_admin\Lib\site-packages\django\db\models\aggregates.py", line 63, in resolve_expression
    c = super().resolve_expression(query, allow_joins, reuse, summarize)
  File "C:\Users\T.SHIGARAKI\Desktop\Projet-Bibliotheque\Projet-bibliotheque-admin\venv_admin\Lib\site-packages\django\db\models\expressions.py", line 300, in resolve_expression
    expr.resolve_expression(query, allow_joins, reuse, summarize)
    ~~~~~~~~~~~~~~~~~~~~~~~^^^^^^^^^^^^^^^^^^^^^^^^^^^^^^^^^^^^^^
  File "C:\Users\T.SHIGARAKI\Desktop\Projet-Bibliotheque\Projet-bibliotheque-admin\venv_admin\Lib\site-packages\django\db\models\query_utils.py", line 91, in resolve_expression
    clause, joins = query._add_q(
                    ~~~~~~~~~~~~^
        self,
        ^^^^^
    ...<4 lines>...
        summarize=summarize,
        ^^^^^^^^^^^^^^^^^^^^
    )
    ^
  File "C:\Users\T.SHIGARAKI\Desktop\Projet-Bibliotheque\Projet-bibliotheque-admin\venv_admin\Lib\site-packages\django\db\models\sql\query.py", line 1675, in _add_q
    child_clause, needed_inner = self.build_filter(
                                 ~~~~~~~~~~~~~~~~~^
        child,
        ^^^^^^
    ...<7 lines>...
        update_join_types=update_join_types,
        ^^^^^^^^^^^^^^^^^^^^^^^^^^^^^^^^^^^^
    )
    ^
  File "C:\Users\T.SHIGARAKI\Desktop\Projet-Bibliotheque\Projet-bibliotheque-admin\venv_admin\Lib\site-packages\django\db\models\sql\query.py", line 1523, in build_filter
    lookups, parts, reffed_expression = self.solve_lookup_type(arg, summarize)
                                        ~~~~~~~~~~~~~~~~~~~~~~^^^^^^^^^^^^^^^^
  File "C:\Users\T.SHIGARAKI\Desktop\Projet-Bibliotheque\Projet-bibliotheque-admin\venv_admin\Lib\site-packages\django\db\models\sql\query.py", line 1330, in solve_lookup_type
    _, field, _, lookup_parts = self.names_to_path(lookup_splitted, self.get_meta())
                                ~~~~~~~~~~~~~~~~~~^^^^^^^^^^^^^^^^^^^^^^^^^^^^^^^^^^
  File "C:\Users\T.SHIGARAKI\Desktop\Projet-Bibliotheque\Projet-bibliotheque-admin\venv_admin\Lib\site-packages\django\db\models\sql\query.py", line 1802, in names_to_path
    raise FieldError(
    ...<2 lines>...
    )
django.core.exceptions.FieldError: Cannot resolve keyword 'is_librarian' into field. Choices are: date_joined, deleted_notifications, department, email, first_login, first_name, groups, id, is_active, is_staff, is_superuser, last_login, last_name, logentry, notifications, password, phone_number, student_id, total, user_permissions, user_type, username
Notification count: total=0
Notification count: total=0
Notification count: total=0
Notification count: total=0
Notification count: total=0
Notification count: total=0
Notification count: total=0
Notification count: total=0
Notification count: total=0
Notification count: total=0
Notification count: total=0
C:\Users\T.SHIGARAKI\Desktop\Projet-Bibliotheque\Projet-bibliotheque-admin\users\models.py changed, reloading.
Watching for file changes with StatReloader
C:\Users\T.SHIGARAKI\Desktop\Projet-Bibliotheque\Projet-bibliotheque-admin\users\views.py changed, reloading.
Watching for file changes with StatReloader
C:\Users\T.SHIGARAKI\Desktop\Projet-Bibliotheque\Projet-bibliotheque-admin\users\forms.py changed, reloading.
Watching for file changes with StatReloader
Watching for file changes with StatReloader
Notification count: total=0
Not Found: /favicon.ico
Notification count: total=0
Notification count: total=0
Notification count: total=0
C:\Users\T.SHIGARAKI\Desktop\Projet-Bibliotheque\Projet-bibliotheque-admin\users\views.py changed, reloading.
Watching for file changes with StatReloader
C:\Users\T.SHIGARAKI\Desktop\Projet-Bibliotheque\Projet-bibliotheque-admin\notifications\signals.py changed, reloading.
Watching for file changes with StatReloader
C:\Users\T.SHIGARAKI\Desktop\Projet-Bibliotheque\Projet-bibliotheque-admin\notifications\signals.py changed, reloading.
Watching for file changes with StatReloader
Notification count: total=0
Notification count: total=0
Notification count: total=0
Notification count: total=0
Notification count: total=0
Notification count: total=0
C:\Users\T.SHIGARAKI\Desktop\Projet-Bibliotheque\Projet-bibliotheque-admin\users\views.py changed, reloading.
Watching for file changes with StatReloader
C:\Users\T.SHIGARAKI\Desktop\Projet-Bibliotheque\Projet-bibliotheque-admin\users\models.py changed, reloading.
Watching for file changes with StatReloader
C:\Users\T.SHIGARAKI\Desktop\Projet-Bibliotheque\Projet-bibliotheque-admin\users\models.py changed, reloading.
Watching for file changes with StatReloader
Notification count: total=0
Internal Server Error: /users/create/
Traceback (most recent call last):
  File "C:\Users\T.SHIGARAKI\Desktop\Projet-Bibliotheque\Projet-bibliotheque-admin\venv_admin\Lib\site-packages\django\core\handlers\exception.py", line 55, in inner
    response = get_response(request)
  File "C:\Users\T.SHIGARAKI\Desktop\Projet-Bibliotheque\Projet-bibliotheque-admin\venv_admin\Lib\site-packages\django\core\handlers\base.py", line 197, in _get_response
    response = wrapped_callback(request, *callback_args, **callback_kwargs)
  File "C:\Users\T.SHIGARAKI\Desktop\Projet-Bibliotheque\Projet-bibliotheque-admin\venv_admin\Lib\site-packages\django\contrib\auth\decorators.py", line 59, in _view_wrapper
    return view_func(request, *args, **kwargs)
  File "C:\Users\T.SHIGARAKI\Desktop\Projet-Bibliotheque\Projet-bibliotheque-admin\users\views.py", line 128, in create_user
    return render(request, 'users/create_user.html', {'form': form})
  File "C:\Users\T.SHIGARAKI\Desktop\Projet-Bibliotheque\Projet-bibliotheque-admin\venv_admin\Lib\site-packages\django\shortcuts.py", line 25, in render
    content = loader.render_to_string(template_name, context, request, using=using)
  File "C:\Users\T.SHIGARAKI\Desktop\Projet-Bibliotheque\Projet-bibliotheque-admin\venv_admin\Lib\site-packages\django\template\loader.py", line 62, in render_to_string
    return template.render(context, request)
           ~~~~~~~~~~~~~~~^^^^^^^^^^^^^^^^^^
  File "C:\Users\T.SHIGARAKI\Desktop\Projet-Bibliotheque\Projet-bibliotheque-admin\venv_admin\Lib\site-packages\django\template\backends\django.py", line 107, in render
    return self.template.render(context)
           ~~~~~~~~~~~~~~~~~~~~^^^^^^^^^
  File "C:\Users\T.SHIGARAKI\Desktop\Projet-Bibliotheque\Projet-bibliotheque-admin\venv_admin\Lib\site-packages\django\template\base.py", line 169, in render
    with context.bind_template(self):
         ~~~~~~~~~~~~~~~~~~~~~^^^^^^
  File "C:\Users\T.SHIGARAKI\AppData\Local\Programs\Python\Python313\Lib\contextlib.py", line 141, in __enter__
    return next(self.gen)
  File "C:\Users\T.SHIGARAKI\Desktop\Projet-Bibliotheque\Projet-bibliotheque-admin\venv_admin\Lib\site-packages\django\template\context.py", line 259, in bind_template
    context = processor(self.request)
  File "C:\Users\T.SHIGARAKI\Desktop\Projet-Bibliotheque\Projet-bibliotheque-admin\notifications\context_processors.py", line 4, in notification_count
    if not request.user.is_authenticated or not request.user.is_librarian:
                                                ^^^^^^^^^^^^^^^^^^^^^^^^^
  File "C:\Users\T.SHIGARAKI\Desktop\Projet-Bibliotheque\Projet-bibliotheque-admin\venv_admin\Lib\site-packages\django\utils\functional.py", line 253, in inner
    return func(_wrapped, *args)
AttributeError: 'CustomUser' object has no attribute 'is_librarian'
C:\Users\T.SHIGARAKI\Desktop\Projet-Bibliotheque\Projet-bibliotheque-admin\users\views.py changed, reloading.
Watching for file changes with StatReloader
C:\Users\T.SHIGARAKI\Desktop\Projet-Bibliotheque\Projet-bibliotheque-admin\users\models.py changed, reloading.
Watching for file changes with StatReloader
C:\Users\T.SHIGARAKI\Desktop\Projet-Bibliotheque\Projet-bibliotheque-admin\users\apps.py changed, reloading.
Watching for file changes with StatReloader
C:\Users\T.SHIGARAKI\Desktop\Projet-Bibliotheque\Projet-bibliotheque-admin\users\models.py changed, reloading.
Watching for file changes with StatReloader
C:\Users\T.SHIGARAKI\Desktop\Projet-Bibliotheque\Projet-bibliotheque-admin\users\views.py changed, reloading.
Watching for file changes with StatReloader
C:\Users\T.SHIGARAKI\Desktop\Projet-Bibliotheque\Projet-bibliotheque-admin\users\views.py changed, reloading.
Watching for file changes with StatReloader
Watching for file changes with StatReloader
Notification count: total=0
Not Found: /favicon.ico
Notification count: total=0
C:\Users\T.SHIGARAKI\Desktop\Projet-Bibliotheque\Projet-bibliotheque-admin\users\views.py changed, reloading.
Watching for file changes with StatReloader
Notification count: total=0
Notification count: total=0
Notification count: total=0
C:\Users\T.SHIGARAKI\Desktop\Projet-Bibliotheque\Projet-bibliotheque-admin\notifications\context_processors.py changed, reloading.
Watching for file changes with StatReloader
Notification count: total=0
Notification count: total=0
Watching for file changes with StatReloader
Notification count: total=0
Notification count: total=0
Notification count: total=0
Notification count: total=0
Notification count: total=0
Watching for file changes with StatReloader
Notification count: total=0
Notification count: total=0
Notification count: total=1
Notification count: total=1
Notification count: total=1
Notification count: total=1
Total des notifications affichées: 1
Notification count: total=1
Tentative de marquage comme lu pour la notification ID 1 par l'utilisateur admin_biblio
Notification marquée comme lue: ID 1
Notification count: total=0
Tentative de suppression de la notification ID 1 par l'utilisateur admin_biblio
Notification supprimée: ID 1, unique_identifier: ce758b299b65c01375e4bb04246f2126f14c990315db8e0ff49662b41334335e
Notification count: total=0
Notification count: total=0
Notification count: total=0
Notification count: total=0
Watching for file changes with StatReloader
Notification count: total=0
Not Found: /favicon.ico
Notification count: total=0
Notification count: total=0
C:\Users\T.SHIGARAKI\Desktop\Projet-Bibliotheque\Projet-bibliotheque-admin\books\forms.py changed, reloading.
Watching for file changes with StatReloader
Notification count: total=0
Notification count: total=0
C:\Users\T.SHIGARAKI\Desktop\Projet-Bibliotheque\Projet-bibliotheque-admin\books\forms.py changed, reloading.
Watching for file changes with StatReloader
Notification count: total=0
Watching for file changes with StatReloader
Not Found: /favicon.ico
Notification count: total=0
Notification count: total=0
Notification count: total=0
Not Found: /favicon.ico
Notification count: total=0
Notification count: total=0
Notification count: total=0
Notification count: total=0
Notification count: total=0
Notification count: total=0
Notification count: total=0
C:\Users\T.SHIGARAKI\Desktop\Projet-Bibliotheque\Projet-bibliotheque-admin\users\views.py changed, reloading.
Watching for file changes with StatReloader
C:\Users\T.SHIGARAKI\Desktop\Projet-Bibliotheque\Projet-bibliotheque-admin\users\forms.py changed, reloading.
Watching for file changes with StatReloader
Login failed for username=esso.daniel001, errors=<ul class="errorlist"><li>__all__<ul class="errorlist nonfield"><li>Saisissez un nom d’utilisateur et un mot de passe valides. Remarquez que chacun de ces champs est sensible à la casse (différenciation des majuscules/minuscules).</li></ul></li></ul>
Watching for file changes with StatReloader
Notification count: total=0
Notification count: total=0
Notification count: total=0
Notification count: total=1
Notification count: total=1
Notification count: total=1
C:\Users\T.SHIGARAKI\Desktop\Projet-Bibliotheque\Projet-bibliotheque-admin\users\views.py changed, reloading.
Watching for file changes with StatReloader
Notification count: total=1
Notification count: total=1
User created: esso.daniel002, password hash: pbkdf2_sha256$1000000$YRqsExcSLp51GQXgsgwc5v$BVEezfVQZlsvdcXOFHI5h7U1c1jih+W+ljyqj9VGbD4=
Notification count: total=2
Notification count: total=2
Notification count: total=2
Notification count: total=2
User created: esso.daniel001, password hash: pbkdf2_sha256$1000000$mNKyYs9tZ3tWYCWdHRkJZZ$mZdO7nVXHipeY1EzbfF8ryDaDBf9DhRIgIGEk9KDTAk=
Notification count: total=2
Notification count: total=2
Notification count: total=2
Total des notifications affichées: 2
Notification count: total=2
Tentative de marquage comme lu pour la notification ID 3 par l'utilisateur admin_biblio
Notification marquée comme lue: ID 3
Notification count: total=1
Tentative de marquage comme lu pour la notification ID 2 par l'utilisateur admin_biblio
Notification marquée comme lue: ID 2
Notification count: total=0
Tentative de suppression de toutes les notifications par l'utilisateur admin_biblio
2 notifications supprimées
Notification count: total=0
Total des notifications affichées: 0
Notification count: total=0
Notification count: total=0
Notification count: total=0
Notification count: total=0
Notification count: total=0
Notification count: total=0
Notification count: total=0
Notification count: total=0
Watching for file changes with StatReloader
Not Found: /favicon.ico
User logged in: esso.daniel001, first_login=True
Internal Server Error: /books/standard-user-dashboard/
Traceback (most recent call last):
  File "C:\Users\T.SHIGARAKI\Desktop\Projet-Bibliotheque\Projet-bibliotheque-admin\venv_admin\Lib\site-packages\django\template\backends\django.py", line 107, in render
    return self.template.render(context)
           ~~~~~~~~~~~~~~~~~~~~^^^^^^^^^
  File "C:\Users\T.SHIGARAKI\Desktop\Projet-Bibliotheque\Projet-bibliotheque-admin\venv_admin\Lib\site-packages\django\template\base.py", line 171, in render
    return self._render(context)
           ~~~~~~~~~~~~^^^^^^^^^
  File "C:\Users\T.SHIGARAKI\Desktop\Projet-Bibliotheque\Projet-bibliotheque-admin\venv_admin\Lib\site-packages\django\template\base.py", line 163, in _render
    return self.nodelist.render(context)
           ~~~~~~~~~~~~~~~~~~~~^^^^^^^^^
  File "C:\Users\T.SHIGARAKI\Desktop\Projet-Bibliotheque\Projet-bibliotheque-admin\venv_admin\Lib\site-packages\django\template\base.py", line 1016, in render
    return SafeString("".join([node.render_annotated(context) for node in self]))
                               ~~~~~~~~~~~~~~~~~~~~~^^^^^^^^^
  File "C:\Users\T.SHIGARAKI\Desktop\Projet-Bibliotheque\Projet-bibliotheque-admin\venv_admin\Lib\site-packages\django\template\base.py", line 977, in render_annotated
    return self.render(context)
           ~~~~~~~~~~~^^^^^^^^^
  File "C:\Users\T.SHIGARAKI\Desktop\Projet-Bibliotheque\Projet-bibliotheque-admin\venv_admin\Lib\site-packages\django\template\loader_tags.py", line 134, in render
    compiled_parent = self.get_parent(context)
  File "C:\Users\T.SHIGARAKI\Desktop\Projet-Bibliotheque\Projet-bibliotheque-admin\venv_admin\Lib\site-packages\django\template\loader_tags.py", line 131, in get_parent
    return self.find_template(parent, context)
           ~~~~~~~~~~~~~~~~~~^^^^^^^^^^^^^^^^^
  File "C:\Users\T.SHIGARAKI\Desktop\Projet-Bibliotheque\Projet-bibliotheque-admin\venv_admin\Lib\site-packages\django\template\loader_tags.py", line 109, in find_template
    template, origin = context.template.engine.find_template(
                       ~~~~~~~~~~~~~~~~~~~~~~~~~~~~~~~~~~~~~^
        template_name,
        ^^^^^^^^^^^^^^
        skip=history,
        ^^^^^^^^^^^^^
    )
    ^
  File "C:\Users\T.SHIGARAKI\Desktop\Projet-Bibliotheque\Projet-bibliotheque-admin\venv_admin\Lib\site-packages\django\template\engine.py", line 163, in find_template
    raise TemplateDoesNotExist(name, tried=tried)
django.template.exceptions.TemplateDoesNotExist: readers/base.html

The above exception was the direct cause of the following exception:

Traceback (most recent call last):
  File "C:\Users\T.SHIGARAKI\Desktop\Projet-Bibliotheque\Projet-bibliotheque-admin\venv_admin\Lib\site-packages\django\core\handlers\exception.py", line 55, in inner
    response = get_response(request)
  File "C:\Users\T.SHIGARAKI\Desktop\Projet-Bibliotheque\Projet-bibliotheque-admin\venv_admin\Lib\site-packages\django\core\handlers\base.py", line 197, in _get_response
    response = wrapped_callback(request, *callback_args, **callback_kwargs)
  File "C:\Users\T.SHIGARAKI\Desktop\Projet-Bibliotheque\Projet-bibliotheque-admin\venv_admin\Lib\site-packages\django\contrib\auth\decorators.py", line 59, in _view_wrapper
    return view_func(request, *args, **kwargs)
  File "C:\Users\T.SHIGARAKI\Desktop\Projet-Bibliotheque\Projet-bibliotheque-admin\books\views.py", line 42, in standard_user_dashboard
    return render(request, 'books/standard_user_dashboard.html', {
        'loans_count': 0,  # À remplacer par une logique réelle si disponible
        'notifications_count': 0,
        'favorites_count': 0
    })
  File "C:\Users\T.SHIGARAKI\Desktop\Projet-Bibliotheque\Projet-bibliotheque-admin\venv_admin\Lib\site-packages\django\shortcuts.py", line 25, in render
    content = loader.render_to_string(template_name, context, request, using=using)
  File "C:\Users\T.SHIGARAKI\Desktop\Projet-Bibliotheque\Projet-bibliotheque-admin\venv_admin\Lib\site-packages\django\template\loader.py", line 62, in render_to_string
    return template.render(context, request)
           ~~~~~~~~~~~~~~~^^^^^^^^^^^^^^^^^^
  File "C:\Users\T.SHIGARAKI\Desktop\Projet-Bibliotheque\Projet-bibliotheque-admin\venv_admin\Lib\site-packages\django\template\backends\django.py", line 109, in render
    reraise(exc, self.backend)
    ~~~~~~~^^^^^^^^^^^^^^^^^^^
  File "C:\Users\T.SHIGARAKI\Desktop\Projet-Bibliotheque\Projet-bibliotheque-admin\venv_admin\Lib\site-packages\django\template\backends\django.py", line 130, in reraise
    raise new from exc
django.template.exceptions.TemplateDoesNotExist: readers/base.html
Internal Server Error: /books/standard-user-dashboard/
Traceback (most recent call last):
  File "C:\Users\T.SHIGARAKI\Desktop\Projet-Bibliotheque\Projet-bibliotheque-admin\venv_admin\Lib\site-packages\django\core\handlers\exception.py", line 55, in inner
    response = get_response(request)
  File "C:\Users\T.SHIGARAKI\Desktop\Projet-Bibliotheque\Projet-bibliotheque-admin\venv_admin\Lib\site-packages\django\core\handlers\base.py", line 197, in _get_response
    response = wrapped_callback(request, *callback_args, **callback_kwargs)
  File "C:\Users\T.SHIGARAKI\Desktop\Projet-Bibliotheque\Projet-bibliotheque-admin\venv_admin\Lib\site-packages\django\contrib\auth\decorators.py", line 59, in _view_wrapper
    return view_func(request, *args, **kwargs)
  File "C:\Users\T.SHIGARAKI\Desktop\Projet-Bibliotheque\Projet-bibliotheque-admin\books\views.py", line 42, in standard_user_dashboard
    return render(request, 'books/standard_user_dashboard.html', {
        'loans_count': 0,  # À remplacer par une logique réelle si disponible
        'notifications_count': 0,
        'favorites_count': 0
    })
  File "C:\Users\T.SHIGARAKI\Desktop\Projet-Bibliotheque\Projet-bibliotheque-admin\venv_admin\Lib\site-packages\django\shortcuts.py", line 25, in render
    content = loader.render_to_string(template_name, context, request, using=using)
  File "C:\Users\T.SHIGARAKI\Desktop\Projet-Bibliotheque\Projet-bibliotheque-admin\venv_admin\Lib\site-packages\django\template\loader.py", line 62, in render_to_string
    return template.render(context, request)
           ~~~~~~~~~~~~~~~^^^^^^^^^^^^^^^^^^
  File "C:\Users\T.SHIGARAKI\Desktop\Projet-Bibliotheque\Projet-bibliotheque-admin\venv_admin\Lib\site-packages\django\template\backends\django.py", line 107, in render
    return self.template.render(context)
           ~~~~~~~~~~~~~~~~~~~~^^^^^^^^^
  File "C:\Users\T.SHIGARAKI\Desktop\Projet-Bibliotheque\Projet-bibliotheque-admin\venv_admin\Lib\site-packages\django\template\base.py", line 171, in render
    return self._render(context)
           ~~~~~~~~~~~~^^^^^^^^^
  File "C:\Users\T.SHIGARAKI\Desktop\Projet-Bibliotheque\Projet-bibliotheque-admin\venv_admin\Lib\site-packages\django\template\base.py", line 163, in _render
    return self.nodelist.render(context)
           ~~~~~~~~~~~~~~~~~~~~^^^^^^^^^
  File "C:\Users\T.SHIGARAKI\Desktop\Projet-Bibliotheque\Projet-bibliotheque-admin\venv_admin\Lib\site-packages\django\template\base.py", line 1016, in render
    return SafeString("".join([node.render_annotated(context) for node in self]))
                               ~~~~~~~~~~~~~~~~~~~~~^^^^^^^^^
  File "C:\Users\T.SHIGARAKI\Desktop\Projet-Bibliotheque\Projet-bibliotheque-admin\venv_admin\Lib\site-packages\django\template\base.py", line 977, in render_annotated
    return self.render(context)
           ~~~~~~~~~~~^^^^^^^^^
  File "C:\Users\T.SHIGARAKI\Desktop\Projet-Bibliotheque\Projet-bibliotheque-admin\venv_admin\Lib\site-packages\django\template\loader_tags.py", line 159, in render
    return compiled_parent._render(context)
           ~~~~~~~~~~~~~~~~~~~~~~~^^^^^^^^^
  File "C:\Users\T.SHIGARAKI\Desktop\Projet-Bibliotheque\Projet-bibliotheque-admin\venv_admin\Lib\site-packages\django\template\base.py", line 163, in _render
    return self.nodelist.render(context)
           ~~~~~~~~~~~~~~~~~~~~^^^^^^^^^
  File "C:\Users\T.SHIGARAKI\Desktop\Projet-Bibliotheque\Projet-bibliotheque-admin\venv_admin\Lib\site-packages\django\template\base.py", line 1016, in render
    return SafeString("".join([node.render_annotated(context) for node in self]))
                               ~~~~~~~~~~~~~~~~~~~~~^^^^^^^^^
  File "C:\Users\T.SHIGARAKI\Desktop\Projet-Bibliotheque\Projet-bibliotheque-admin\venv_admin\Lib\site-packages\django\template\base.py", line 977, in render_annotated
    return self.render(context)
           ~~~~~~~~~~~^^^^^^^^^
  File "C:\Users\T.SHIGARAKI\Desktop\Projet-Bibliotheque\Projet-bibliotheque-admin\venv_admin\Lib\site-packages\django\template\loader_tags.py", line 65, in render
    result = block.nodelist.render(context)
  File "C:\Users\T.SHIGARAKI\Desktop\Projet-Bibliotheque\Projet-bibliotheque-admin\venv_admin\Lib\site-packages\django\template\base.py", line 1016, in render
    return SafeString("".join([node.render_annotated(context) for node in self]))
                               ~~~~~~~~~~~~~~~~~~~~~^^^^^^^^^
  File "C:\Users\T.SHIGARAKI\Desktop\Projet-Bibliotheque\Projet-bibliotheque-admin\venv_admin\Lib\site-packages\django\template\base.py", line 977, in render_annotated
    return self.render(context)
           ~~~~~~~~~~~^^^^^^^^^
  File "C:\Users\T.SHIGARAKI\Desktop\Projet-Bibliotheque\Projet-bibliotheque-admin\venv_admin\Lib\site-packages\django\template\defaulttags.py", line 480, in render
    url = reverse(view_name, args=args, kwargs=kwargs, current_app=current_app)
  File "C:\Users\T.SHIGARAKI\Desktop\Projet-Bibliotheque\Projet-bibliotheque-admin\venv_admin\Lib\site-packages\django\urls\base.py", line 98, in reverse
    resolved_url = resolver._reverse_with_prefix(view, prefix, *args, **kwargs)
  File "C:\Users\T.SHIGARAKI\Desktop\Projet-Bibliotheque\Projet-bibliotheque-admin\venv_admin\Lib\site-packages\django\urls\resolvers.py", line 831, in _reverse_with_prefix
    raise NoReverseMatch(msg)
django.urls.exceptions.NoReverseMatch: Reverse for 'search' not found. 'search' is not a valid view function or pattern name.
Internal Server Error: /books/standard-user-dashboard/
Traceback (most recent call last):
  File "C:\Users\T.SHIGARAKI\Desktop\Projet-Bibliotheque\Projet-bibliotheque-admin\venv_admin\Lib\site-packages\django\core\handlers\exception.py", line 55, in inner
    response = get_response(request)
  File "C:\Users\T.SHIGARAKI\Desktop\Projet-Bibliotheque\Projet-bibliotheque-admin\venv_admin\Lib\site-packages\django\core\handlers\base.py", line 197, in _get_response
    response = wrapped_callback(request, *callback_args, **callback_kwargs)
  File "C:\Users\T.SHIGARAKI\Desktop\Projet-Bibliotheque\Projet-bibliotheque-admin\venv_admin\Lib\site-packages\django\contrib\auth\decorators.py", line 59, in _view_wrapper
    return view_func(request, *args, **kwargs)
  File "C:\Users\T.SHIGARAKI\Desktop\Projet-Bibliotheque\Projet-bibliotheque-admin\books\views.py", line 42, in standard_user_dashboard
    return render(request, 'books/standard_user_dashboard.html', {
        'loans_count': 0,  # À remplacer par une logique réelle si disponible
        'notifications_count': 0,
        'favorites_count': 0
    })
  File "C:\Users\T.SHIGARAKI\Desktop\Projet-Bibliotheque\Projet-bibliotheque-admin\venv_admin\Lib\site-packages\django\shortcuts.py", line 25, in render
    content = loader.render_to_string(template_name, context, request, using=using)
  File "C:\Users\T.SHIGARAKI\Desktop\Projet-Bibliotheque\Projet-bibliotheque-admin\venv_admin\Lib\site-packages\django\template\loader.py", line 62, in render_to_string
    return template.render(context, request)
           ~~~~~~~~~~~~~~~^^^^^^^^^^^^^^^^^^
  File "C:\Users\T.SHIGARAKI\Desktop\Projet-Bibliotheque\Projet-bibliotheque-admin\venv_admin\Lib\site-packages\django\template\backends\django.py", line 107, in render
    return self.template.render(context)
           ~~~~~~~~~~~~~~~~~~~~^^^^^^^^^
  File "C:\Users\T.SHIGARAKI\Desktop\Projet-Bibliotheque\Projet-bibliotheque-admin\venv_admin\Lib\site-packages\django\template\base.py", line 171, in render
    return self._render(context)
           ~~~~~~~~~~~~^^^^^^^^^
  File "C:\Users\T.SHIGARAKI\Desktop\Projet-Bibliotheque\Projet-bibliotheque-admin\venv_admin\Lib\site-packages\django\template\base.py", line 163, in _render
    return self.nodelist.render(context)
           ~~~~~~~~~~~~~~~~~~~~^^^^^^^^^
  File "C:\Users\T.SHIGARAKI\Desktop\Projet-Bibliotheque\Projet-bibliotheque-admin\venv_admin\Lib\site-packages\django\template\base.py", line 1016, in render
    return SafeString("".join([node.render_annotated(context) for node in self]))
                               ~~~~~~~~~~~~~~~~~~~~~^^^^^^^^^
  File "C:\Users\T.SHIGARAKI\Desktop\Projet-Bibliotheque\Projet-bibliotheque-admin\venv_admin\Lib\site-packages\django\template\base.py", line 977, in render_annotated
    return self.render(context)
           ~~~~~~~~~~~^^^^^^^^^
  File "C:\Users\T.SHIGARAKI\Desktop\Projet-Bibliotheque\Projet-bibliotheque-admin\venv_admin\Lib\site-packages\django\template\loader_tags.py", line 159, in render
    return compiled_parent._render(context)
           ~~~~~~~~~~~~~~~~~~~~~~~^^^^^^^^^
  File "C:\Users\T.SHIGARAKI\Desktop\Projet-Bibliotheque\Projet-bibliotheque-admin\venv_admin\Lib\site-packages\django\template\base.py", line 163, in _render
    return self.nodelist.render(context)
           ~~~~~~~~~~~~~~~~~~~~^^^^^^^^^
  File "C:\Users\T.SHIGARAKI\Desktop\Projet-Bibliotheque\Projet-bibliotheque-admin\venv_admin\Lib\site-packages\django\template\base.py", line 1016, in render
    return SafeString("".join([node.render_annotated(context) for node in self]))
                               ~~~~~~~~~~~~~~~~~~~~~^^^^^^^^^
  File "C:\Users\T.SHIGARAKI\Desktop\Projet-Bibliotheque\Projet-bibliotheque-admin\venv_admin\Lib\site-packages\django\template\base.py", line 977, in render_annotated
    return self.render(context)
           ~~~~~~~~~~~^^^^^^^^^
  File "C:\Users\T.SHIGARAKI\Desktop\Projet-Bibliotheque\Projet-bibliotheque-admin\venv_admin\Lib\site-packages\django\template\loader_tags.py", line 65, in render
    result = block.nodelist.render(context)
  File "C:\Users\T.SHIGARAKI\Desktop\Projet-Bibliotheque\Projet-bibliotheque-admin\venv_admin\Lib\site-packages\django\template\base.py", line 1016, in render
    return SafeString("".join([node.render_annotated(context) for node in self]))
                               ~~~~~~~~~~~~~~~~~~~~~^^^^^^^^^
  File "C:\Users\T.SHIGARAKI\Desktop\Projet-Bibliotheque\Projet-bibliotheque-admin\venv_admin\Lib\site-packages\django\template\base.py", line 977, in render_annotated
    return self.render(context)
           ~~~~~~~~~~~^^^^^^^^^
  File "C:\Users\T.SHIGARAKI\Desktop\Projet-Bibliotheque\Projet-bibliotheque-admin\venv_admin\Lib\site-packages\django\template\defaulttags.py", line 480, in render
    url = reverse(view_name, args=args, kwargs=kwargs, current_app=current_app)
  File "C:\Users\T.SHIGARAKI\Desktop\Projet-Bibliotheque\Projet-bibliotheque-admin\venv_admin\Lib\site-packages\django\urls\base.py", line 98, in reverse
    resolved_url = resolver._reverse_with_prefix(view, prefix, *args, **kwargs)
  File "C:\Users\T.SHIGARAKI\Desktop\Projet-Bibliotheque\Projet-bibliotheque-admin\venv_admin\Lib\site-packages\django\urls\resolvers.py", line 831, in _reverse_with_prefix
    raise NoReverseMatch(msg)
django.urls.exceptions.NoReverseMatch: Reverse for 'search' not found. 'search' is not a valid view function or pattern name.
C:\Users\T.SHIGARAKI\Desktop\Projet-Bibliotheque\Projet-bibliotheque-admin\books\views.py changed, reloading.
Watching for file changes with StatReloader
C:\Users\T.SHIGARAKI\Desktop\Projet-Bibliotheque\Projet-bibliotheque-admin\books\views.py changed, reloading.
Watching for file changes with StatReloader
C:\Users\T.SHIGARAKI\Desktop\Projet-Bibliotheque\Projet-bibliotheque-admin\books\urls.py changed, reloading.
Watching for file changes with StatReloader
Internal Server Error: /books/standard-user-dashboard/
Traceback (most recent call last):
  File "C:\Users\T.SHIGARAKI\Desktop\Projet-Bibliotheque\Projet-bibliotheque-admin\venv_admin\Lib\site-packages\django\urls\base.py", line 81, in reverse
    extra, resolver = resolver.namespace_dict[ns]
                      ~~~~~~~~~~~~~~~~~~~~~~~^^^^
KeyError: 'loans'

During handling of the above exception, another exception occurred:

Traceback (most recent call last):
  File "C:\Users\T.SHIGARAKI\Desktop\Projet-Bibliotheque\Projet-bibliotheque-admin\venv_admin\Lib\site-packages\django\core\handlers\exception.py", line 55, in inner
    response = get_response(request)
  File "C:\Users\T.SHIGARAKI\Desktop\Projet-Bibliotheque\Projet-bibliotheque-admin\venv_admin\Lib\site-packages\django\core\handlers\base.py", line 197, in _get_response
    response = wrapped_callback(request, *callback_args, **callback_kwargs)
  File "C:\Users\T.SHIGARAKI\Desktop\Projet-Bibliotheque\Projet-bibliotheque-admin\venv_admin\Lib\site-packages\django\contrib\auth\decorators.py", line 59, in _view_wrapper
    return view_func(request, *args, **kwargs)
  File "C:\Users\T.SHIGARAKI\Desktop\Projet-Bibliotheque\Projet-bibliotheque-admin\books\views.py", line 44, in standard_user_dashboard
    return render(request, 'books/standard_user_dashboard.html', {
        'loans_count': 0,  # À remplacer par une logique réelle si disponible
        'notifications_count': 0,
        'favorites_count': 0
    })
  File "C:\Users\T.SHIGARAKI\Desktop\Projet-Bibliotheque\Projet-bibliotheque-admin\venv_admin\Lib\site-packages\django\shortcuts.py", line 25, in render
    content = loader.render_to_string(template_name, context, request, using=using)
  File "C:\Users\T.SHIGARAKI\Desktop\Projet-Bibliotheque\Projet-bibliotheque-admin\venv_admin\Lib\site-packages\django\template\loader.py", line 62, in render_to_string
    return template.render(context, request)
           ~~~~~~~~~~~~~~~^^^^^^^^^^^^^^^^^^
  File "C:\Users\T.SHIGARAKI\Desktop\Projet-Bibliotheque\Projet-bibliotheque-admin\venv_admin\Lib\site-packages\django\template\backends\django.py", line 107, in render
    return self.template.render(context)
           ~~~~~~~~~~~~~~~~~~~~^^^^^^^^^
  File "C:\Users\T.SHIGARAKI\Desktop\Projet-Bibliotheque\Projet-bibliotheque-admin\venv_admin\Lib\site-packages\django\template\base.py", line 171, in render
    return self._render(context)
           ~~~~~~~~~~~~^^^^^^^^^
  File "C:\Users\T.SHIGARAKI\Desktop\Projet-Bibliotheque\Projet-bibliotheque-admin\venv_admin\Lib\site-packages\django\template\base.py", line 163, in _render
    return self.nodelist.render(context)
           ~~~~~~~~~~~~~~~~~~~~^^^^^^^^^
  File "C:\Users\T.SHIGARAKI\Desktop\Projet-Bibliotheque\Projet-bibliotheque-admin\venv_admin\Lib\site-packages\django\template\base.py", line 1016, in render
    return SafeString("".join([node.render_annotated(context) for node in self]))
                               ~~~~~~~~~~~~~~~~~~~~~^^^^^^^^^
  File "C:\Users\T.SHIGARAKI\Desktop\Projet-Bibliotheque\Projet-bibliotheque-admin\venv_admin\Lib\site-packages\django\template\base.py", line 977, in render_annotated
    return self.render(context)
           ~~~~~~~~~~~^^^^^^^^^
  File "C:\Users\T.SHIGARAKI\Desktop\Projet-Bibliotheque\Projet-bibliotheque-admin\venv_admin\Lib\site-packages\django\template\loader_tags.py", line 159, in render
    return compiled_parent._render(context)
           ~~~~~~~~~~~~~~~~~~~~~~~^^^^^^^^^
  File "C:\Users\T.SHIGARAKI\Desktop\Projet-Bibliotheque\Projet-bibliotheque-admin\venv_admin\Lib\site-packages\django\template\base.py", line 163, in _render
    return self.nodelist.render(context)
           ~~~~~~~~~~~~~~~~~~~~^^^^^^^^^
  File "C:\Users\T.SHIGARAKI\Desktop\Projet-Bibliotheque\Projet-bibliotheque-admin\venv_admin\Lib\site-packages\django\template\base.py", line 1016, in render
    return SafeString("".join([node.render_annotated(context) for node in self]))
                               ~~~~~~~~~~~~~~~~~~~~~^^^^^^^^^
  File "C:\Users\T.SHIGARAKI\Desktop\Projet-Bibliotheque\Projet-bibliotheque-admin\venv_admin\Lib\site-packages\django\template\base.py", line 977, in render_annotated
    return self.render(context)
           ~~~~~~~~~~~^^^^^^^^^
  File "C:\Users\T.SHIGARAKI\Desktop\Projet-Bibliotheque\Projet-bibliotheque-admin\venv_admin\Lib\site-packages\django\template\loader_tags.py", line 65, in render
    result = block.nodelist.render(context)
  File "C:\Users\T.SHIGARAKI\Desktop\Projet-Bibliotheque\Projet-bibliotheque-admin\venv_admin\Lib\site-packages\django\template\base.py", line 1016, in render
    return SafeString("".join([node.render_annotated(context) for node in self]))
                               ~~~~~~~~~~~~~~~~~~~~~^^^^^^^^^
  File "C:\Users\T.SHIGARAKI\Desktop\Projet-Bibliotheque\Projet-bibliotheque-admin\venv_admin\Lib\site-packages\django\template\base.py", line 977, in render_annotated
    return self.render(context)
           ~~~~~~~~~~~^^^^^^^^^
  File "C:\Users\T.SHIGARAKI\Desktop\Projet-Bibliotheque\Projet-bibliotheque-admin\venv_admin\Lib\site-packages\django\template\defaulttags.py", line 480, in render
    url = reverse(view_name, args=args, kwargs=kwargs, current_app=current_app)
  File "C:\Users\T.SHIGARAKI\Desktop\Projet-Bibliotheque\Projet-bibliotheque-admin\venv_admin\Lib\site-packages\django\urls\base.py", line 92, in reverse
    raise NoReverseMatch("%s is not a registered namespace" % key)
django.urls.exceptions.NoReverseMatch: 'loans' is not a registered namespace
C:\Users\T.SHIGARAKI\Desktop\Projet-Bibliotheque\Projet-bibliotheque-admin\users\views.py changed, reloading.
Watching for file changes with StatReloader
Watching for file changes with StatReloader
C:\Users\T.SHIGARAKI\Desktop\Projet-Bibliotheque\Projet-bibliotheque-admin\users\views.py changed, reloading.
Watching for file changes with StatReloader
Internal Server Error: /books/standard-user-dashboard/
Traceback (most recent call last):
  File "C:\Users\T.SHIGARAKI\Desktop\Projet-Bibliotheque\Projet-bibliotheque-admin\venv_admin\Lib\site-packages\django\template\backends\django.py", line 107, in render
    return self.template.render(context)
           ~~~~~~~~~~~~~~~~~~~~^^^^^^^^^
  File "C:\Users\T.SHIGARAKI\Desktop\Projet-Bibliotheque\Projet-bibliotheque-admin\venv_admin\Lib\site-packages\django\template\base.py", line 171, in render
    return self._render(context)
           ~~~~~~~~~~~~^^^^^^^^^
  File "C:\Users\T.SHIGARAKI\Desktop\Projet-Bibliotheque\Projet-bibliotheque-admin\venv_admin\Lib\site-packages\django\template\base.py", line 163, in _render
    return self.nodelist.render(context)
           ~~~~~~~~~~~~~~~~~~~~^^^^^^^^^
  File "C:\Users\T.SHIGARAKI\Desktop\Projet-Bibliotheque\Projet-bibliotheque-admin\venv_admin\Lib\site-packages\django\template\base.py", line 1016, in render
    return SafeString("".join([node.render_annotated(context) for node in self]))
                               ~~~~~~~~~~~~~~~~~~~~~^^^^^^^^^
  File "C:\Users\T.SHIGARAKI\Desktop\Projet-Bibliotheque\Projet-bibliotheque-admin\venv_admin\Lib\site-packages\django\template\base.py", line 977, in render_annotated
    return self.render(context)
           ~~~~~~~~~~~^^^^^^^^^
  File "C:\Users\T.SHIGARAKI\Desktop\Projet-Bibliotheque\Projet-bibliotheque-admin\venv_admin\Lib\site-packages\django\template\loader_tags.py", line 134, in render
    compiled_parent = self.get_parent(context)
  File "C:\Users\T.SHIGARAKI\Desktop\Projet-Bibliotheque\Projet-bibliotheque-admin\venv_admin\Lib\site-packages\django\template\loader_tags.py", line 131, in get_parent
    return self.find_template(parent, context)
           ~~~~~~~~~~~~~~~~~~^^^^^^^^^^^^^^^^^
  File "C:\Users\T.SHIGARAKI\Desktop\Projet-Bibliotheque\Projet-bibliotheque-admin\venv_admin\Lib\site-packages\django\template\loader_tags.py", line 109, in find_template
    template, origin = context.template.engine.find_template(
                       ~~~~~~~~~~~~~~~~~~~~~~~~~~~~~~~~~~~~~^
        template_name,
        ^^^^^^^^^^^^^^
        skip=history,
        ^^^^^^^^^^^^^
    )
    ^
  File "C:\Users\T.SHIGARAKI\Desktop\Projet-Bibliotheque\Projet-bibliotheque-admin\venv_admin\Lib\site-packages\django\template\engine.py", line 163, in find_template
    raise TemplateDoesNotExist(name, tried=tried)
django.template.exceptions.TemplateDoesNotExist: books/base.html

The above exception was the direct cause of the following exception:

Traceback (most recent call last):
  File "C:\Users\T.SHIGARAKI\Desktop\Projet-Bibliotheque\Projet-bibliotheque-admin\venv_admin\Lib\site-packages\django\core\handlers\exception.py", line 55, in inner
    response = get_response(request)
  File "C:\Users\T.SHIGARAKI\Desktop\Projet-Bibliotheque\Projet-bibliotheque-admin\venv_admin\Lib\site-packages\django\core\handlers\base.py", line 197, in _get_response
    response = wrapped_callback(request, *callback_args, **callback_kwargs)
  File "C:\Users\T.SHIGARAKI\Desktop\Projet-Bibliotheque\Projet-bibliotheque-admin\venv_admin\Lib\site-packages\django\contrib\auth\decorators.py", line 59, in _view_wrapper
    return view_func(request, *args, **kwargs)
  File "C:\Users\T.SHIGARAKI\Desktop\Projet-Bibliotheque\Projet-bibliotheque-admin\books\views.py", line 44, in standard_user_dashboard
    return render(request, 'books/standard_user_dashboard.html', {
        'loans_count': 0,  # À remplacer par une logique réelle si disponible
        'notifications_count': 0,
        'favorites_count': 0
    })
  File "C:\Users\T.SHIGARAKI\Desktop\Projet-Bibliotheque\Projet-bibliotheque-admin\venv_admin\Lib\site-packages\django\shortcuts.py", line 25, in render
    content = loader.render_to_string(template_name, context, request, using=using)
  File "C:\Users\T.SHIGARAKI\Desktop\Projet-Bibliotheque\Projet-bibliotheque-admin\venv_admin\Lib\site-packages\django\template\loader.py", line 62, in render_to_string
    return template.render(context, request)
           ~~~~~~~~~~~~~~~^^^^^^^^^^^^^^^^^^
  File "C:\Users\T.SHIGARAKI\Desktop\Projet-Bibliotheque\Projet-bibliotheque-admin\venv_admin\Lib\site-packages\django\template\backends\django.py", line 109, in render
    reraise(exc, self.backend)
    ~~~~~~~^^^^^^^^^^^^^^^^^^^
  File "C:\Users\T.SHIGARAKI\Desktop\Projet-Bibliotheque\Projet-bibliotheque-admin\venv_admin\Lib\site-packages\django\template\backends\django.py", line 130, in reraise
    raise new from exc
django.template.exceptions.TemplateDoesNotExist: books/base.html
User logged in: esso.daniel001, first_login=False
Internal Server Error: /books/standard-user-dashboard/
Traceback (most recent call last):
  File "C:\Users\T.SHIGARAKI\Desktop\Projet-Bibliotheque\Projet-bibliotheque-admin\venv_admin\Lib\site-packages\django\template\backends\django.py", line 107, in render
    return self.template.render(context)
           ~~~~~~~~~~~~~~~~~~~~^^^^^^^^^
  File "C:\Users\T.SHIGARAKI\Desktop\Projet-Bibliotheque\Projet-bibliotheque-admin\venv_admin\Lib\site-packages\django\template\base.py", line 171, in render
    return self._render(context)
           ~~~~~~~~~~~~^^^^^^^^^
  File "C:\Users\T.SHIGARAKI\Desktop\Projet-Bibliotheque\Projet-bibliotheque-admin\venv_admin\Lib\site-packages\django\template\base.py", line 163, in _render
    return self.nodelist.render(context)
           ~~~~~~~~~~~~~~~~~~~~^^^^^^^^^
  File "C:\Users\T.SHIGARAKI\Desktop\Projet-Bibliotheque\Projet-bibliotheque-admin\venv_admin\Lib\site-packages\django\template\base.py", line 1016, in render
    return SafeString("".join([node.render_annotated(context) for node in self]))
                               ~~~~~~~~~~~~~~~~~~~~~^^^^^^^^^
  File "C:\Users\T.SHIGARAKI\Desktop\Projet-Bibliotheque\Projet-bibliotheque-admin\venv_admin\Lib\site-packages\django\template\base.py", line 977, in render_annotated
    return self.render(context)
           ~~~~~~~~~~~^^^^^^^^^
  File "C:\Users\T.SHIGARAKI\Desktop\Projet-Bibliotheque\Projet-bibliotheque-admin\venv_admin\Lib\site-packages\django\template\loader_tags.py", line 134, in render
    compiled_parent = self.get_parent(context)
  File "C:\Users\T.SHIGARAKI\Desktop\Projet-Bibliotheque\Projet-bibliotheque-admin\venv_admin\Lib\site-packages\django\template\loader_tags.py", line 131, in get_parent
    return self.find_template(parent, context)
           ~~~~~~~~~~~~~~~~~~^^^^^^^^^^^^^^^^^
  File "C:\Users\T.SHIGARAKI\Desktop\Projet-Bibliotheque\Projet-bibliotheque-admin\venv_admin\Lib\site-packages\django\template\loader_tags.py", line 109, in find_template
    template, origin = context.template.engine.find_template(
                       ~~~~~~~~~~~~~~~~~~~~~~~~~~~~~~~~~~~~~^
        template_name,
        ^^^^^^^^^^^^^^
        skip=history,
        ^^^^^^^^^^^^^
    )
    ^
  File "C:\Users\T.SHIGARAKI\Desktop\Projet-Bibliotheque\Projet-bibliotheque-admin\venv_admin\Lib\site-packages\django\template\engine.py", line 163, in find_template
    raise TemplateDoesNotExist(name, tried=tried)
django.template.exceptions.TemplateDoesNotExist: books/base.html

The above exception was the direct cause of the following exception:

Traceback (most recent call last):
  File "C:\Users\T.SHIGARAKI\Desktop\Projet-Bibliotheque\Projet-bibliotheque-admin\venv_admin\Lib\site-packages\django\core\handlers\exception.py", line 55, in inner
    response = get_response(request)
  File "C:\Users\T.SHIGARAKI\Desktop\Projet-Bibliotheque\Projet-bibliotheque-admin\venv_admin\Lib\site-packages\django\core\handlers\base.py", line 197, in _get_response
    response = wrapped_callback(request, *callback_args, **callback_kwargs)
  File "C:\Users\T.SHIGARAKI\Desktop\Projet-Bibliotheque\Projet-bibliotheque-admin\venv_admin\Lib\site-packages\django\contrib\auth\decorators.py", line 59, in _view_wrapper
    return view_func(request, *args, **kwargs)
  File "C:\Users\T.SHIGARAKI\Desktop\Projet-Bibliotheque\Projet-bibliotheque-admin\books\views.py", line 44, in standard_user_dashboard
    return render(request, 'books/standard_user_dashboard.html', {
        'loans_count': 0,  # À remplacer par une logique réelle si disponible
        'notifications_count': 0,
        'favorites_count': 0
    })
  File "C:\Users\T.SHIGARAKI\Desktop\Projet-Bibliotheque\Projet-bibliotheque-admin\venv_admin\Lib\site-packages\django\shortcuts.py", line 25, in render
    content = loader.render_to_string(template_name, context, request, using=using)
  File "C:\Users\T.SHIGARAKI\Desktop\Projet-Bibliotheque\Projet-bibliotheque-admin\venv_admin\Lib\site-packages\django\template\loader.py", line 62, in render_to_string
    return template.render(context, request)
           ~~~~~~~~~~~~~~~^^^^^^^^^^^^^^^^^^
  File "C:\Users\T.SHIGARAKI\Desktop\Projet-Bibliotheque\Projet-bibliotheque-admin\venv_admin\Lib\site-packages\django\template\backends\django.py", line 109, in render
    reraise(exc, self.backend)
    ~~~~~~~^^^^^^^^^^^^^^^^^^^
  File "C:\Users\T.SHIGARAKI\Desktop\Projet-Bibliotheque\Projet-bibliotheque-admin\venv_admin\Lib\site-packages\django\template\backends\django.py", line 130, in reraise
    raise new from exc
django.template.exceptions.TemplateDoesNotExist: books/base.html
Internal Server Error: /books/standard-user-dashboard/
Traceback (most recent call last):
  File "C:\Users\T.SHIGARAKI\Desktop\Projet-Bibliotheque\Projet-bibliotheque-admin\venv_admin\Lib\site-packages\django\urls\base.py", line 81, in reverse
    extra, resolver = resolver.namespace_dict[ns]
                      ~~~~~~~~~~~~~~~~~~~~~~~^^^^
KeyError: 'readers'

During handling of the above exception, another exception occurred:

Traceback (most recent call last):
  File "C:\Users\T.SHIGARAKI\Desktop\Projet-Bibliotheque\Projet-bibliotheque-admin\venv_admin\Lib\site-packages\django\core\handlers\exception.py", line 55, in inner
    response = get_response(request)
  File "C:\Users\T.SHIGARAKI\Desktop\Projet-Bibliotheque\Projet-bibliotheque-admin\venv_admin\Lib\site-packages\django\core\handlers\base.py", line 197, in _get_response
    response = wrapped_callback(request, *callback_args, **callback_kwargs)
  File "C:\Users\T.SHIGARAKI\Desktop\Projet-Bibliotheque\Projet-bibliotheque-admin\venv_admin\Lib\site-packages\django\contrib\auth\decorators.py", line 59, in _view_wrapper
    return view_func(request, *args, **kwargs)
  File "C:\Users\T.SHIGARAKI\Desktop\Projet-Bibliotheque\Projet-bibliotheque-admin\books\views.py", line 44, in standard_user_dashboard
    return render(request, 'books/standard_user_dashboard.html', {
        'loans_count': 0,  # À remplacer par une logique réelle si disponible
        'notifications_count': 0,
        'favorites_count': 0
    })
  File "C:\Users\T.SHIGARAKI\Desktop\Projet-Bibliotheque\Projet-bibliotheque-admin\venv_admin\Lib\site-packages\django\shortcuts.py", line 25, in render
    content = loader.render_to_string(template_name, context, request, using=using)
  File "C:\Users\T.SHIGARAKI\Desktop\Projet-Bibliotheque\Projet-bibliotheque-admin\venv_admin\Lib\site-packages\django\template\loader.py", line 62, in render_to_string
    return template.render(context, request)
           ~~~~~~~~~~~~~~~^^^^^^^^^^^^^^^^^^
  File "C:\Users\T.SHIGARAKI\Desktop\Projet-Bibliotheque\Projet-bibliotheque-admin\venv_admin\Lib\site-packages\django\template\backends\django.py", line 107, in render
    return self.template.render(context)
           ~~~~~~~~~~~~~~~~~~~~^^^^^^^^^
  File "C:\Users\T.SHIGARAKI\Desktop\Projet-Bibliotheque\Projet-bibliotheque-admin\venv_admin\Lib\site-packages\django\template\base.py", line 171, in render
    return self._render(context)
           ~~~~~~~~~~~~^^^^^^^^^
  File "C:\Users\T.SHIGARAKI\Desktop\Projet-Bibliotheque\Projet-bibliotheque-admin\venv_admin\Lib\site-packages\django\template\base.py", line 163, in _render
    return self.nodelist.render(context)
           ~~~~~~~~~~~~~~~~~~~~^^^^^^^^^
  File "C:\Users\T.SHIGARAKI\Desktop\Projet-Bibliotheque\Projet-bibliotheque-admin\venv_admin\Lib\site-packages\django\template\base.py", line 1016, in render
    return SafeString("".join([node.render_annotated(context) for node in self]))
                               ~~~~~~~~~~~~~~~~~~~~~^^^^^^^^^
  File "C:\Users\T.SHIGARAKI\Desktop\Projet-Bibliotheque\Projet-bibliotheque-admin\venv_admin\Lib\site-packages\django\template\base.py", line 977, in render_annotated
    return self.render(context)
           ~~~~~~~~~~~^^^^^^^^^
  File "C:\Users\T.SHIGARAKI\Desktop\Projet-Bibliotheque\Projet-bibliotheque-admin\venv_admin\Lib\site-packages\django\template\loader_tags.py", line 159, in render
    return compiled_parent._render(context)
           ~~~~~~~~~~~~~~~~~~~~~~~^^^^^^^^^
  File "C:\Users\T.SHIGARAKI\Desktop\Projet-Bibliotheque\Projet-bibliotheque-admin\venv_admin\Lib\site-packages\django\template\base.py", line 163, in _render
    return self.nodelist.render(context)
           ~~~~~~~~~~~~~~~~~~~~^^^^^^^^^
  File "C:\Users\T.SHIGARAKI\Desktop\Projet-Bibliotheque\Projet-bibliotheque-admin\venv_admin\Lib\site-packages\django\template\base.py", line 1016, in render
    return SafeString("".join([node.render_annotated(context) for node in self]))
                               ~~~~~~~~~~~~~~~~~~~~~^^^^^^^^^
  File "C:\Users\T.SHIGARAKI\Desktop\Projet-Bibliotheque\Projet-bibliotheque-admin\venv_admin\Lib\site-packages\django\template\base.py", line 977, in render_annotated
    return self.render(context)
           ~~~~~~~~~~~^^^^^^^^^
  File "C:\Users\T.SHIGARAKI\Desktop\Projet-Bibliotheque\Projet-bibliotheque-admin\venv_admin\Lib\site-packages\django\template\defaulttags.py", line 480, in render
    url = reverse(view_name, args=args, kwargs=kwargs, current_app=current_app)
  File "C:\Users\T.SHIGARAKI\Desktop\Projet-Bibliotheque\Projet-bibliotheque-admin\venv_admin\Lib\site-packages\django\urls\base.py", line 92, in reverse
    raise NoReverseMatch("%s is not a registered namespace" % key)
django.urls.exceptions.NoReverseMatch: 'readers' is not a registered namespace
Internal Server Error: /books/standard-user-dashboard/
Traceback (most recent call last):
  File "C:\Users\T.SHIGARAKI\Desktop\Projet-Bibliotheque\Projet-bibliotheque-admin\venv_admin\Lib\site-packages\django\core\handlers\exception.py", line 55, in inner
    response = get_response(request)
  File "C:\Users\T.SHIGARAKI\Desktop\Projet-Bibliotheque\Projet-bibliotheque-admin\venv_admin\Lib\site-packages\django\core\handlers\base.py", line 197, in _get_response
    response = wrapped_callback(request, *callback_args, **callback_kwargs)
  File "C:\Users\T.SHIGARAKI\Desktop\Projet-Bibliotheque\Projet-bibliotheque-admin\venv_admin\Lib\site-packages\django\contrib\auth\decorators.py", line 59, in _view_wrapper
    return view_func(request, *args, **kwargs)
  File "C:\Users\T.SHIGARAKI\Desktop\Projet-Bibliotheque\Projet-bibliotheque-admin\books\views.py", line 44, in standard_user_dashboard
    return render(request, 'books/standard_user_dashboard.html', {
        'loans_count': 0,  # À remplacer par une logique réelle si disponible
        'notifications_count': 0,
        'favorites_count': 0
    })
  File "C:\Users\T.SHIGARAKI\Desktop\Projet-Bibliotheque\Projet-bibliotheque-admin\venv_admin\Lib\site-packages\django\shortcuts.py", line 25, in render
    content = loader.render_to_string(template_name, context, request, using=using)
  File "C:\Users\T.SHIGARAKI\Desktop\Projet-Bibliotheque\Projet-bibliotheque-admin\venv_admin\Lib\site-packages\django\template\loader.py", line 62, in render_to_string
    return template.render(context, request)
           ~~~~~~~~~~~~~~~^^^^^^^^^^^^^^^^^^
  File "C:\Users\T.SHIGARAKI\Desktop\Projet-Bibliotheque\Projet-bibliotheque-admin\venv_admin\Lib\site-packages\django\template\backends\django.py", line 107, in render
    return self.template.render(context)
           ~~~~~~~~~~~~~~~~~~~~^^^^^^^^^
  File "C:\Users\T.SHIGARAKI\Desktop\Projet-Bibliotheque\Projet-bibliotheque-admin\venv_admin\Lib\site-packages\django\template\base.py", line 171, in render
    return self._render(context)
           ~~~~~~~~~~~~^^^^^^^^^
  File "C:\Users\T.SHIGARAKI\Desktop\Projet-Bibliotheque\Projet-bibliotheque-admin\venv_admin\Lib\site-packages\django\template\base.py", line 163, in _render
    return self.nodelist.render(context)
           ~~~~~~~~~~~~~~~~~~~~^^^^^^^^^
  File "C:\Users\T.SHIGARAKI\Desktop\Projet-Bibliotheque\Projet-bibliotheque-admin\venv_admin\Lib\site-packages\django\template\base.py", line 1016, in render
    return SafeString("".join([node.render_annotated(context) for node in self]))
                               ~~~~~~~~~~~~~~~~~~~~~^^^^^^^^^
  File "C:\Users\T.SHIGARAKI\Desktop\Projet-Bibliotheque\Projet-bibliotheque-admin\venv_admin\Lib\site-packages\django\template\base.py", line 977, in render_annotated
    return self.render(context)
           ~~~~~~~~~~~^^^^^^^^^
  File "C:\Users\T.SHIGARAKI\Desktop\Projet-Bibliotheque\Projet-bibliotheque-admin\venv_admin\Lib\site-packages\django\template\loader_tags.py", line 159, in render
    return compiled_parent._render(context)
           ~~~~~~~~~~~~~~~~~~~~~~~^^^^^^^^^
  File "C:\Users\T.SHIGARAKI\Desktop\Projet-Bibliotheque\Projet-bibliotheque-admin\venv_admin\Lib\site-packages\django\template\base.py", line 163, in _render
    return self.nodelist.render(context)
           ~~~~~~~~~~~~~~~~~~~~^^^^^^^^^
  File "C:\Users\T.SHIGARAKI\Desktop\Projet-Bibliotheque\Projet-bibliotheque-admin\venv_admin\Lib\site-packages\django\template\base.py", line 1016, in render
    return SafeString("".join([node.render_annotated(context) for node in self]))
                               ~~~~~~~~~~~~~~~~~~~~~^^^^^^^^^
  File "C:\Users\T.SHIGARAKI\Desktop\Projet-Bibliotheque\Projet-bibliotheque-admin\venv_admin\Lib\site-packages\django\template\base.py", line 977, in render_annotated
    return self.render(context)
           ~~~~~~~~~~~^^^^^^^^^
  File "C:\Users\T.SHIGARAKI\Desktop\Projet-Bibliotheque\Projet-bibliotheque-admin\venv_admin\Lib\site-packages\django\template\defaulttags.py", line 480, in render
    url = reverse(view_name, args=args, kwargs=kwargs, current_app=current_app)
  File "C:\Users\T.SHIGARAKI\Desktop\Projet-Bibliotheque\Projet-bibliotheque-admin\venv_admin\Lib\site-packages\django\urls\base.py", line 98, in reverse
    resolved_url = resolver._reverse_with_prefix(view, prefix, *args, **kwargs)
  File "C:\Users\T.SHIGARAKI\Desktop\Projet-Bibliotheque\Projet-bibliotheque-admin\venv_admin\Lib\site-packages\django\urls\resolvers.py", line 831, in _reverse_with_prefix
    raise NoReverseMatch(msg)
django.urls.exceptions.NoReverseMatch: Reverse for 'home' not found. 'home' is not a valid view function or pattern name.
C:\Users\T.SHIGARAKI\Desktop\Projet-Bibliotheque\Projet-bibliotheque-admin\books\views.py changed, reloading.
Watching for file changes with StatReloader
Internal Server Error: /books/standard-user-dashboard/
Traceback (most recent call last):
  File "C:\Users\T.SHIGARAKI\Desktop\Projet-Bibliotheque\Projet-bibliotheque-admin\venv_admin\Lib\site-packages\django\core\handlers\exception.py", line 55, in inner
    response = get_response(request)
  File "C:\Users\T.SHIGARAKI\Desktop\Projet-Bibliotheque\Projet-bibliotheque-admin\venv_admin\Lib\site-packages\django\core\handlers\base.py", line 197, in _get_response
    response = wrapped_callback(request, *callback_args, **callback_kwargs)
  File "C:\Users\T.SHIGARAKI\Desktop\Projet-Bibliotheque\Projet-bibliotheque-admin\venv_admin\Lib\site-packages\django\contrib\auth\decorators.py", line 59, in _view_wrapper
    return view_func(request, *args, **kwargs)
  File "C:\Users\T.SHIGARAKI\Desktop\Projet-Bibliotheque\Projet-bibliotheque-admin\books\views.py", line 44, in standard_user_dashboard
    return render(request, 'books/standard_user_dashboard.html', {
        'loans_count': 0,  # À remplacer par une logique réelle si disponible
        'notifications_count': 0,
        'favorites_count': 0
    })
  File "C:\Users\T.SHIGARAKI\Desktop\Projet-Bibliotheque\Projet-bibliotheque-admin\venv_admin\Lib\site-packages\django\shortcuts.py", line 25, in render
    content = loader.render_to_string(template_name, context, request, using=using)
  File "C:\Users\T.SHIGARAKI\Desktop\Projet-Bibliotheque\Projet-bibliotheque-admin\venv_admin\Lib\site-packages\django\template\loader.py", line 62, in render_to_string
    return template.render(context, request)
           ~~~~~~~~~~~~~~~^^^^^^^^^^^^^^^^^^
  File "C:\Users\T.SHIGARAKI\Desktop\Projet-Bibliotheque\Projet-bibliotheque-admin\venv_admin\Lib\site-packages\django\template\backends\django.py", line 107, in render
    return self.template.render(context)
           ~~~~~~~~~~~~~~~~~~~~^^^^^^^^^
  File "C:\Users\T.SHIGARAKI\Desktop\Projet-Bibliotheque\Projet-bibliotheque-admin\venv_admin\Lib\site-packages\django\template\base.py", line 171, in render
    return self._render(context)
           ~~~~~~~~~~~~^^^^^^^^^
  File "C:\Users\T.SHIGARAKI\Desktop\Projet-Bibliotheque\Projet-bibliotheque-admin\venv_admin\Lib\site-packages\django\template\base.py", line 163, in _render
    return self.nodelist.render(context)
           ~~~~~~~~~~~~~~~~~~~~^^^^^^^^^
  File "C:\Users\T.SHIGARAKI\Desktop\Projet-Bibliotheque\Projet-bibliotheque-admin\venv_admin\Lib\site-packages\django\template\base.py", line 1016, in render
    return SafeString("".join([node.render_annotated(context) for node in self]))
                               ~~~~~~~~~~~~~~~~~~~~~^^^^^^^^^
  File "C:\Users\T.SHIGARAKI\Desktop\Projet-Bibliotheque\Projet-bibliotheque-admin\venv_admin\Lib\site-packages\django\template\base.py", line 977, in render_annotated
    return self.render(context)
           ~~~~~~~~~~~^^^^^^^^^
  File "C:\Users\T.SHIGARAKI\Desktop\Projet-Bibliotheque\Projet-bibliotheque-admin\venv_admin\Lib\site-packages\django\template\loader_tags.py", line 159, in render
    return compiled_parent._render(context)
           ~~~~~~~~~~~~~~~~~~~~~~~^^^^^^^^^
  File "C:\Users\T.SHIGARAKI\Desktop\Projet-Bibliotheque\Projet-bibliotheque-admin\venv_admin\Lib\site-packages\django\template\base.py", line 163, in _render
    return self.nodelist.render(context)
           ~~~~~~~~~~~~~~~~~~~~^^^^^^^^^
  File "C:\Users\T.SHIGARAKI\Desktop\Projet-Bibliotheque\Projet-bibliotheque-admin\venv_admin\Lib\site-packages\django\template\base.py", line 1016, in render
    return SafeString("".join([node.render_annotated(context) for node in self]))
                               ~~~~~~~~~~~~~~~~~~~~~^^^^^^^^^
  File "C:\Users\T.SHIGARAKI\Desktop\Projet-Bibliotheque\Projet-bibliotheque-admin\venv_admin\Lib\site-packages\django\template\base.py", line 977, in render_annotated
    return self.render(context)
           ~~~~~~~~~~~^^^^^^^^^
  File "C:\Users\T.SHIGARAKI\Desktop\Projet-Bibliotheque\Projet-bibliotheque-admin\venv_admin\Lib\site-packages\django\template\defaulttags.py", line 480, in render
    url = reverse(view_name, args=args, kwargs=kwargs, current_app=current_app)
  File "C:\Users\T.SHIGARAKI\Desktop\Projet-Bibliotheque\Projet-bibliotheque-admin\venv_admin\Lib\site-packages\django\urls\base.py", line 98, in reverse
    resolved_url = resolver._reverse_with_prefix(view, prefix, *args, **kwargs)
  File "C:\Users\T.SHIGARAKI\Desktop\Projet-Bibliotheque\Projet-bibliotheque-admin\venv_admin\Lib\site-packages\django\urls\resolvers.py", line 831, in _reverse_with_prefix
    raise NoReverseMatch(msg)
django.urls.exceptions.NoReverseMatch: Reverse for 'home' not found. 'home' is not a valid view function or pattern name.
Internal Server Error: /books/standard-user-dashboard/
Traceback (most recent call last):
  File "C:\Users\T.SHIGARAKI\Desktop\Projet-Bibliotheque\Projet-bibliotheque-admin\venv_admin\Lib\site-packages\django\core\handlers\exception.py", line 55, in inner
    response = get_response(request)
  File "C:\Users\T.SHIGARAKI\Desktop\Projet-Bibliotheque\Projet-bibliotheque-admin\venv_admin\Lib\site-packages\django\core\handlers\base.py", line 197, in _get_response
    response = wrapped_callback(request, *callback_args, **callback_kwargs)
  File "C:\Users\T.SHIGARAKI\Desktop\Projet-Bibliotheque\Projet-bibliotheque-admin\venv_admin\Lib\site-packages\django\contrib\auth\decorators.py", line 59, in _view_wrapper
    return view_func(request, *args, **kwargs)
  File "C:\Users\T.SHIGARAKI\Desktop\Projet-Bibliotheque\Projet-bibliotheque-admin\books\views.py", line 44, in standard_user_dashboard
    return render(request, 'books/standard_user_dashboard.html', {
        'loans_count': 0,  # À remplacer par une logique réelle si disponible
        'notifications_count': 0,
        'favorites_count': 0
    })
  File "C:\Users\T.SHIGARAKI\Desktop\Projet-Bibliotheque\Projet-bibliotheque-admin\venv_admin\Lib\site-packages\django\shortcuts.py", line 25, in render
    content = loader.render_to_string(template_name, context, request, using=using)
  File "C:\Users\T.SHIGARAKI\Desktop\Projet-Bibliotheque\Projet-bibliotheque-admin\venv_admin\Lib\site-packages\django\template\loader.py", line 62, in render_to_string
    return template.render(context, request)
           ~~~~~~~~~~~~~~~^^^^^^^^^^^^^^^^^^
  File "C:\Users\T.SHIGARAKI\Desktop\Projet-Bibliotheque\Projet-bibliotheque-admin\venv_admin\Lib\site-packages\django\template\backends\django.py", line 107, in render
    return self.template.render(context)
           ~~~~~~~~~~~~~~~~~~~~^^^^^^^^^
  File "C:\Users\T.SHIGARAKI\Desktop\Projet-Bibliotheque\Projet-bibliotheque-admin\venv_admin\Lib\site-packages\django\template\base.py", line 171, in render
    return self._render(context)
           ~~~~~~~~~~~~^^^^^^^^^
  File "C:\Users\T.SHIGARAKI\Desktop\Projet-Bibliotheque\Projet-bibliotheque-admin\venv_admin\Lib\site-packages\django\template\base.py", line 163, in _render
    return self.nodelist.render(context)
           ~~~~~~~~~~~~~~~~~~~~^^^^^^^^^
  File "C:\Users\T.SHIGARAKI\Desktop\Projet-Bibliotheque\Projet-bibliotheque-admin\venv_admin\Lib\site-packages\django\template\base.py", line 1016, in render
    return SafeString("".join([node.render_annotated(context) for node in self]))
                               ~~~~~~~~~~~~~~~~~~~~~^^^^^^^^^
  File "C:\Users\T.SHIGARAKI\Desktop\Projet-Bibliotheque\Projet-bibliotheque-admin\venv_admin\Lib\site-packages\django\template\base.py", line 977, in render_annotated
    return self.render(context)
           ~~~~~~~~~~~^^^^^^^^^
  File "C:\Users\T.SHIGARAKI\Desktop\Projet-Bibliotheque\Projet-bibliotheque-admin\venv_admin\Lib\site-packages\django\template\loader_tags.py", line 159, in render
    return compiled_parent._render(context)
           ~~~~~~~~~~~~~~~~~~~~~~~^^^^^^^^^
  File "C:\Users\T.SHIGARAKI\Desktop\Projet-Bibliotheque\Projet-bibliotheque-admin\venv_admin\Lib\site-packages\django\template\base.py", line 163, in _render
    return self.nodelist.render(context)
           ~~~~~~~~~~~~~~~~~~~~^^^^^^^^^
  File "C:\Users\T.SHIGARAKI\Desktop\Projet-Bibliotheque\Projet-bibliotheque-admin\venv_admin\Lib\site-packages\django\template\base.py", line 1016, in render
    return SafeString("".join([node.render_annotated(context) for node in self]))
                               ~~~~~~~~~~~~~~~~~~~~~^^^^^^^^^
  File "C:\Users\T.SHIGARAKI\Desktop\Projet-Bibliotheque\Projet-bibliotheque-admin\venv_admin\Lib\site-packages\django\template\base.py", line 977, in render_annotated
    return self.render(context)
           ~~~~~~~~~~~^^^^^^^^^
  File "C:\Users\T.SHIGARAKI\Desktop\Projet-Bibliotheque\Projet-bibliotheque-admin\venv_admin\Lib\site-packages\django\template\defaulttags.py", line 480, in render
    url = reverse(view_name, args=args, kwargs=kwargs, current_app=current_app)
  File "C:\Users\T.SHIGARAKI\Desktop\Projet-Bibliotheque\Projet-bibliotheque-admin\venv_admin\Lib\site-packages\django\urls\base.py", line 98, in reverse
    resolved_url = resolver._reverse_with_prefix(view, prefix, *args, **kwargs)
  File "C:\Users\T.SHIGARAKI\Desktop\Projet-Bibliotheque\Projet-bibliotheque-admin\venv_admin\Lib\site-packages\django\urls\resolvers.py", line 831, in _reverse_with_prefix
    raise NoReverseMatch(msg)
django.urls.exceptions.NoReverseMatch: Reverse for 'home' not found. 'home' is not a valid view function or pattern name.
C:\Users\T.SHIGARAKI\Desktop\Projet-Bibliotheque\Projet-bibliotheque-admin\books\urls.py changed, reloading.
Watching for file changes with StatReloader
C:\Users\T.SHIGARAKI\Desktop\Projet-Bibliotheque\Projet-bibliotheque-admin\books\urls.py changed, reloading.
Watching for file changes with StatReloader
C:\Users\T.SHIGARAKI\Desktop\Projet-Bibliotheque\Projet-bibliotheque-admin\books\views.py changed, reloading.
Watching for file changes with StatReloader
Internal Server Error: /books/standard-user-dashboard/
Traceback (most recent call last):
  File "C:\Users\T.SHIGARAKI\Desktop\Projet-Bibliotheque\Projet-bibliotheque-admin\venv_admin\Lib\site-packages\django\urls\base.py", line 81, in reverse
    extra, resolver = resolver.namespace_dict[ns]
                      ~~~~~~~~~~~~~~~~~~~~~~~^^^^
KeyError: 'readers'

During handling of the above exception, another exception occurred:

Traceback (most recent call last):
  File "C:\Users\T.SHIGARAKI\Desktop\Projet-Bibliotheque\Projet-bibliotheque-admin\venv_admin\Lib\site-packages\django\core\handlers\exception.py", line 55, in inner
    response = get_response(request)
  File "C:\Users\T.SHIGARAKI\Desktop\Projet-Bibliotheque\Projet-bibliotheque-admin\venv_admin\Lib\site-packages\django\core\handlers\base.py", line 197, in _get_response
    response = wrapped_callback(request, *callback_args, **callback_kwargs)
  File "C:\Users\T.SHIGARAKI\Desktop\Projet-Bibliotheque\Projet-bibliotheque-admin\venv_admin\Lib\site-packages\django\contrib\auth\decorators.py", line 59, in _view_wrapper
    return view_func(request, *args, **kwargs)
  File "C:\Users\T.SHIGARAKI\Desktop\Projet-Bibliotheque\Projet-bibliotheque-admin\books\views.py", line 44, in standard_user_dashboard
    return render(request, 'books/standard_user_dashboard.html', {
        'loans_count': 0,  # À remplacer par une logique réelle si disponible
        'notifications_count': 0,
        'favorites_count': 0
    })
  File "C:\Users\T.SHIGARAKI\Desktop\Projet-Bibliotheque\Projet-bibliotheque-admin\venv_admin\Lib\site-packages\django\shortcuts.py", line 25, in render
    content = loader.render_to_string(template_name, context, request, using=using)
  File "C:\Users\T.SHIGARAKI\Desktop\Projet-Bibliotheque\Projet-bibliotheque-admin\venv_admin\Lib\site-packages\django\template\loader.py", line 62, in render_to_string
    return template.render(context, request)
           ~~~~~~~~~~~~~~~^^^^^^^^^^^^^^^^^^
  File "C:\Users\T.SHIGARAKI\Desktop\Projet-Bibliotheque\Projet-bibliotheque-admin\venv_admin\Lib\site-packages\django\template\backends\django.py", line 107, in render
    return self.template.render(context)
           ~~~~~~~~~~~~~~~~~~~~^^^^^^^^^
  File "C:\Users\T.SHIGARAKI\Desktop\Projet-Bibliotheque\Projet-bibliotheque-admin\venv_admin\Lib\site-packages\django\template\base.py", line 171, in render
    return self._render(context)
           ~~~~~~~~~~~~^^^^^^^^^
  File "C:\Users\T.SHIGARAKI\Desktop\Projet-Bibliotheque\Projet-bibliotheque-admin\venv_admin\Lib\site-packages\django\template\base.py", line 163, in _render
    return self.nodelist.render(context)
           ~~~~~~~~~~~~~~~~~~~~^^^^^^^^^
  File "C:\Users\T.SHIGARAKI\Desktop\Projet-Bibliotheque\Projet-bibliotheque-admin\venv_admin\Lib\site-packages\django\template\base.py", line 1016, in render
    return SafeString("".join([node.render_annotated(context) for node in self]))
                               ~~~~~~~~~~~~~~~~~~~~~^^^^^^^^^
  File "C:\Users\T.SHIGARAKI\Desktop\Projet-Bibliotheque\Projet-bibliotheque-admin\venv_admin\Lib\site-packages\django\template\base.py", line 977, in render_annotated
    return self.render(context)
           ~~~~~~~~~~~^^^^^^^^^
  File "C:\Users\T.SHIGARAKI\Desktop\Projet-Bibliotheque\Projet-bibliotheque-admin\venv_admin\Lib\site-packages\django\template\loader_tags.py", line 159, in render
    return compiled_parent._render(context)
           ~~~~~~~~~~~~~~~~~~~~~~~^^^^^^^^^
  File "C:\Users\T.SHIGARAKI\Desktop\Projet-Bibliotheque\Projet-bibliotheque-admin\venv_admin\Lib\site-packages\django\template\base.py", line 163, in _render
    return self.nodelist.render(context)
           ~~~~~~~~~~~~~~~~~~~~^^^^^^^^^
  File "C:\Users\T.SHIGARAKI\Desktop\Projet-Bibliotheque\Projet-bibliotheque-admin\venv_admin\Lib\site-packages\django\template\base.py", line 1016, in render
    return SafeString("".join([node.render_annotated(context) for node in self]))
                               ~~~~~~~~~~~~~~~~~~~~~^^^^^^^^^
  File "C:\Users\T.SHIGARAKI\Desktop\Projet-Bibliotheque\Projet-bibliotheque-admin\venv_admin\Lib\site-packages\django\template\base.py", line 977, in render_annotated
    return self.render(context)
           ~~~~~~~~~~~^^^^^^^^^
  File "C:\Users\T.SHIGARAKI\Desktop\Projet-Bibliotheque\Projet-bibliotheque-admin\venv_admin\Lib\site-packages\django\template\defaulttags.py", line 327, in render
    return nodelist.render(context)
           ~~~~~~~~~~~~~~~^^^^^^^^^
  File "C:\Users\T.SHIGARAKI\Desktop\Projet-Bibliotheque\Projet-bibliotheque-admin\venv_admin\Lib\site-packages\django\template\base.py", line 1016, in render
    return SafeString("".join([node.render_annotated(context) for node in self]))
                               ~~~~~~~~~~~~~~~~~~~~~^^^^^^^^^
  File "C:\Users\T.SHIGARAKI\Desktop\Projet-Bibliotheque\Projet-bibliotheque-admin\venv_admin\Lib\site-packages\django\template\base.py", line 977, in render_annotated
    return self.render(context)
           ~~~~~~~~~~~^^^^^^^^^
  File "C:\Users\T.SHIGARAKI\Desktop\Projet-Bibliotheque\Projet-bibliotheque-admin\venv_admin\Lib\site-packages\django\template\defaulttags.py", line 480, in render
    url = reverse(view_name, args=args, kwargs=kwargs, current_app=current_app)
  File "C:\Users\T.SHIGARAKI\Desktop\Projet-Bibliotheque\Projet-bibliotheque-admin\venv_admin\Lib\site-packages\django\urls\base.py", line 92, in reverse
    raise NoReverseMatch("%s is not a registered namespace" % key)
django.urls.exceptions.NoReverseMatch: 'readers' is not a registered namespace
Not Found: /favicon.ico
Internal Server Error: /books/standard-user-dashboard/
Traceback (most recent call last):
  File "C:\Users\T.SHIGARAKI\Desktop\Projet-Bibliotheque\Projet-bibliotheque-admin\venv_admin\Lib\site-packages\django\urls\base.py", line 81, in reverse
    extra, resolver = resolver.namespace_dict[ns]
                      ~~~~~~~~~~~~~~~~~~~~~~~^^^^
KeyError: 'readers'

During handling of the above exception, another exception occurred:

Traceback (most recent call last):
  File "C:\Users\T.SHIGARAKI\Desktop\Projet-Bibliotheque\Projet-bibliotheque-admin\venv_admin\Lib\site-packages\django\core\handlers\exception.py", line 55, in inner
    response = get_response(request)
  File "C:\Users\T.SHIGARAKI\Desktop\Projet-Bibliotheque\Projet-bibliotheque-admin\venv_admin\Lib\site-packages\django\core\handlers\base.py", line 197, in _get_response
    response = wrapped_callback(request, *callback_args, **callback_kwargs)
  File "C:\Users\T.SHIGARAKI\Desktop\Projet-Bibliotheque\Projet-bibliotheque-admin\venv_admin\Lib\site-packages\django\contrib\auth\decorators.py", line 59, in _view_wrapper
    return view_func(request, *args, **kwargs)
  File "C:\Users\T.SHIGARAKI\Desktop\Projet-Bibliotheque\Projet-bibliotheque-admin\books\views.py", line 44, in standard_user_dashboard
    return render(request, 'books/standard_user_dashboard.html', {
        'loans_count': 0,  # À remplacer par une logique réelle si disponible
        'notifications_count': 0,
        'favorites_count': 0
    })
  File "C:\Users\T.SHIGARAKI\Desktop\Projet-Bibliotheque\Projet-bibliotheque-admin\venv_admin\Lib\site-packages\django\shortcuts.py", line 25, in render
    content = loader.render_to_string(template_name, context, request, using=using)
  File "C:\Users\T.SHIGARAKI\Desktop\Projet-Bibliotheque\Projet-bibliotheque-admin\venv_admin\Lib\site-packages\django\template\loader.py", line 62, in render_to_string
    return template.render(context, request)
           ~~~~~~~~~~~~~~~^^^^^^^^^^^^^^^^^^
  File "C:\Users\T.SHIGARAKI\Desktop\Projet-Bibliotheque\Projet-bibliotheque-admin\venv_admin\Lib\site-packages\django\template\backends\django.py", line 107, in render
    return self.template.render(context)
           ~~~~~~~~~~~~~~~~~~~~^^^^^^^^^
  File "C:\Users\T.SHIGARAKI\Desktop\Projet-Bibliotheque\Projet-bibliotheque-admin\venv_admin\Lib\site-packages\django\template\base.py", line 171, in render
    return self._render(context)
           ~~~~~~~~~~~~^^^^^^^^^
  File "C:\Users\T.SHIGARAKI\Desktop\Projet-Bibliotheque\Projet-bibliotheque-admin\venv_admin\Lib\site-packages\django\template\base.py", line 163, in _render
    return self.nodelist.render(context)
           ~~~~~~~~~~~~~~~~~~~~^^^^^^^^^
  File "C:\Users\T.SHIGARAKI\Desktop\Projet-Bibliotheque\Projet-bibliotheque-admin\venv_admin\Lib\site-packages\django\template\base.py", line 1016, in render
    return SafeString("".join([node.render_annotated(context) for node in self]))
                               ~~~~~~~~~~~~~~~~~~~~~^^^^^^^^^
  File "C:\Users\T.SHIGARAKI\Desktop\Projet-Bibliotheque\Projet-bibliotheque-admin\venv_admin\Lib\site-packages\django\template\base.py", line 977, in render_annotated
    return self.render(context)
           ~~~~~~~~~~~^^^^^^^^^
  File "C:\Users\T.SHIGARAKI\Desktop\Projet-Bibliotheque\Projet-bibliotheque-admin\venv_admin\Lib\site-packages\django\template\loader_tags.py", line 159, in render
    return compiled_parent._render(context)
           ~~~~~~~~~~~~~~~~~~~~~~~^^^^^^^^^
  File "C:\Users\T.SHIGARAKI\Desktop\Projet-Bibliotheque\Projet-bibliotheque-admin\venv_admin\Lib\site-packages\django\template\base.py", line 163, in _render
    return self.nodelist.render(context)
           ~~~~~~~~~~~~~~~~~~~~^^^^^^^^^
  File "C:\Users\T.SHIGARAKI\Desktop\Projet-Bibliotheque\Projet-bibliotheque-admin\venv_admin\Lib\site-packages\django\template\base.py", line 1016, in render
    return SafeString("".join([node.render_annotated(context) for node in self]))
                               ~~~~~~~~~~~~~~~~~~~~~^^^^^^^^^
  File "C:\Users\T.SHIGARAKI\Desktop\Projet-Bibliotheque\Projet-bibliotheque-admin\venv_admin\Lib\site-packages\django\template\base.py", line 977, in render_annotated
    return self.render(context)
           ~~~~~~~~~~~^^^^^^^^^
  File "C:\Users\T.SHIGARAKI\Desktop\Projet-Bibliotheque\Projet-bibliotheque-admin\venv_admin\Lib\site-packages\django\template\defaulttags.py", line 327, in render
    return nodelist.render(context)
           ~~~~~~~~~~~~~~~^^^^^^^^^
  File "C:\Users\T.SHIGARAKI\Desktop\Projet-Bibliotheque\Projet-bibliotheque-admin\venv_admin\Lib\site-packages\django\template\base.py", line 1016, in render
    return SafeString("".join([node.render_annotated(context) for node in self]))
                               ~~~~~~~~~~~~~~~~~~~~~^^^^^^^^^
  File "C:\Users\T.SHIGARAKI\Desktop\Projet-Bibliotheque\Projet-bibliotheque-admin\venv_admin\Lib\site-packages\django\template\base.py", line 977, in render_annotated
    return self.render(context)
           ~~~~~~~~~~~^^^^^^^^^
  File "C:\Users\T.SHIGARAKI\Desktop\Projet-Bibliotheque\Projet-bibliotheque-admin\venv_admin\Lib\site-packages\django\template\defaulttags.py", line 480, in render
    url = reverse(view_name, args=args, kwargs=kwargs, current_app=current_app)
  File "C:\Users\T.SHIGARAKI\Desktop\Projet-Bibliotheque\Projet-bibliotheque-admin\venv_admin\Lib\site-packages\django\urls\base.py", line 92, in reverse
    raise NoReverseMatch("%s is not a registered namespace" % key)
django.urls.exceptions.NoReverseMatch: 'readers' is not a registered namespace
Internal Server Error: /books/standard-user-dashboard/
Traceback (most recent call last):
  File "C:\Users\T.SHIGARAKI\Desktop\Projet-Bibliotheque\Projet-bibliotheque-admin\venv_admin\Lib\site-packages\django\core\handlers\exception.py", line 55, in inner
    response = get_response(request)
  File "C:\Users\T.SHIGARAKI\Desktop\Projet-Bibliotheque\Projet-bibliotheque-admin\venv_admin\Lib\site-packages\django\core\handlers\base.py", line 197, in _get_response
    response = wrapped_callback(request, *callback_args, **callback_kwargs)
  File "C:\Users\T.SHIGARAKI\Desktop\Projet-Bibliotheque\Projet-bibliotheque-admin\venv_admin\Lib\site-packages\django\contrib\auth\decorators.py", line 59, in _view_wrapper
    return view_func(request, *args, **kwargs)
  File "C:\Users\T.SHIGARAKI\Desktop\Projet-Bibliotheque\Projet-bibliotheque-admin\books\views.py", line 44, in standard_user_dashboard
    return render(request, 'books/standard_user_dashboard.html', {
        'loans_count': 0,  # À remplacer par une logique réelle si disponible
        'notifications_count': 0,
        'favorites_count': 0
    })
  File "C:\Users\T.SHIGARAKI\Desktop\Projet-Bibliotheque\Projet-bibliotheque-admin\venv_admin\Lib\site-packages\django\shortcuts.py", line 25, in render
    content = loader.render_to_string(template_name, context, request, using=using)
  File "C:\Users\T.SHIGARAKI\Desktop\Projet-Bibliotheque\Projet-bibliotheque-admin\venv_admin\Lib\site-packages\django\template\loader.py", line 62, in render_to_string
    return template.render(context, request)
           ~~~~~~~~~~~~~~~^^^^^^^^^^^^^^^^^^
  File "C:\Users\T.SHIGARAKI\Desktop\Projet-Bibliotheque\Projet-bibliotheque-admin\venv_admin\Lib\site-packages\django\template\backends\django.py", line 107, in render
    return self.template.render(context)
           ~~~~~~~~~~~~~~~~~~~~^^^^^^^^^
  File "C:\Users\T.SHIGARAKI\Desktop\Projet-Bibliotheque\Projet-bibliotheque-admin\venv_admin\Lib\site-packages\django\template\base.py", line 171, in render
    return self._render(context)
           ~~~~~~~~~~~~^^^^^^^^^
  File "C:\Users\T.SHIGARAKI\Desktop\Projet-Bibliotheque\Projet-bibliotheque-admin\venv_admin\Lib\site-packages\django\template\base.py", line 163, in _render
    return self.nodelist.render(context)
           ~~~~~~~~~~~~~~~~~~~~^^^^^^^^^
  File "C:\Users\T.SHIGARAKI\Desktop\Projet-Bibliotheque\Projet-bibliotheque-admin\venv_admin\Lib\site-packages\django\template\base.py", line 1016, in render
    return SafeString("".join([node.render_annotated(context) for node in self]))
                               ~~~~~~~~~~~~~~~~~~~~~^^^^^^^^^
  File "C:\Users\T.SHIGARAKI\Desktop\Projet-Bibliotheque\Projet-bibliotheque-admin\venv_admin\Lib\site-packages\django\template\base.py", line 977, in render_annotated
    return self.render(context)
           ~~~~~~~~~~~^^^^^^^^^
  File "C:\Users\T.SHIGARAKI\Desktop\Projet-Bibliotheque\Projet-bibliotheque-admin\venv_admin\Lib\site-packages\django\template\loader_tags.py", line 159, in render
    return compiled_parent._render(context)
           ~~~~~~~~~~~~~~~~~~~~~~~^^^^^^^^^
  File "C:\Users\T.SHIGARAKI\Desktop\Projet-Bibliotheque\Projet-bibliotheque-admin\venv_admin\Lib\site-packages\django\template\base.py", line 163, in _render
    return self.nodelist.render(context)
           ~~~~~~~~~~~~~~~~~~~~^^^^^^^^^
  File "C:\Users\T.SHIGARAKI\Desktop\Projet-Bibliotheque\Projet-bibliotheque-admin\venv_admin\Lib\site-packages\django\template\base.py", line 1016, in render
    return SafeString("".join([node.render_annotated(context) for node in self]))
                               ~~~~~~~~~~~~~~~~~~~~~^^^^^^^^^
  File "C:\Users\T.SHIGARAKI\Desktop\Projet-Bibliotheque\Projet-bibliotheque-admin\venv_admin\Lib\site-packages\django\template\base.py", line 977, in render_annotated
    return self.render(context)
           ~~~~~~~~~~~^^^^^^^^^
  File "C:\Users\T.SHIGARAKI\Desktop\Projet-Bibliotheque\Projet-bibliotheque-admin\venv_admin\Lib\site-packages\django\template\defaulttags.py", line 327, in render
    return nodelist.render(context)
           ~~~~~~~~~~~~~~~^^^^^^^^^
  File "C:\Users\T.SHIGARAKI\Desktop\Projet-Bibliotheque\Projet-bibliotheque-admin\venv_admin\Lib\site-packages\django\template\base.py", line 1016, in render
    return SafeString("".join([node.render_annotated(context) for node in self]))
                               ~~~~~~~~~~~~~~~~~~~~~^^^^^^^^^
  File "C:\Users\T.SHIGARAKI\Desktop\Projet-Bibliotheque\Projet-bibliotheque-admin\venv_admin\Lib\site-packages\django\template\base.py", line 977, in render_annotated
    return self.render(context)
           ~~~~~~~~~~~^^^^^^^^^
  File "C:\Users\T.SHIGARAKI\Desktop\Projet-Bibliotheque\Projet-bibliotheque-admin\venv_admin\Lib\site-packages\django\template\defaulttags.py", line 480, in render
    url = reverse(view_name, args=args, kwargs=kwargs, current_app=current_app)
  File "C:\Users\T.SHIGARAKI\Desktop\Projet-Bibliotheque\Projet-bibliotheque-admin\venv_admin\Lib\site-packages\django\urls\base.py", line 98, in reverse
    resolved_url = resolver._reverse_with_prefix(view, prefix, *args, **kwargs)
  File "C:\Users\T.SHIGARAKI\Desktop\Projet-Bibliotheque\Projet-bibliotheque-admin\venv_admin\Lib\site-packages\django\urls\resolvers.py", line 831, in _reverse_with_prefix
    raise NoReverseMatch(msg)
django.urls.exceptions.NoReverseMatch: Reverse for 'login' not found. 'login' is not a valid view function or pattern name.
Internal Server Error: /books/standard-user-dashboard/
Traceback (most recent call last):
  File "C:\Users\T.SHIGARAKI\Desktop\Projet-Bibliotheque\Projet-bibliotheque-admin\venv_admin\Lib\site-packages\django\core\handlers\exception.py", line 55, in inner
    response = get_response(request)
  File "C:\Users\T.SHIGARAKI\Desktop\Projet-Bibliotheque\Projet-bibliotheque-admin\venv_admin\Lib\site-packages\django\core\handlers\base.py", line 197, in _get_response
    response = wrapped_callback(request, *callback_args, **callback_kwargs)
  File "C:\Users\T.SHIGARAKI\Desktop\Projet-Bibliotheque\Projet-bibliotheque-admin\venv_admin\Lib\site-packages\django\contrib\auth\decorators.py", line 59, in _view_wrapper
    return view_func(request, *args, **kwargs)
  File "C:\Users\T.SHIGARAKI\Desktop\Projet-Bibliotheque\Projet-bibliotheque-admin\books\views.py", line 44, in standard_user_dashboard
    return render(request, 'books/standard_user_dashboard.html', {
        'loans_count': 0,  # À remplacer par une logique réelle si disponible
        'notifications_count': 0,
        'favorites_count': 0
    })
  File "C:\Users\T.SHIGARAKI\Desktop\Projet-Bibliotheque\Projet-bibliotheque-admin\venv_admin\Lib\site-packages\django\shortcuts.py", line 25, in render
    content = loader.render_to_string(template_name, context, request, using=using)
  File "C:\Users\T.SHIGARAKI\Desktop\Projet-Bibliotheque\Projet-bibliotheque-admin\venv_admin\Lib\site-packages\django\template\loader.py", line 62, in render_to_string
    return template.render(context, request)
           ~~~~~~~~~~~~~~~^^^^^^^^^^^^^^^^^^
  File "C:\Users\T.SHIGARAKI\Desktop\Projet-Bibliotheque\Projet-bibliotheque-admin\venv_admin\Lib\site-packages\django\template\backends\django.py", line 107, in render
    return self.template.render(context)
           ~~~~~~~~~~~~~~~~~~~~^^^^^^^^^
  File "C:\Users\T.SHIGARAKI\Desktop\Projet-Bibliotheque\Projet-bibliotheque-admin\venv_admin\Lib\site-packages\django\template\base.py", line 171, in render
    return self._render(context)
           ~~~~~~~~~~~~^^^^^^^^^
  File "C:\Users\T.SHIGARAKI\Desktop\Projet-Bibliotheque\Projet-bibliotheque-admin\venv_admin\Lib\site-packages\django\template\base.py", line 163, in _render
    return self.nodelist.render(context)
           ~~~~~~~~~~~~~~~~~~~~^^^^^^^^^
  File "C:\Users\T.SHIGARAKI\Desktop\Projet-Bibliotheque\Projet-bibliotheque-admin\venv_admin\Lib\site-packages\django\template\base.py", line 1016, in render
    return SafeString("".join([node.render_annotated(context) for node in self]))
                               ~~~~~~~~~~~~~~~~~~~~~^^^^^^^^^
  File "C:\Users\T.SHIGARAKI\Desktop\Projet-Bibliotheque\Projet-bibliotheque-admin\venv_admin\Lib\site-packages\django\template\base.py", line 977, in render_annotated
    return self.render(context)
           ~~~~~~~~~~~^^^^^^^^^
  File "C:\Users\T.SHIGARAKI\Desktop\Projet-Bibliotheque\Projet-bibliotheque-admin\venv_admin\Lib\site-packages\django\template\loader_tags.py", line 159, in render
    return compiled_parent._render(context)
           ~~~~~~~~~~~~~~~~~~~~~~~^^^^^^^^^
  File "C:\Users\T.SHIGARAKI\Desktop\Projet-Bibliotheque\Projet-bibliotheque-admin\venv_admin\Lib\site-packages\django\template\base.py", line 163, in _render
    return self.nodelist.render(context)
           ~~~~~~~~~~~~~~~~~~~~^^^^^^^^^
  File "C:\Users\T.SHIGARAKI\Desktop\Projet-Bibliotheque\Projet-bibliotheque-admin\venv_admin\Lib\site-packages\django\template\base.py", line 1016, in render
    return SafeString("".join([node.render_annotated(context) for node in self]))
                               ~~~~~~~~~~~~~~~~~~~~~^^^^^^^^^
  File "C:\Users\T.SHIGARAKI\Desktop\Projet-Bibliotheque\Projet-bibliotheque-admin\venv_admin\Lib\site-packages\django\template\base.py", line 977, in render_annotated
    return self.render(context)
           ~~~~~~~~~~~^^^^^^^^^
  File "C:\Users\T.SHIGARAKI\Desktop\Projet-Bibliotheque\Projet-bibliotheque-admin\venv_admin\Lib\site-packages\django\template\defaulttags.py", line 327, in render
    return nodelist.render(context)
           ~~~~~~~~~~~~~~~^^^^^^^^^
  File "C:\Users\T.SHIGARAKI\Desktop\Projet-Bibliotheque\Projet-bibliotheque-admin\venv_admin\Lib\site-packages\django\template\base.py", line 1016, in render
    return SafeString("".join([node.render_annotated(context) for node in self]))
                               ~~~~~~~~~~~~~~~~~~~~~^^^^^^^^^
  File "C:\Users\T.SHIGARAKI\Desktop\Projet-Bibliotheque\Projet-bibliotheque-admin\venv_admin\Lib\site-packages\django\template\base.py", line 977, in render_annotated
    return self.render(context)
           ~~~~~~~~~~~^^^^^^^^^
  File "C:\Users\T.SHIGARAKI\Desktop\Projet-Bibliotheque\Projet-bibliotheque-admin\venv_admin\Lib\site-packages\django\template\defaulttags.py", line 480, in render
    url = reverse(view_name, args=args, kwargs=kwargs, current_app=current_app)
  File "C:\Users\T.SHIGARAKI\Desktop\Projet-Bibliotheque\Projet-bibliotheque-admin\venv_admin\Lib\site-packages\django\urls\base.py", line 98, in reverse
    resolved_url = resolver._reverse_with_prefix(view, prefix, *args, **kwargs)
  File "C:\Users\T.SHIGARAKI\Desktop\Projet-Bibliotheque\Projet-bibliotheque-admin\venv_admin\Lib\site-packages\django\urls\resolvers.py", line 831, in _reverse_with_prefix
    raise NoReverseMatch(msg)
django.urls.exceptions.NoReverseMatch: Reverse for 'login' not found. 'login' is not a valid view function or pattern name.
C:\Users\T.SHIGARAKI\Desktop\Projet-Bibliotheque\Projet-bibliotheque-admin\books\views.py changed, reloading.
Watching for file changes with StatReloader
C:\Users\T.SHIGARAKI\Desktop\Projet-Bibliotheque\Projet-bibliotheque-admin\books\views.py changed, reloading.
Watching for file changes with StatReloader
Internal Server Error: /books/standard-user-dashboard/
Traceback (most recent call last):
  File "C:\Users\T.SHIGARAKI\Desktop\Projet-Bibliotheque\Projet-bibliotheque-admin\venv_admin\Lib\site-packages\django\core\handlers\exception.py", line 55, in inner
    response = get_response(request)
  File "C:\Users\T.SHIGARAKI\Desktop\Projet-Bibliotheque\Projet-bibliotheque-admin\venv_admin\Lib\site-packages\django\core\handlers\base.py", line 197, in _get_response
    response = wrapped_callback(request, *callback_args, **callback_kwargs)
  File "C:\Users\T.SHIGARAKI\Desktop\Projet-Bibliotheque\Projet-bibliotheque-admin\venv_admin\Lib\site-packages\django\contrib\auth\decorators.py", line 59, in _view_wrapper
    return view_func(request, *args, **kwargs)
  File "C:\Users\T.SHIGARAKI\Desktop\Projet-Bibliotheque\Projet-bibliotheque-admin\books\views.py", line 44, in standard_user_dashboard
    return render(request, 'books/standard_user_dashboard.html', {
        'loans_count': 0,  # À remplacer par une logique réelle si disponible
        'notifications_count': 0,
        'favorites_count': 0
    })
  File "C:\Users\T.SHIGARAKI\Desktop\Projet-Bibliotheque\Projet-bibliotheque-admin\venv_admin\Lib\site-packages\django\shortcuts.py", line 25, in render
    content = loader.render_to_string(template_name, context, request, using=using)
  File "C:\Users\T.SHIGARAKI\Desktop\Projet-Bibliotheque\Projet-bibliotheque-admin\venv_admin\Lib\site-packages\django\template\loader.py", line 62, in render_to_string
    return template.render(context, request)
           ~~~~~~~~~~~~~~~^^^^^^^^^^^^^^^^^^
  File "C:\Users\T.SHIGARAKI\Desktop\Projet-Bibliotheque\Projet-bibliotheque-admin\venv_admin\Lib\site-packages\django\template\backends\django.py", line 107, in render
    return self.template.render(context)
           ~~~~~~~~~~~~~~~~~~~~^^^^^^^^^
  File "C:\Users\T.SHIGARAKI\Desktop\Projet-Bibliotheque\Projet-bibliotheque-admin\venv_admin\Lib\site-packages\django\template\base.py", line 171, in render
    return self._render(context)
           ~~~~~~~~~~~~^^^^^^^^^
  File "C:\Users\T.SHIGARAKI\Desktop\Projet-Bibliotheque\Projet-bibliotheque-admin\venv_admin\Lib\site-packages\django\template\base.py", line 163, in _render
    return self.nodelist.render(context)
           ~~~~~~~~~~~~~~~~~~~~^^^^^^^^^
  File "C:\Users\T.SHIGARAKI\Desktop\Projet-Bibliotheque\Projet-bibliotheque-admin\venv_admin\Lib\site-packages\django\template\base.py", line 1016, in render
    return SafeString("".join([node.render_annotated(context) for node in self]))
                               ~~~~~~~~~~~~~~~~~~~~~^^^^^^^^^
  File "C:\Users\T.SHIGARAKI\Desktop\Projet-Bibliotheque\Projet-bibliotheque-admin\venv_admin\Lib\site-packages\django\template\base.py", line 977, in render_annotated
    return self.render(context)
           ~~~~~~~~~~~^^^^^^^^^
  File "C:\Users\T.SHIGARAKI\Desktop\Projet-Bibliotheque\Projet-bibliotheque-admin\venv_admin\Lib\site-packages\django\template\loader_tags.py", line 159, in render
    return compiled_parent._render(context)
           ~~~~~~~~~~~~~~~~~~~~~~~^^^^^^^^^
  File "C:\Users\T.SHIGARAKI\Desktop\Projet-Bibliotheque\Projet-bibliotheque-admin\venv_admin\Lib\site-packages\django\template\base.py", line 163, in _render
    return self.nodelist.render(context)
           ~~~~~~~~~~~~~~~~~~~~^^^^^^^^^
  File "C:\Users\T.SHIGARAKI\Desktop\Projet-Bibliotheque\Projet-bibliotheque-admin\venv_admin\Lib\site-packages\django\template\base.py", line 1016, in render
    return SafeString("".join([node.render_annotated(context) for node in self]))
                               ~~~~~~~~~~~~~~~~~~~~~^^^^^^^^^
  File "C:\Users\T.SHIGARAKI\Desktop\Projet-Bibliotheque\Projet-bibliotheque-admin\venv_admin\Lib\site-packages\django\template\base.py", line 977, in render_annotated
    return self.render(context)
           ~~~~~~~~~~~^^^^^^^^^
  File "C:\Users\T.SHIGARAKI\Desktop\Projet-Bibliotheque\Projet-bibliotheque-admin\venv_admin\Lib\site-packages\django\template\defaulttags.py", line 327, in render
    return nodelist.render(context)
           ~~~~~~~~~~~~~~~^^^^^^^^^
  File "C:\Users\T.SHIGARAKI\Desktop\Projet-Bibliotheque\Projet-bibliotheque-admin\venv_admin\Lib\site-packages\django\template\base.py", line 1016, in render
    return SafeString("".join([node.render_annotated(context) for node in self]))
                               ~~~~~~~~~~~~~~~~~~~~~^^^^^^^^^
  File "C:\Users\T.SHIGARAKI\Desktop\Projet-Bibliotheque\Projet-bibliotheque-admin\venv_admin\Lib\site-packages\django\template\base.py", line 977, in render_annotated
    return self.render(context)
           ~~~~~~~~~~~^^^^^^^^^
  File "C:\Users\T.SHIGARAKI\Desktop\Projet-Bibliotheque\Projet-bibliotheque-admin\venv_admin\Lib\site-packages\django\template\defaulttags.py", line 480, in render
    url = reverse(view_name, args=args, kwargs=kwargs, current_app=current_app)
  File "C:\Users\T.SHIGARAKI\Desktop\Projet-Bibliotheque\Projet-bibliotheque-admin\venv_admin\Lib\site-packages\django\urls\base.py", line 98, in reverse
    resolved_url = resolver._reverse_with_prefix(view, prefix, *args, **kwargs)
  File "C:\Users\T.SHIGARAKI\Desktop\Projet-Bibliotheque\Projet-bibliotheque-admin\venv_admin\Lib\site-packages\django\urls\resolvers.py", line 831, in _reverse_with_prefix
    raise NoReverseMatch(msg)
django.urls.exceptions.NoReverseMatch: Reverse for 'login' not found. 'login' is not a valid view function or pattern name.
C:\Users\T.SHIGARAKI\Desktop\Projet-Bibliotheque\Projet-bibliotheque-admin\books\views.py changed, reloading.
Watching for file changes with StatReloader
Internal Server Error: /books/standard-user-dashboard/
Traceback (most recent call last):
  File "C:\Users\T.SHIGARAKI\Desktop\Projet-Bibliotheque\Projet-bibliotheque-admin\venv_admin\Lib\site-packages\django\core\handlers\exception.py", line 55, in inner
    response = get_response(request)
  File "C:\Users\T.SHIGARAKI\Desktop\Projet-Bibliotheque\Projet-bibliotheque-admin\venv_admin\Lib\site-packages\django\core\handlers\base.py", line 197, in _get_response
    response = wrapped_callback(request, *callback_args, **callback_kwargs)
  File "C:\Users\T.SHIGARAKI\Desktop\Projet-Bibliotheque\Projet-bibliotheque-admin\venv_admin\Lib\site-packages\django\contrib\auth\decorators.py", line 59, in _view_wrapper
    return view_func(request, *args, **kwargs)
  File "C:\Users\T.SHIGARAKI\Desktop\Projet-Bibliotheque\Projet-bibliotheque-admin\books\views.py", line 44, in standard_user_dashboard
    return render(request, 'books/standard_user_dashboard.html', {
        'loans_count': 0,  # À remplacer par une logique réelle si disponible
        'notifications_count': 0,
        'favorites_count': 0
    })
  File "C:\Users\T.SHIGARAKI\Desktop\Projet-Bibliotheque\Projet-bibliotheque-admin\venv_admin\Lib\site-packages\django\shortcuts.py", line 25, in render
    content = loader.render_to_string(template_name, context, request, using=using)
  File "C:\Users\T.SHIGARAKI\Desktop\Projet-Bibliotheque\Projet-bibliotheque-admin\venv_admin\Lib\site-packages\django\template\loader.py", line 62, in render_to_string
    return template.render(context, request)
           ~~~~~~~~~~~~~~~^^^^^^^^^^^^^^^^^^
  File "C:\Users\T.SHIGARAKI\Desktop\Projet-Bibliotheque\Projet-bibliotheque-admin\venv_admin\Lib\site-packages\django\template\backends\django.py", line 107, in render
    return self.template.render(context)
           ~~~~~~~~~~~~~~~~~~~~^^^^^^^^^
  File "C:\Users\T.SHIGARAKI\Desktop\Projet-Bibliotheque\Projet-bibliotheque-admin\venv_admin\Lib\site-packages\django\template\base.py", line 171, in render
    return self._render(context)
           ~~~~~~~~~~~~^^^^^^^^^
  File "C:\Users\T.SHIGARAKI\Desktop\Projet-Bibliotheque\Projet-bibliotheque-admin\venv_admin\Lib\site-packages\django\template\base.py", line 163, in _render
    return self.nodelist.render(context)
           ~~~~~~~~~~~~~~~~~~~~^^^^^^^^^
  File "C:\Users\T.SHIGARAKI\Desktop\Projet-Bibliotheque\Projet-bibliotheque-admin\venv_admin\Lib\site-packages\django\template\base.py", line 1016, in render
    return SafeString("".join([node.render_annotated(context) for node in self]))
                               ~~~~~~~~~~~~~~~~~~~~~^^^^^^^^^
  File "C:\Users\T.SHIGARAKI\Desktop\Projet-Bibliotheque\Projet-bibliotheque-admin\venv_admin\Lib\site-packages\django\template\base.py", line 977, in render_annotated
    return self.render(context)
           ~~~~~~~~~~~^^^^^^^^^
  File "C:\Users\T.SHIGARAKI\Desktop\Projet-Bibliotheque\Projet-bibliotheque-admin\venv_admin\Lib\site-packages\django\template\loader_tags.py", line 159, in render
    return compiled_parent._render(context)
           ~~~~~~~~~~~~~~~~~~~~~~~^^^^^^^^^
  File "C:\Users\T.SHIGARAKI\Desktop\Projet-Bibliotheque\Projet-bibliotheque-admin\venv_admin\Lib\site-packages\django\template\base.py", line 163, in _render
    return self.nodelist.render(context)
           ~~~~~~~~~~~~~~~~~~~~^^^^^^^^^
  File "C:\Users\T.SHIGARAKI\Desktop\Projet-Bibliotheque\Projet-bibliotheque-admin\venv_admin\Lib\site-packages\django\template\base.py", line 1016, in render
    return SafeString("".join([node.render_annotated(context) for node in self]))
                               ~~~~~~~~~~~~~~~~~~~~~^^^^^^^^^
  File "C:\Users\T.SHIGARAKI\Desktop\Projet-Bibliotheque\Projet-bibliotheque-admin\venv_admin\Lib\site-packages\django\template\base.py", line 977, in render_annotated
    return self.render(context)
           ~~~~~~~~~~~^^^^^^^^^
  File "C:\Users\T.SHIGARAKI\Desktop\Projet-Bibliotheque\Projet-bibliotheque-admin\venv_admin\Lib\site-packages\django\template\defaulttags.py", line 327, in render
    return nodelist.render(context)
           ~~~~~~~~~~~~~~~^^^^^^^^^
  File "C:\Users\T.SHIGARAKI\Desktop\Projet-Bibliotheque\Projet-bibliotheque-admin\venv_admin\Lib\site-packages\django\template\base.py", line 1016, in render
    return SafeString("".join([node.render_annotated(context) for node in self]))
                               ~~~~~~~~~~~~~~~~~~~~~^^^^^^^^^
  File "C:\Users\T.SHIGARAKI\Desktop\Projet-Bibliotheque\Projet-bibliotheque-admin\venv_admin\Lib\site-packages\django\template\base.py", line 977, in render_annotated
    return self.render(context)
           ~~~~~~~~~~~^^^^^^^^^
  File "C:\Users\T.SHIGARAKI\Desktop\Projet-Bibliotheque\Projet-bibliotheque-admin\venv_admin\Lib\site-packages\django\template\defaulttags.py", line 480, in render
    url = reverse(view_name, args=args, kwargs=kwargs, current_app=current_app)
  File "C:\Users\T.SHIGARAKI\Desktop\Projet-Bibliotheque\Projet-bibliotheque-admin\venv_admin\Lib\site-packages\django\urls\base.py", line 98, in reverse
    resolved_url = resolver._reverse_with_prefix(view, prefix, *args, **kwargs)
  File "C:\Users\T.SHIGARAKI\Desktop\Projet-Bibliotheque\Projet-bibliotheque-admin\venv_admin\Lib\site-packages\django\urls\resolvers.py", line 831, in _reverse_with_prefix
    raise NoReverseMatch(msg)
django.urls.exceptions.NoReverseMatch: Reverse for 'login' not found. 'login' is not a valid view function or pattern name.
Internal Server Error: /books/standard-user-dashboard/
Traceback (most recent call last):
  File "C:\Users\T.SHIGARAKI\Desktop\Projet-Bibliotheque\Projet-bibliotheque-admin\venv_admin\Lib\site-packages\django\urls\base.py", line 81, in reverse
    extra, resolver = resolver.namespace_dict[ns]
                      ~~~~~~~~~~~~~~~~~~~~~~~^^^^
KeyError: 'loans'

During handling of the above exception, another exception occurred:

Traceback (most recent call last):
  File "C:\Users\T.SHIGARAKI\Desktop\Projet-Bibliotheque\Projet-bibliotheque-admin\venv_admin\Lib\site-packages\django\core\handlers\exception.py", line 55, in inner
    response = get_response(request)
  File "C:\Users\T.SHIGARAKI\Desktop\Projet-Bibliotheque\Projet-bibliotheque-admin\venv_admin\Lib\site-packages\django\core\handlers\base.py", line 197, in _get_response
    response = wrapped_callback(request, *callback_args, **callback_kwargs)
  File "C:\Users\T.SHIGARAKI\Desktop\Projet-Bibliotheque\Projet-bibliotheque-admin\venv_admin\Lib\site-packages\django\contrib\auth\decorators.py", line 59, in _view_wrapper
    return view_func(request, *args, **kwargs)
  File "C:\Users\T.SHIGARAKI\Desktop\Projet-Bibliotheque\Projet-bibliotheque-admin\books\views.py", line 44, in standard_user_dashboard
    return render(request, 'books/standard_user_dashboard.html', {
        'loans_count': 0,  # À remplacer par une logique réelle si disponible
        'notifications_count': 0,
        'favorites_count': 0
    })
  File "C:\Users\T.SHIGARAKI\Desktop\Projet-Bibliotheque\Projet-bibliotheque-admin\venv_admin\Lib\site-packages\django\shortcuts.py", line 25, in render
    content = loader.render_to_string(template_name, context, request, using=using)
  File "C:\Users\T.SHIGARAKI\Desktop\Projet-Bibliotheque\Projet-bibliotheque-admin\venv_admin\Lib\site-packages\django\template\loader.py", line 62, in render_to_string
    return template.render(context, request)
           ~~~~~~~~~~~~~~~^^^^^^^^^^^^^^^^^^
  File "C:\Users\T.SHIGARAKI\Desktop\Projet-Bibliotheque\Projet-bibliotheque-admin\venv_admin\Lib\site-packages\django\template\backends\django.py", line 107, in render
    return self.template.render(context)
           ~~~~~~~~~~~~~~~~~~~~^^^^^^^^^
  File "C:\Users\T.SHIGARAKI\Desktop\Projet-Bibliotheque\Projet-bibliotheque-admin\venv_admin\Lib\site-packages\django\template\base.py", line 171, in render
    return self._render(context)
           ~~~~~~~~~~~~^^^^^^^^^
  File "C:\Users\T.SHIGARAKI\Desktop\Projet-Bibliotheque\Projet-bibliotheque-admin\venv_admin\Lib\site-packages\django\template\base.py", line 163, in _render
    return self.nodelist.render(context)
           ~~~~~~~~~~~~~~~~~~~~^^^^^^^^^
  File "C:\Users\T.SHIGARAKI\Desktop\Projet-Bibliotheque\Projet-bibliotheque-admin\venv_admin\Lib\site-packages\django\template\base.py", line 1016, in render
    return SafeString("".join([node.render_annotated(context) for node in self]))
                               ~~~~~~~~~~~~~~~~~~~~~^^^^^^^^^
  File "C:\Users\T.SHIGARAKI\Desktop\Projet-Bibliotheque\Projet-bibliotheque-admin\venv_admin\Lib\site-packages\django\template\base.py", line 977, in render_annotated
    return self.render(context)
           ~~~~~~~~~~~^^^^^^^^^
  File "C:\Users\T.SHIGARAKI\Desktop\Projet-Bibliotheque\Projet-bibliotheque-admin\venv_admin\Lib\site-packages\django\template\loader_tags.py", line 159, in render
    return compiled_parent._render(context)
           ~~~~~~~~~~~~~~~~~~~~~~~^^^^^^^^^
  File "C:\Users\T.SHIGARAKI\Desktop\Projet-Bibliotheque\Projet-bibliotheque-admin\venv_admin\Lib\site-packages\django\template\base.py", line 163, in _render
    return self.nodelist.render(context)
           ~~~~~~~~~~~~~~~~~~~~^^^^^^^^^
  File "C:\Users\T.SHIGARAKI\Desktop\Projet-Bibliotheque\Projet-bibliotheque-admin\venv_admin\Lib\site-packages\django\template\base.py", line 1016, in render
    return SafeString("".join([node.render_annotated(context) for node in self]))
                               ~~~~~~~~~~~~~~~~~~~~~^^^^^^^^^
  File "C:\Users\T.SHIGARAKI\Desktop\Projet-Bibliotheque\Projet-bibliotheque-admin\venv_admin\Lib\site-packages\django\template\base.py", line 977, in render_annotated
    return self.render(context)
           ~~~~~~~~~~~^^^^^^^^^
  File "C:\Users\T.SHIGARAKI\Desktop\Projet-Bibliotheque\Projet-bibliotheque-admin\venv_admin\Lib\site-packages\django\template\loader_tags.py", line 65, in render
    result = block.nodelist.render(context)
  File "C:\Users\T.SHIGARAKI\Desktop\Projet-Bibliotheque\Projet-bibliotheque-admin\venv_admin\Lib\site-packages\django\template\base.py", line 1016, in render
    return SafeString("".join([node.render_annotated(context) for node in self]))
                               ~~~~~~~~~~~~~~~~~~~~~^^^^^^^^^
  File "C:\Users\T.SHIGARAKI\Desktop\Projet-Bibliotheque\Projet-bibliotheque-admin\venv_admin\Lib\site-packages\django\template\base.py", line 977, in render_annotated
    return self.render(context)
           ~~~~~~~~~~~^^^^^^^^^
  File "C:\Users\T.SHIGARAKI\Desktop\Projet-Bibliotheque\Projet-bibliotheque-admin\venv_admin\Lib\site-packages\django\template\defaulttags.py", line 480, in render
    url = reverse(view_name, args=args, kwargs=kwargs, current_app=current_app)
  File "C:\Users\T.SHIGARAKI\Desktop\Projet-Bibliotheque\Projet-bibliotheque-admin\venv_admin\Lib\site-packages\django\urls\base.py", line 92, in reverse
    raise NoReverseMatch("%s is not a registered namespace" % key)
django.urls.exceptions.NoReverseMatch: 'loans' is not a registered namespace
Internal Server Error: /books/standard-user-dashboard/
Traceback (most recent call last):
  File "C:\Users\T.SHIGARAKI\Desktop\Projet-Bibliotheque\Projet-bibliotheque-admin\venv_admin\Lib\site-packages\django\core\handlers\exception.py", line 55, in inner
    response = get_response(request)
  File "C:\Users\T.SHIGARAKI\Desktop\Projet-Bibliotheque\Projet-bibliotheque-admin\venv_admin\Lib\site-packages\django\core\handlers\base.py", line 197, in _get_response
    response = wrapped_callback(request, *callback_args, **callback_kwargs)
  File "C:\Users\T.SHIGARAKI\Desktop\Projet-Bibliotheque\Projet-bibliotheque-admin\venv_admin\Lib\site-packages\django\contrib\auth\decorators.py", line 59, in _view_wrapper
    return view_func(request, *args, **kwargs)
  File "C:\Users\T.SHIGARAKI\Desktop\Projet-Bibliotheque\Projet-bibliotheque-admin\books\views.py", line 44, in standard_user_dashboard
    return render(request, 'books/standard_user_dashboard.html', {
        'loans_count': 0,  # À remplacer par une logique réelle si disponible
        'notifications_count': 0,
        'favorites_count': 0
    })
  File "C:\Users\T.SHIGARAKI\Desktop\Projet-Bibliotheque\Projet-bibliotheque-admin\venv_admin\Lib\site-packages\django\shortcuts.py", line 25, in render
    content = loader.render_to_string(template_name, context, request, using=using)
  File "C:\Users\T.SHIGARAKI\Desktop\Projet-Bibliotheque\Projet-bibliotheque-admin\venv_admin\Lib\site-packages\django\template\loader.py", line 62, in render_to_string
    return template.render(context, request)
           ~~~~~~~~~~~~~~~^^^^^^^^^^^^^^^^^^
  File "C:\Users\T.SHIGARAKI\Desktop\Projet-Bibliotheque\Projet-bibliotheque-admin\venv_admin\Lib\site-packages\django\template\backends\django.py", line 107, in render
    return self.template.render(context)
           ~~~~~~~~~~~~~~~~~~~~^^^^^^^^^
  File "C:\Users\T.SHIGARAKI\Desktop\Projet-Bibliotheque\Projet-bibliotheque-admin\venv_admin\Lib\site-packages\django\template\base.py", line 171, in render
    return self._render(context)
           ~~~~~~~~~~~~^^^^^^^^^
  File "C:\Users\T.SHIGARAKI\Desktop\Projet-Bibliotheque\Projet-bibliotheque-admin\venv_admin\Lib\site-packages\django\template\base.py", line 163, in _render
    return self.nodelist.render(context)
           ~~~~~~~~~~~~~~~~~~~~^^^^^^^^^
  File "C:\Users\T.SHIGARAKI\Desktop\Projet-Bibliotheque\Projet-bibliotheque-admin\venv_admin\Lib\site-packages\django\template\base.py", line 1016, in render
    return SafeString("".join([node.render_annotated(context) for node in self]))
                               ~~~~~~~~~~~~~~~~~~~~~^^^^^^^^^
  File "C:\Users\T.SHIGARAKI\Desktop\Projet-Bibliotheque\Projet-bibliotheque-admin\venv_admin\Lib\site-packages\django\template\base.py", line 977, in render_annotated
    return self.render(context)
           ~~~~~~~~~~~^^^^^^^^^
  File "C:\Users\T.SHIGARAKI\Desktop\Projet-Bibliotheque\Projet-bibliotheque-admin\venv_admin\Lib\site-packages\django\template\loader_tags.py", line 159, in render
    return compiled_parent._render(context)
           ~~~~~~~~~~~~~~~~~~~~~~~^^^^^^^^^
  File "C:\Users\T.SHIGARAKI\Desktop\Projet-Bibliotheque\Projet-bibliotheque-admin\venv_admin\Lib\site-packages\django\template\base.py", line 163, in _render
    return self.nodelist.render(context)
           ~~~~~~~~~~~~~~~~~~~~^^^^^^^^^
  File "C:\Users\T.SHIGARAKI\Desktop\Projet-Bibliotheque\Projet-bibliotheque-admin\venv_admin\Lib\site-packages\django\template\base.py", line 1016, in render
    return SafeString("".join([node.render_annotated(context) for node in self]))
                               ~~~~~~~~~~~~~~~~~~~~~^^^^^^^^^
  File "C:\Users\T.SHIGARAKI\Desktop\Projet-Bibliotheque\Projet-bibliotheque-admin\venv_admin\Lib\site-packages\django\template\base.py", line 977, in render_annotated
    return self.render(context)
           ~~~~~~~~~~~^^^^^^^^^
  File "C:\Users\T.SHIGARAKI\Desktop\Projet-Bibliotheque\Projet-bibliotheque-admin\venv_admin\Lib\site-packages\django\template\loader_tags.py", line 65, in render
    result = block.nodelist.render(context)
  File "C:\Users\T.SHIGARAKI\Desktop\Projet-Bibliotheque\Projet-bibliotheque-admin\venv_admin\Lib\site-packages\django\template\base.py", line 1016, in render
    return SafeString("".join([node.render_annotated(context) for node in self]))
                               ~~~~~~~~~~~~~~~~~~~~~^^^^^^^^^
  File "C:\Users\T.SHIGARAKI\Desktop\Projet-Bibliotheque\Projet-bibliotheque-admin\venv_admin\Lib\site-packages\django\template\base.py", line 977, in render_annotated
    return self.render(context)
           ~~~~~~~~~~~^^^^^^^^^
  File "C:\Users\T.SHIGARAKI\Desktop\Projet-Bibliotheque\Projet-bibliotheque-admin\venv_admin\Lib\site-packages\django\template\defaulttags.py", line 480, in render
    url = reverse(view_name, args=args, kwargs=kwargs, current_app=current_app)
  File "C:\Users\T.SHIGARAKI\Desktop\Projet-Bibliotheque\Projet-bibliotheque-admin\venv_admin\Lib\site-packages\django\urls\base.py", line 98, in reverse
    resolved_url = resolver._reverse_with_prefix(view, prefix, *args, **kwargs)
  File "C:\Users\T.SHIGARAKI\Desktop\Projet-Bibliotheque\Projet-bibliotheque-admin\venv_admin\Lib\site-packages\django\urls\resolvers.py", line 831, in _reverse_with_prefix
    raise NoReverseMatch(msg)
django.urls.exceptions.NoReverseMatch: Reverse for 'recommendations' not found. 'recommendations' is not a valid view function or pattern name.
Internal Server Error: /books/standard-user-dashboard/
Traceback (most recent call last):
  File "C:\Users\T.SHIGARAKI\Desktop\Projet-Bibliotheque\Projet-bibliotheque-admin\venv_admin\Lib\site-packages\django\urls\base.py", line 81, in reverse
    extra, resolver = resolver.namespace_dict[ns]
                      ~~~~~~~~~~~~~~~~~~~~~~~^^^^
KeyError: 'readers'

During handling of the above exception, another exception occurred:

Traceback (most recent call last):
  File "C:\Users\T.SHIGARAKI\Desktop\Projet-Bibliotheque\Projet-bibliotheque-admin\venv_admin\Lib\site-packages\django\core\handlers\exception.py", line 55, in inner
    response = get_response(request)
  File "C:\Users\T.SHIGARAKI\Desktop\Projet-Bibliotheque\Projet-bibliotheque-admin\venv_admin\Lib\site-packages\django\core\handlers\base.py", line 197, in _get_response
    response = wrapped_callback(request, *callback_args, **callback_kwargs)
  File "C:\Users\T.SHIGARAKI\Desktop\Projet-Bibliotheque\Projet-bibliotheque-admin\venv_admin\Lib\site-packages\django\contrib\auth\decorators.py", line 59, in _view_wrapper
    return view_func(request, *args, **kwargs)
  File "C:\Users\T.SHIGARAKI\Desktop\Projet-Bibliotheque\Projet-bibliotheque-admin\books\views.py", line 44, in standard_user_dashboard
    return render(request, 'books/standard_user_dashboard.html', {
        'loans_count': 0,  # À remplacer par une logique réelle si disponible
        'notifications_count': 0,
        'favorites_count': 0
    })
  File "C:\Users\T.SHIGARAKI\Desktop\Projet-Bibliotheque\Projet-bibliotheque-admin\venv_admin\Lib\site-packages\django\shortcuts.py", line 25, in render
    content = loader.render_to_string(template_name, context, request, using=using)
  File "C:\Users\T.SHIGARAKI\Desktop\Projet-Bibliotheque\Projet-bibliotheque-admin\venv_admin\Lib\site-packages\django\template\loader.py", line 62, in render_to_string
    return template.render(context, request)
           ~~~~~~~~~~~~~~~^^^^^^^^^^^^^^^^^^
  File "C:\Users\T.SHIGARAKI\Desktop\Projet-Bibliotheque\Projet-bibliotheque-admin\venv_admin\Lib\site-packages\django\template\backends\django.py", line 107, in render
    return self.template.render(context)
           ~~~~~~~~~~~~~~~~~~~~^^^^^^^^^
  File "C:\Users\T.SHIGARAKI\Desktop\Projet-Bibliotheque\Projet-bibliotheque-admin\venv_admin\Lib\site-packages\django\template\base.py", line 171, in render
    return self._render(context)
           ~~~~~~~~~~~~^^^^^^^^^
  File "C:\Users\T.SHIGARAKI\Desktop\Projet-Bibliotheque\Projet-bibliotheque-admin\venv_admin\Lib\site-packages\django\template\base.py", line 163, in _render
    return self.nodelist.render(context)
           ~~~~~~~~~~~~~~~~~~~~^^^^^^^^^
  File "C:\Users\T.SHIGARAKI\Desktop\Projet-Bibliotheque\Projet-bibliotheque-admin\venv_admin\Lib\site-packages\django\template\base.py", line 1016, in render
    return SafeString("".join([node.render_annotated(context) for node in self]))
                               ~~~~~~~~~~~~~~~~~~~~~^^^^^^^^^
  File "C:\Users\T.SHIGARAKI\Desktop\Projet-Bibliotheque\Projet-bibliotheque-admin\venv_admin\Lib\site-packages\django\template\base.py", line 977, in render_annotated
    return self.render(context)
           ~~~~~~~~~~~^^^^^^^^^
  File "C:\Users\T.SHIGARAKI\Desktop\Projet-Bibliotheque\Projet-bibliotheque-admin\venv_admin\Lib\site-packages\django\template\loader_tags.py", line 159, in render
    return compiled_parent._render(context)
           ~~~~~~~~~~~~~~~~~~~~~~~^^^^^^^^^
  File "C:\Users\T.SHIGARAKI\Desktop\Projet-Bibliotheque\Projet-bibliotheque-admin\venv_admin\Lib\site-packages\django\template\base.py", line 163, in _render
    return self.nodelist.render(context)
           ~~~~~~~~~~~~~~~~~~~~^^^^^^^^^
  File "C:\Users\T.SHIGARAKI\Desktop\Projet-Bibliotheque\Projet-bibliotheque-admin\venv_admin\Lib\site-packages\django\template\base.py", line 1016, in render
    return SafeString("".join([node.render_annotated(context) for node in self]))
                               ~~~~~~~~~~~~~~~~~~~~~^^^^^^^^^
  File "C:\Users\T.SHIGARAKI\Desktop\Projet-Bibliotheque\Projet-bibliotheque-admin\venv_admin\Lib\site-packages\django\template\base.py", line 977, in render_annotated
    return self.render(context)
           ~~~~~~~~~~~^^^^^^^^^
  File "C:\Users\T.SHIGARAKI\Desktop\Projet-Bibliotheque\Projet-bibliotheque-admin\venv_admin\Lib\site-packages\django\template\loader_tags.py", line 65, in render
    result = block.nodelist.render(context)
  File "C:\Users\T.SHIGARAKI\Desktop\Projet-Bibliotheque\Projet-bibliotheque-admin\venv_admin\Lib\site-packages\django\template\base.py", line 1016, in render
    return SafeString("".join([node.render_annotated(context) for node in self]))
                               ~~~~~~~~~~~~~~~~~~~~~^^^^^^^^^
  File "C:\Users\T.SHIGARAKI\Desktop\Projet-Bibliotheque\Projet-bibliotheque-admin\venv_admin\Lib\site-packages\django\template\base.py", line 977, in render_annotated
    return self.render(context)
           ~~~~~~~~~~~^^^^^^^^^
  File "C:\Users\T.SHIGARAKI\Desktop\Projet-Bibliotheque\Projet-bibliotheque-admin\venv_admin\Lib\site-packages\django\template\defaulttags.py", line 480, in render
    url = reverse(view_name, args=args, kwargs=kwargs, current_app=current_app)
  File "C:\Users\T.SHIGARAKI\Desktop\Projet-Bibliotheque\Projet-bibliotheque-admin\venv_admin\Lib\site-packages\django\urls\base.py", line 92, in reverse
    raise NoReverseMatch("%s is not a registered namespace" % key)
django.urls.exceptions.NoReverseMatch: 'readers' is not a registered namespace
Internal Server Error: /books/standard-user-dashboard/
Traceback (most recent call last):
  File "C:\Users\T.SHIGARAKI\Desktop\Projet-Bibliotheque\Projet-bibliotheque-admin\venv_admin\Lib\site-packages\django\urls\base.py", line 81, in reverse
    extra, resolver = resolver.namespace_dict[ns]
                      ~~~~~~~~~~~~~~~~~~~~~~~^^^^
KeyError: 'readers'

During handling of the above exception, another exception occurred:

Traceback (most recent call last):
  File "C:\Users\T.SHIGARAKI\Desktop\Projet-Bibliotheque\Projet-bibliotheque-admin\venv_admin\Lib\site-packages\django\core\handlers\exception.py", line 55, in inner
    response = get_response(request)
  File "C:\Users\T.SHIGARAKI\Desktop\Projet-Bibliotheque\Projet-bibliotheque-admin\venv_admin\Lib\site-packages\django\core\handlers\base.py", line 197, in _get_response
    response = wrapped_callback(request, *callback_args, **callback_kwargs)
  File "C:\Users\T.SHIGARAKI\Desktop\Projet-Bibliotheque\Projet-bibliotheque-admin\venv_admin\Lib\site-packages\django\contrib\auth\decorators.py", line 59, in _view_wrapper
    return view_func(request, *args, **kwargs)
  File "C:\Users\T.SHIGARAKI\Desktop\Projet-Bibliotheque\Projet-bibliotheque-admin\books\views.py", line 44, in standard_user_dashboard
    return render(request, 'books/standard_user_dashboard.html', {
        'loans_count': 0,  # À remplacer par une logique réelle si disponible
        'notifications_count': 0,
        'favorites_count': 0
    })
  File "C:\Users\T.SHIGARAKI\Desktop\Projet-Bibliotheque\Projet-bibliotheque-admin\venv_admin\Lib\site-packages\django\shortcuts.py", line 25, in render
    content = loader.render_to_string(template_name, context, request, using=using)
  File "C:\Users\T.SHIGARAKI\Desktop\Projet-Bibliotheque\Projet-bibliotheque-admin\venv_admin\Lib\site-packages\django\template\loader.py", line 62, in render_to_string
    return template.render(context, request)
           ~~~~~~~~~~~~~~~^^^^^^^^^^^^^^^^^^
  File "C:\Users\T.SHIGARAKI\Desktop\Projet-Bibliotheque\Projet-bibliotheque-admin\venv_admin\Lib\site-packages\django\template\backends\django.py", line 107, in render
    return self.template.render(context)
           ~~~~~~~~~~~~~~~~~~~~^^^^^^^^^
  File "C:\Users\T.SHIGARAKI\Desktop\Projet-Bibliotheque\Projet-bibliotheque-admin\venv_admin\Lib\site-packages\django\template\base.py", line 171, in render
    return self._render(context)
           ~~~~~~~~~~~~^^^^^^^^^
  File "C:\Users\T.SHIGARAKI\Desktop\Projet-Bibliotheque\Projet-bibliotheque-admin\venv_admin\Lib\site-packages\django\template\base.py", line 163, in _render
    return self.nodelist.render(context)
           ~~~~~~~~~~~~~~~~~~~~^^^^^^^^^
  File "C:\Users\T.SHIGARAKI\Desktop\Projet-Bibliotheque\Projet-bibliotheque-admin\venv_admin\Lib\site-packages\django\template\base.py", line 1016, in render
    return SafeString("".join([node.render_annotated(context) for node in self]))
                               ~~~~~~~~~~~~~~~~~~~~~^^^^^^^^^
  File "C:\Users\T.SHIGARAKI\Desktop\Projet-Bibliotheque\Projet-bibliotheque-admin\venv_admin\Lib\site-packages\django\template\base.py", line 977, in render_annotated
    return self.render(context)
           ~~~~~~~~~~~^^^^^^^^^
  File "C:\Users\T.SHIGARAKI\Desktop\Projet-Bibliotheque\Projet-bibliotheque-admin\venv_admin\Lib\site-packages\django\template\loader_tags.py", line 159, in render
    return compiled_parent._render(context)
           ~~~~~~~~~~~~~~~~~~~~~~~^^^^^^^^^
  File "C:\Users\T.SHIGARAKI\Desktop\Projet-Bibliotheque\Projet-bibliotheque-admin\venv_admin\Lib\site-packages\django\template\base.py", line 163, in _render
    return self.nodelist.render(context)
           ~~~~~~~~~~~~~~~~~~~~^^^^^^^^^
  File "C:\Users\T.SHIGARAKI\Desktop\Projet-Bibliotheque\Projet-bibliotheque-admin\venv_admin\Lib\site-packages\django\template\base.py", line 1016, in render
    return SafeString("".join([node.render_annotated(context) for node in self]))
                               ~~~~~~~~~~~~~~~~~~~~~^^^^^^^^^
  File "C:\Users\T.SHIGARAKI\Desktop\Projet-Bibliotheque\Projet-bibliotheque-admin\venv_admin\Lib\site-packages\django\template\base.py", line 977, in render_annotated
    return self.render(context)
           ~~~~~~~~~~~^^^^^^^^^
  File "C:\Users\T.SHIGARAKI\Desktop\Projet-Bibliotheque\Projet-bibliotheque-admin\venv_admin\Lib\site-packages\django\template\defaulttags.py", line 480, in render
    url = reverse(view_name, args=args, kwargs=kwargs, current_app=current_app)
  File "C:\Users\T.SHIGARAKI\Desktop\Projet-Bibliotheque\Projet-bibliotheque-admin\venv_admin\Lib\site-packages\django\urls\base.py", line 92, in reverse
    raise NoReverseMatch("%s is not a registered namespace" % key)
django.urls.exceptions.NoReverseMatch: 'readers' is not a registered namespace
Internal Server Error: /books/standard-user-dashboard/
Traceback (most recent call last):
  File "C:\Users\T.SHIGARAKI\Desktop\Projet-Bibliotheque\Projet-bibliotheque-admin\venv_admin\Lib\site-packages\django\urls\base.py", line 81, in reverse
    extra, resolver = resolver.namespace_dict[ns]
                      ~~~~~~~~~~~~~~~~~~~~~~~^^^^
KeyError: 'loans'

During handling of the above exception, another exception occurred:

Traceback (most recent call last):
  File "C:\Users\T.SHIGARAKI\Desktop\Projet-Bibliotheque\Projet-bibliotheque-admin\venv_admin\Lib\site-packages\django\core\handlers\exception.py", line 55, in inner
    response = get_response(request)
  File "C:\Users\T.SHIGARAKI\Desktop\Projet-Bibliotheque\Projet-bibliotheque-admin\venv_admin\Lib\site-packages\django\core\handlers\base.py", line 197, in _get_response
    response = wrapped_callback(request, *callback_args, **callback_kwargs)
  File "C:\Users\T.SHIGARAKI\Desktop\Projet-Bibliotheque\Projet-bibliotheque-admin\venv_admin\Lib\site-packages\django\contrib\auth\decorators.py", line 59, in _view_wrapper
    return view_func(request, *args, **kwargs)
  File "C:\Users\T.SHIGARAKI\Desktop\Projet-Bibliotheque\Projet-bibliotheque-admin\books\views.py", line 44, in standard_user_dashboard
    return render(request, 'books/standard_user_dashboard.html', {
        'loans_count': 0,  # À remplacer par une logique réelle si disponible
        'notifications_count': 0,
        'favorites_count': 0
    })
  File "C:\Users\T.SHIGARAKI\Desktop\Projet-Bibliotheque\Projet-bibliotheque-admin\venv_admin\Lib\site-packages\django\shortcuts.py", line 25, in render
    content = loader.render_to_string(template_name, context, request, using=using)
  File "C:\Users\T.SHIGARAKI\Desktop\Projet-Bibliotheque\Projet-bibliotheque-admin\venv_admin\Lib\site-packages\django\template\loader.py", line 62, in render_to_string
    return template.render(context, request)
           ~~~~~~~~~~~~~~~^^^^^^^^^^^^^^^^^^
  File "C:\Users\T.SHIGARAKI\Desktop\Projet-Bibliotheque\Projet-bibliotheque-admin\venv_admin\Lib\site-packages\django\template\backends\django.py", line 107, in render
    return self.template.render(context)
           ~~~~~~~~~~~~~~~~~~~~^^^^^^^^^
  File "C:\Users\T.SHIGARAKI\Desktop\Projet-Bibliotheque\Projet-bibliotheque-admin\venv_admin\Lib\site-packages\django\template\base.py", line 171, in render
    return self._render(context)
           ~~~~~~~~~~~~^^^^^^^^^
  File "C:\Users\T.SHIGARAKI\Desktop\Projet-Bibliotheque\Projet-bibliotheque-admin\venv_admin\Lib\site-packages\django\template\base.py", line 163, in _render
    return self.nodelist.render(context)
           ~~~~~~~~~~~~~~~~~~~~^^^^^^^^^
  File "C:\Users\T.SHIGARAKI\Desktop\Projet-Bibliotheque\Projet-bibliotheque-admin\venv_admin\Lib\site-packages\django\template\base.py", line 1016, in render
    return SafeString("".join([node.render_annotated(context) for node in self]))
                               ~~~~~~~~~~~~~~~~~~~~~^^^^^^^^^
  File "C:\Users\T.SHIGARAKI\Desktop\Projet-Bibliotheque\Projet-bibliotheque-admin\venv_admin\Lib\site-packages\django\template\base.py", line 977, in render_annotated
    return self.render(context)
           ~~~~~~~~~~~^^^^^^^^^
  File "C:\Users\T.SHIGARAKI\Desktop\Projet-Bibliotheque\Projet-bibliotheque-admin\venv_admin\Lib\site-packages\django\template\loader_tags.py", line 159, in render
    return compiled_parent._render(context)
           ~~~~~~~~~~~~~~~~~~~~~~~^^^^^^^^^
  File "C:\Users\T.SHIGARAKI\Desktop\Projet-Bibliotheque\Projet-bibliotheque-admin\venv_admin\Lib\site-packages\django\template\base.py", line 163, in _render
    return self.nodelist.render(context)
           ~~~~~~~~~~~~~~~~~~~~^^^^^^^^^
  File "C:\Users\T.SHIGARAKI\Desktop\Projet-Bibliotheque\Projet-bibliotheque-admin\venv_admin\Lib\site-packages\django\template\base.py", line 1016, in render
    return SafeString("".join([node.render_annotated(context) for node in self]))
                               ~~~~~~~~~~~~~~~~~~~~~^^^^^^^^^
  File "C:\Users\T.SHIGARAKI\Desktop\Projet-Bibliotheque\Projet-bibliotheque-admin\venv_admin\Lib\site-packages\django\template\base.py", line 977, in render_annotated
    return self.render(context)
           ~~~~~~~~~~~^^^^^^^^^
  File "C:\Users\T.SHIGARAKI\Desktop\Projet-Bibliotheque\Projet-bibliotheque-admin\venv_admin\Lib\site-packages\django\template\defaulttags.py", line 480, in render
    url = reverse(view_name, args=args, kwargs=kwargs, current_app=current_app)
  File "C:\Users\T.SHIGARAKI\Desktop\Projet-Bibliotheque\Projet-bibliotheque-admin\venv_admin\Lib\site-packages\django\urls\base.py", line 92, in reverse
    raise NoReverseMatch("%s is not a registered namespace" % key)
django.urls.exceptions.NoReverseMatch: 'loans' is not a registered namespace
User logged in: esso.daniel001, first_login=False
Internal Server Error: /books/search/
Traceback (most recent call last):
  File "C:\Users\T.SHIGARAKI\Desktop\Projet-Bibliotheque\Projet-bibliotheque-admin\venv_admin\Lib\site-packages\django\core\handlers\exception.py", line 55, in inner
    response = get_response(request)
  File "C:\Users\T.SHIGARAKI\Desktop\Projet-Bibliotheque\Projet-bibliotheque-admin\venv_admin\Lib\site-packages\django\core\handlers\base.py", line 197, in _get_response
    response = wrapped_callback(request, *callback_args, **callback_kwargs)
  File "C:\Users\T.SHIGARAKI\Desktop\Projet-Bibliotheque\Projet-bibliotheque-admin\books\views.py", line 301, in search_view
    return render(request, 'books/search.html', context)
  File "C:\Users\T.SHIGARAKI\Desktop\Projet-Bibliotheque\Projet-bibliotheque-admin\venv_admin\Lib\site-packages\django\shortcuts.py", line 25, in render
    content = loader.render_to_string(template_name, context, request, using=using)
  File "C:\Users\T.SHIGARAKI\Desktop\Projet-Bibliotheque\Projet-bibliotheque-admin\venv_admin\Lib\site-packages\django\template\loader.py", line 61, in render_to_string
    template = get_template(template_name, using=using)
  File "C:\Users\T.SHIGARAKI\Desktop\Projet-Bibliotheque\Projet-bibliotheque-admin\venv_admin\Lib\site-packages\django\template\loader.py", line 19, in get_template
    raise TemplateDoesNotExist(template_name, chain=chain)
django.template.exceptions.TemplateDoesNotExist: books/search.html
Not Found: /favicon.ico
User logged in: esso.daniel001, first_login=False
Internal Server Error: /books/standard-user-dashboard/
Traceback (most recent call last):
  File "C:\Users\T.SHIGARAKI\Desktop\Projet-Bibliotheque\Projet-bibliotheque-admin\venv_admin\Lib\site-packages\django\urls\base.py", line 81, in reverse
    extra, resolver = resolver.namespace_dict[ns]
                      ~~~~~~~~~~~~~~~~~~~~~~~^^^^
KeyError: 'loans'

During handling of the above exception, another exception occurred:

Traceback (most recent call last):
  File "C:\Users\T.SHIGARAKI\Desktop\Projet-Bibliotheque\Projet-bibliotheque-admin\venv_admin\Lib\site-packages\django\core\handlers\exception.py", line 55, in inner
    response = get_response(request)
  File "C:\Users\T.SHIGARAKI\Desktop\Projet-Bibliotheque\Projet-bibliotheque-admin\venv_admin\Lib\site-packages\django\core\handlers\base.py", line 197, in _get_response
    response = wrapped_callback(request, *callback_args, **callback_kwargs)
  File "C:\Users\T.SHIGARAKI\Desktop\Projet-Bibliotheque\Projet-bibliotheque-admin\venv_admin\Lib\site-packages\django\contrib\auth\decorators.py", line 59, in _view_wrapper
    return view_func(request, *args, **kwargs)
  File "C:\Users\T.SHIGARAKI\Desktop\Projet-Bibliotheque\Projet-bibliotheque-admin\books\views.py", line 44, in standard_user_dashboard
    return render(request, 'books/standard_user_dashboard.html', {
        'loans_count': 0,  # À remplacer par une logique réelle si disponible
        'notifications_count': 0,
        'favorites_count': 0
    })
  File "C:\Users\T.SHIGARAKI\Desktop\Projet-Bibliotheque\Projet-bibliotheque-admin\venv_admin\Lib\site-packages\django\shortcuts.py", line 25, in render
    content = loader.render_to_string(template_name, context, request, using=using)
  File "C:\Users\T.SHIGARAKI\Desktop\Projet-Bibliotheque\Projet-bibliotheque-admin\venv_admin\Lib\site-packages\django\template\loader.py", line 62, in render_to_string
    return template.render(context, request)
           ~~~~~~~~~~~~~~~^^^^^^^^^^^^^^^^^^
  File "C:\Users\T.SHIGARAKI\Desktop\Projet-Bibliotheque\Projet-bibliotheque-admin\venv_admin\Lib\site-packages\django\template\backends\django.py", line 107, in render
    return self.template.render(context)
           ~~~~~~~~~~~~~~~~~~~~^^^^^^^^^
  File "C:\Users\T.SHIGARAKI\Desktop\Projet-Bibliotheque\Projet-bibliotheque-admin\venv_admin\Lib\site-packages\django\template\base.py", line 171, in render
    return self._render(context)
           ~~~~~~~~~~~~^^^^^^^^^
  File "C:\Users\T.SHIGARAKI\Desktop\Projet-Bibliotheque\Projet-bibliotheque-admin\venv_admin\Lib\site-packages\django\template\base.py", line 163, in _render
    return self.nodelist.render(context)
           ~~~~~~~~~~~~~~~~~~~~^^^^^^^^^
  File "C:\Users\T.SHIGARAKI\Desktop\Projet-Bibliotheque\Projet-bibliotheque-admin\venv_admin\Lib\site-packages\django\template\base.py", line 1016, in render
    return SafeString("".join([node.render_annotated(context) for node in self]))
                               ~~~~~~~~~~~~~~~~~~~~~^^^^^^^^^
  File "C:\Users\T.SHIGARAKI\Desktop\Projet-Bibliotheque\Projet-bibliotheque-admin\venv_admin\Lib\site-packages\django\template\base.py", line 977, in render_annotated
    return self.render(context)
           ~~~~~~~~~~~^^^^^^^^^
  File "C:\Users\T.SHIGARAKI\Desktop\Projet-Bibliotheque\Projet-bibliotheque-admin\venv_admin\Lib\site-packages\django\template\loader_tags.py", line 159, in render
    return compiled_parent._render(context)
           ~~~~~~~~~~~~~~~~~~~~~~~^^^^^^^^^
  File "C:\Users\T.SHIGARAKI\Desktop\Projet-Bibliotheque\Projet-bibliotheque-admin\venv_admin\Lib\site-packages\django\template\base.py", line 163, in _render
    return self.nodelist.render(context)
           ~~~~~~~~~~~~~~~~~~~~^^^^^^^^^
  File "C:\Users\T.SHIGARAKI\Desktop\Projet-Bibliotheque\Projet-bibliotheque-admin\venv_admin\Lib\site-packages\django\template\base.py", line 1016, in render
    return SafeString("".join([node.render_annotated(context) for node in self]))
                               ~~~~~~~~~~~~~~~~~~~~~^^^^^^^^^
  File "C:\Users\T.SHIGARAKI\Desktop\Projet-Bibliotheque\Projet-bibliotheque-admin\venv_admin\Lib\site-packages\django\template\base.py", line 977, in render_annotated
    return self.render(context)
           ~~~~~~~~~~~^^^^^^^^^
  File "C:\Users\T.SHIGARAKI\Desktop\Projet-Bibliotheque\Projet-bibliotheque-admin\venv_admin\Lib\site-packages\django\template\defaulttags.py", line 480, in render
    url = reverse(view_name, args=args, kwargs=kwargs, current_app=current_app)
  File "C:\Users\T.SHIGARAKI\Desktop\Projet-Bibliotheque\Projet-bibliotheque-admin\venv_admin\Lib\site-packages\django\urls\base.py", line 92, in reverse
    raise NoReverseMatch("%s is not a registered namespace" % key)
django.urls.exceptions.NoReverseMatch: 'loans' is not a registered namespace
Not Found: /favicon.ico
Internal Server Error: /books/standard-user-dashboard/
Traceback (most recent call last):
  File "C:\Users\T.SHIGARAKI\Desktop\Projet-Bibliotheque\Projet-bibliotheque-admin\venv_admin\Lib\site-packages\django\template\smartif.py", line 180, in translate_token
    op = OPERATORS[token]
         ~~~~~~~~~^^^^^^^
KeyError: '["STUDENT",'

During handling of the above exception, another exception occurred:

Traceback (most recent call last):
  File "C:\Users\T.SHIGARAKI\Desktop\Projet-Bibliotheque\Projet-bibliotheque-admin\venv_admin\Lib\site-packages\django\core\handlers\exception.py", line 55, in inner
    response = get_response(request)
  File "C:\Users\T.SHIGARAKI\Desktop\Projet-Bibliotheque\Projet-bibliotheque-admin\venv_admin\Lib\site-packages\django\core\handlers\base.py", line 197, in _get_response
    response = wrapped_callback(request, *callback_args, **callback_kwargs)
  File "C:\Users\T.SHIGARAKI\Desktop\Projet-Bibliotheque\Projet-bibliotheque-admin\venv_admin\Lib\site-packages\django\contrib\auth\decorators.py", line 59, in _view_wrapper
    return view_func(request, *args, **kwargs)
  File "C:\Users\T.SHIGARAKI\Desktop\Projet-Bibliotheque\Projet-bibliotheque-admin\books\views.py", line 44, in standard_user_dashboard
    return render(request, 'books/standard_user_dashboard.html', {
        'loans_count': 0,  # À remplacer par une logique réelle si disponible
        'notifications_count': 0,
        'favorites_count': 0
    })
  File "C:\Users\T.SHIGARAKI\Desktop\Projet-Bibliotheque\Projet-bibliotheque-admin\venv_admin\Lib\site-packages\django\shortcuts.py", line 25, in render
    content = loader.render_to_string(template_name, context, request, using=using)
  File "C:\Users\T.SHIGARAKI\Desktop\Projet-Bibliotheque\Projet-bibliotheque-admin\venv_admin\Lib\site-packages\django\template\loader.py", line 62, in render_to_string
    return template.render(context, request)
           ~~~~~~~~~~~~~~~^^^^^^^^^^^^^^^^^^
  File "C:\Users\T.SHIGARAKI\Desktop\Projet-Bibliotheque\Projet-bibliotheque-admin\venv_admin\Lib\site-packages\django\template\backends\django.py", line 107, in render
    return self.template.render(context)
           ~~~~~~~~~~~~~~~~~~~~^^^^^^^^^
  File "C:\Users\T.SHIGARAKI\Desktop\Projet-Bibliotheque\Projet-bibliotheque-admin\venv_admin\Lib\site-packages\django\template\base.py", line 171, in render
    return self._render(context)
           ~~~~~~~~~~~~^^^^^^^^^
  File "C:\Users\T.SHIGARAKI\Desktop\Projet-Bibliotheque\Projet-bibliotheque-admin\venv_admin\Lib\site-packages\django\template\base.py", line 163, in _render
    return self.nodelist.render(context)
           ~~~~~~~~~~~~~~~~~~~~^^^^^^^^^
  File "C:\Users\T.SHIGARAKI\Desktop\Projet-Bibliotheque\Projet-bibliotheque-admin\venv_admin\Lib\site-packages\django\template\base.py", line 1016, in render
    return SafeString("".join([node.render_annotated(context) for node in self]))
                               ~~~~~~~~~~~~~~~~~~~~~^^^^^^^^^
  File "C:\Users\T.SHIGARAKI\Desktop\Projet-Bibliotheque\Projet-bibliotheque-admin\venv_admin\Lib\site-packages\django\template\base.py", line 977, in render_annotated
    return self.render(context)
           ~~~~~~~~~~~^^^^^^^^^
  File "C:\Users\T.SHIGARAKI\Desktop\Projet-Bibliotheque\Projet-bibliotheque-admin\venv_admin\Lib\site-packages\django\template\loader_tags.py", line 134, in render
    compiled_parent = self.get_parent(context)
  File "C:\Users\T.SHIGARAKI\Desktop\Projet-Bibliotheque\Projet-bibliotheque-admin\venv_admin\Lib\site-packages\django\template\loader_tags.py", line 131, in get_parent
    return self.find_template(parent, context)
           ~~~~~~~~~~~~~~~~~~^^^^^^^^^^^^^^^^^
  File "C:\Users\T.SHIGARAKI\Desktop\Projet-Bibliotheque\Projet-bibliotheque-admin\venv_admin\Lib\site-packages\django\template\loader_tags.py", line 109, in find_template
    template, origin = context.template.engine.find_template(
                       ~~~~~~~~~~~~~~~~~~~~~~~~~~~~~~~~~~~~~^
        template_name,
        ^^^^^^^^^^^^^^
        skip=history,
        ^^^^^^^^^^^^^
    )
    ^
  File "C:\Users\T.SHIGARAKI\Desktop\Projet-Bibliotheque\Projet-bibliotheque-admin\venv_admin\Lib\site-packages\django\template\engine.py", line 159, in find_template
    template = loader.get_template(name, skip=skip)
  File "C:\Users\T.SHIGARAKI\Desktop\Projet-Bibliotheque\Projet-bibliotheque-admin\venv_admin\Lib\site-packages\django\template\loaders\cached.py", line 57, in get_template
    template = super().get_template(template_name, skip)
  File "C:\Users\T.SHIGARAKI\Desktop\Projet-Bibliotheque\Projet-bibliotheque-admin\venv_admin\Lib\site-packages\django\template\loaders\base.py", line 28, in get_template
    return Template(
        contents,
    ...<2 lines>...
        self.engine,
    )
  File "C:\Users\T.SHIGARAKI\Desktop\Projet-Bibliotheque\Projet-bibliotheque-admin\venv_admin\Lib\site-packages\django\template\base.py", line 154, in __init__
    self.nodelist = self.compile_nodelist()
                    ~~~~~~~~~~~~~~~~~~~~~^^
  File "C:\Users\T.SHIGARAKI\Desktop\Projet-Bibliotheque\Projet-bibliotheque-admin\venv_admin\Lib\site-packages\django\template\base.py", line 196, in compile_nodelist
    nodelist = parser.parse()
  File "C:\Users\T.SHIGARAKI\Desktop\Projet-Bibliotheque\Projet-bibliotheque-admin\venv_admin\Lib\site-packages\django\template\base.py", line 518, in parse
    raise self.error(token, e)
  File "C:\Users\T.SHIGARAKI\Desktop\Projet-Bibliotheque\Projet-bibliotheque-admin\venv_admin\Lib\site-packages\django\template\base.py", line 516, in parse
    compiled_result = compile_func(self, token)
  File "C:\Users\T.SHIGARAKI\Desktop\Projet-Bibliotheque\Projet-bibliotheque-admin\venv_admin\Lib\site-packages\django\template\defaulttags.py", line 961, in do_if
    condition = TemplateIfParser(parser, bits).parse()
                ~~~~~~~~~~~~~~~~^^^^^^^^^^^^^^
  File "C:\Users\T.SHIGARAKI\Desktop\Projet-Bibliotheque\Projet-bibliotheque-admin\venv_admin\Lib\site-packages\django\template\defaulttags.py", line 894, in __init__
    super().__init__(*args, **kwargs)
    ~~~~~~~~~~~~~~~~^^^^^^^^^^^^^^^^^
  File "C:\Users\T.SHIGARAKI\Desktop\Projet-Bibliotheque\Projet-bibliotheque-admin\venv_admin\Lib\site-packages\django\template\smartif.py", line 171, in __init__
    mapped_tokens.append(self.translate_token(token))
                         ~~~~~~~~~~~~~~~~~~~~^^^^^^^
  File "C:\Users\T.SHIGARAKI\Desktop\Projet-Bibliotheque\Projet-bibliotheque-admin\venv_admin\Lib\site-packages\django\template\smartif.py", line 182, in translate_token
    return self.create_var(token)
           ~~~~~~~~~~~~~~~^^^^^^^
  File "C:\Users\T.SHIGARAKI\Desktop\Projet-Bibliotheque\Projet-bibliotheque-admin\venv_admin\Lib\site-packages\django\template\defaulttags.py", line 897, in create_var
    return TemplateLiteral(self.template_parser.compile_filter(value), value)
                           ~~~~~~~~~~~~~~~~~~~~~~~~~~~~~~~~~~~^^^^^^^
  File "C:\Users\T.SHIGARAKI\Desktop\Projet-Bibliotheque\Projet-bibliotheque-admin\venv_admin\Lib\site-packages\django\template\base.py", line 609, in compile_filter
    return FilterExpression(token, self)
  File "C:\Users\T.SHIGARAKI\Desktop\Projet-Bibliotheque\Projet-bibliotheque-admin\venv_admin\Lib\site-packages\django\template\base.py", line 710, in __init__
    raise TemplateSyntaxError(
    ...<2 lines>...
    )
django.template.exceptions.TemplateSyntaxError: Could not parse the remainder: '["STUDENT",' from '["STUDENT",'
Not Found: /favicon.ico
Internal Server Error: /books/standard-user-dashboard/
Traceback (most recent call last):
  File "C:\Users\T.SHIGARAKI\Desktop\Projet-Bibliotheque\Projet-bibliotheque-admin\venv_admin\Lib\site-packages\django\urls\base.py", line 81, in reverse
    extra, resolver = resolver.namespace_dict[ns]
                      ~~~~~~~~~~~~~~~~~~~~~~~^^^^
KeyError: 'loans'

During handling of the above exception, another exception occurred:

Traceback (most recent call last):
  File "C:\Users\T.SHIGARAKI\Desktop\Projet-Bibliotheque\Projet-bibliotheque-admin\venv_admin\Lib\site-packages\django\core\handlers\exception.py", line 55, in inner
    response = get_response(request)
  File "C:\Users\T.SHIGARAKI\Desktop\Projet-Bibliotheque\Projet-bibliotheque-admin\venv_admin\Lib\site-packages\django\core\handlers\base.py", line 197, in _get_response
    response = wrapped_callback(request, *callback_args, **callback_kwargs)
  File "C:\Users\T.SHIGARAKI\Desktop\Projet-Bibliotheque\Projet-bibliotheque-admin\venv_admin\Lib\site-packages\django\contrib\auth\decorators.py", line 59, in _view_wrapper
    return view_func(request, *args, **kwargs)
  File "C:\Users\T.SHIGARAKI\Desktop\Projet-Bibliotheque\Projet-bibliotheque-admin\books\views.py", line 44, in standard_user_dashboard
    return render(request, 'books/standard_user_dashboard.html', {
        'loans_count': 0,  # À remplacer par une logique réelle si disponible
        'notifications_count': 0,
        'favorites_count': 0
    })
  File "C:\Users\T.SHIGARAKI\Desktop\Projet-Bibliotheque\Projet-bibliotheque-admin\venv_admin\Lib\site-packages\django\shortcuts.py", line 25, in render
    content = loader.render_to_string(template_name, context, request, using=using)
  File "C:\Users\T.SHIGARAKI\Desktop\Projet-Bibliotheque\Projet-bibliotheque-admin\venv_admin\Lib\site-packages\django\template\loader.py", line 62, in render_to_string
    return template.render(context, request)
           ~~~~~~~~~~~~~~~^^^^^^^^^^^^^^^^^^
  File "C:\Users\T.SHIGARAKI\Desktop\Projet-Bibliotheque\Projet-bibliotheque-admin\venv_admin\Lib\site-packages\django\template\backends\django.py", line 107, in render
    return self.template.render(context)
           ~~~~~~~~~~~~~~~~~~~~^^^^^^^^^
  File "C:\Users\T.SHIGARAKI\Desktop\Projet-Bibliotheque\Projet-bibliotheque-admin\venv_admin\Lib\site-packages\django\template\base.py", line 171, in render
    return self._render(context)
           ~~~~~~~~~~~~^^^^^^^^^
  File "C:\Users\T.SHIGARAKI\Desktop\Projet-Bibliotheque\Projet-bibliotheque-admin\venv_admin\Lib\site-packages\django\template\base.py", line 163, in _render
    return self.nodelist.render(context)
           ~~~~~~~~~~~~~~~~~~~~^^^^^^^^^
  File "C:\Users\T.SHIGARAKI\Desktop\Projet-Bibliotheque\Projet-bibliotheque-admin\venv_admin\Lib\site-packages\django\template\base.py", line 1016, in render
    return SafeString("".join([node.render_annotated(context) for node in self]))
                               ~~~~~~~~~~~~~~~~~~~~~^^^^^^^^^
  File "C:\Users\T.SHIGARAKI\Desktop\Projet-Bibliotheque\Projet-bibliotheque-admin\venv_admin\Lib\site-packages\django\template\base.py", line 977, in render_annotated
    return self.render(context)
           ~~~~~~~~~~~^^^^^^^^^
  File "C:\Users\T.SHIGARAKI\Desktop\Projet-Bibliotheque\Projet-bibliotheque-admin\venv_admin\Lib\site-packages\django\template\loader_tags.py", line 159, in render
    return compiled_parent._render(context)
           ~~~~~~~~~~~~~~~~~~~~~~~^^^^^^^^^
  File "C:\Users\T.SHIGARAKI\Desktop\Projet-Bibliotheque\Projet-bibliotheque-admin\venv_admin\Lib\site-packages\django\template\base.py", line 163, in _render
    return self.nodelist.render(context)
           ~~~~~~~~~~~~~~~~~~~~^^^^^^^^^
  File "C:\Users\T.SHIGARAKI\Desktop\Projet-Bibliotheque\Projet-bibliotheque-admin\venv_admin\Lib\site-packages\django\template\base.py", line 1016, in render
    return SafeString("".join([node.render_annotated(context) for node in self]))
                               ~~~~~~~~~~~~~~~~~~~~~^^^^^^^^^
  File "C:\Users\T.SHIGARAKI\Desktop\Projet-Bibliotheque\Projet-bibliotheque-admin\venv_admin\Lib\site-packages\django\template\base.py", line 977, in render_annotated
    return self.render(context)
           ~~~~~~~~~~~^^^^^^^^^
  File "C:\Users\T.SHIGARAKI\Desktop\Projet-Bibliotheque\Projet-bibliotheque-admin\venv_admin\Lib\site-packages\django\template\defaulttags.py", line 327, in render
    return nodelist.render(context)
           ~~~~~~~~~~~~~~~^^^^^^^^^
  File "C:\Users\T.SHIGARAKI\Desktop\Projet-Bibliotheque\Projet-bibliotheque-admin\venv_admin\Lib\site-packages\django\template\base.py", line 1016, in render
    return SafeString("".join([node.render_annotated(context) for node in self]))
                               ~~~~~~~~~~~~~~~~~~~~~^^^^^^^^^
  File "C:\Users\T.SHIGARAKI\Desktop\Projet-Bibliotheque\Projet-bibliotheque-admin\venv_admin\Lib\site-packages\django\template\base.py", line 977, in render_annotated
    return self.render(context)
           ~~~~~~~~~~~^^^^^^^^^
  File "C:\Users\T.SHIGARAKI\Desktop\Projet-Bibliotheque\Projet-bibliotheque-admin\venv_admin\Lib\site-packages\django\template\defaulttags.py", line 480, in render
    url = reverse(view_name, args=args, kwargs=kwargs, current_app=current_app)
  File "C:\Users\T.SHIGARAKI\Desktop\Projet-Bibliotheque\Projet-bibliotheque-admin\venv_admin\Lib\site-packages\django\urls\base.py", line 92, in reverse
    raise NoReverseMatch("%s is not a registered namespace" % key)
django.urls.exceptions.NoReverseMatch: 'loans' is not a registered namespace
Internal Server Error: /books/standard-user-dashboard/
Traceback (most recent call last):
  File "C:\Users\T.SHIGARAKI\Desktop\Projet-Bibliotheque\Projet-bibliotheque-admin\venv_admin\Lib\site-packages\django\urls\base.py", line 81, in reverse
    extra, resolver = resolver.namespace_dict[ns]
                      ~~~~~~~~~~~~~~~~~~~~~~~^^^^
KeyError: 'loans'

During handling of the above exception, another exception occurred:

Traceback (most recent call last):
  File "C:\Users\T.SHIGARAKI\Desktop\Projet-Bibliotheque\Projet-bibliotheque-admin\venv_admin\Lib\site-packages\django\core\handlers\exception.py", line 55, in inner
    response = get_response(request)
  File "C:\Users\T.SHIGARAKI\Desktop\Projet-Bibliotheque\Projet-bibliotheque-admin\venv_admin\Lib\site-packages\django\core\handlers\base.py", line 197, in _get_response
    response = wrapped_callback(request, *callback_args, **callback_kwargs)
  File "C:\Users\T.SHIGARAKI\Desktop\Projet-Bibliotheque\Projet-bibliotheque-admin\venv_admin\Lib\site-packages\django\contrib\auth\decorators.py", line 59, in _view_wrapper
    return view_func(request, *args, **kwargs)
  File "C:\Users\T.SHIGARAKI\Desktop\Projet-Bibliotheque\Projet-bibliotheque-admin\books\views.py", line 44, in standard_user_dashboard
    return render(request, 'books/standard_user_dashboard.html', {
        'loans_count': 0,  # À remplacer par une logique réelle si disponible
        'notifications_count': 0,
        'favorites_count': 0
    })
  File "C:\Users\T.SHIGARAKI\Desktop\Projet-Bibliotheque\Projet-bibliotheque-admin\venv_admin\Lib\site-packages\django\shortcuts.py", line 25, in render
    content = loader.render_to_string(template_name, context, request, using=using)
  File "C:\Users\T.SHIGARAKI\Desktop\Projet-Bibliotheque\Projet-bibliotheque-admin\venv_admin\Lib\site-packages\django\template\loader.py", line 62, in render_to_string
    return template.render(context, request)
           ~~~~~~~~~~~~~~~^^^^^^^^^^^^^^^^^^
  File "C:\Users\T.SHIGARAKI\Desktop\Projet-Bibliotheque\Projet-bibliotheque-admin\venv_admin\Lib\site-packages\django\template\backends\django.py", line 107, in render
    return self.template.render(context)
           ~~~~~~~~~~~~~~~~~~~~^^^^^^^^^
  File "C:\Users\T.SHIGARAKI\Desktop\Projet-Bibliotheque\Projet-bibliotheque-admin\venv_admin\Lib\site-packages\django\template\base.py", line 171, in render
    return self._render(context)
           ~~~~~~~~~~~~^^^^^^^^^
  File "C:\Users\T.SHIGARAKI\Desktop\Projet-Bibliotheque\Projet-bibliotheque-admin\venv_admin\Lib\site-packages\django\template\base.py", line 163, in _render
    return self.nodelist.render(context)
           ~~~~~~~~~~~~~~~~~~~~^^^^^^^^^
  File "C:\Users\T.SHIGARAKI\Desktop\Projet-Bibliotheque\Projet-bibliotheque-admin\venv_admin\Lib\site-packages\django\template\base.py", line 1016, in render
    return SafeString("".join([node.render_annotated(context) for node in self]))
                               ~~~~~~~~~~~~~~~~~~~~~^^^^^^^^^
  File "C:\Users\T.SHIGARAKI\Desktop\Projet-Bibliotheque\Projet-bibliotheque-admin\venv_admin\Lib\site-packages\django\template\base.py", line 977, in render_annotated
    return self.render(context)
           ~~~~~~~~~~~^^^^^^^^^
  File "C:\Users\T.SHIGARAKI\Desktop\Projet-Bibliotheque\Projet-bibliotheque-admin\venv_admin\Lib\site-packages\django\template\loader_tags.py", line 159, in render
    return compiled_parent._render(context)
           ~~~~~~~~~~~~~~~~~~~~~~~^^^^^^^^^
  File "C:\Users\T.SHIGARAKI\Desktop\Projet-Bibliotheque\Projet-bibliotheque-admin\venv_admin\Lib\site-packages\django\template\base.py", line 163, in _render
    return self.nodelist.render(context)
           ~~~~~~~~~~~~~~~~~~~~^^^^^^^^^
  File "C:\Users\T.SHIGARAKI\Desktop\Projet-Bibliotheque\Projet-bibliotheque-admin\venv_admin\Lib\site-packages\django\template\base.py", line 1016, in render
    return SafeString("".join([node.render_annotated(context) for node in self]))
                               ~~~~~~~~~~~~~~~~~~~~~^^^^^^^^^
  File "C:\Users\T.SHIGARAKI\Desktop\Projet-Bibliotheque\Projet-bibliotheque-admin\venv_admin\Lib\site-packages\django\template\base.py", line 977, in render_annotated
    return self.render(context)
           ~~~~~~~~~~~^^^^^^^^^
  File "C:\Users\T.SHIGARAKI\Desktop\Projet-Bibliotheque\Projet-bibliotheque-admin\venv_admin\Lib\site-packages\django\template\defaulttags.py", line 327, in render
    return nodelist.render(context)
           ~~~~~~~~~~~~~~~^^^^^^^^^
  File "C:\Users\T.SHIGARAKI\Desktop\Projet-Bibliotheque\Projet-bibliotheque-admin\venv_admin\Lib\site-packages\django\template\base.py", line 1016, in render
    return SafeString("".join([node.render_annotated(context) for node in self]))
                               ~~~~~~~~~~~~~~~~~~~~~^^^^^^^^^
  File "C:\Users\T.SHIGARAKI\Desktop\Projet-Bibliotheque\Projet-bibliotheque-admin\venv_admin\Lib\site-packages\django\template\base.py", line 977, in render_annotated
    return self.render(context)
           ~~~~~~~~~~~^^^^^^^^^
  File "C:\Users\T.SHIGARAKI\Desktop\Projet-Bibliotheque\Projet-bibliotheque-admin\venv_admin\Lib\site-packages\django\template\defaulttags.py", line 480, in render
    url = reverse(view_name, args=args, kwargs=kwargs, current_app=current_app)
  File "C:\Users\T.SHIGARAKI\Desktop\Projet-Bibliotheque\Projet-bibliotheque-admin\venv_admin\Lib\site-packages\django\urls\base.py", line 92, in reverse
    raise NoReverseMatch("%s is not a registered namespace" % key)
django.urls.exceptions.NoReverseMatch: 'loans' is not a registered namespace
Internal Server Error: /books/standard-user-dashboard/
Traceback (most recent call last):
  File "C:\Users\T.SHIGARAKI\Desktop\Projet-Bibliotheque\Projet-bibliotheque-admin\venv_admin\Lib\site-packages\django\core\handlers\exception.py", line 55, in inner
    response = get_response(request)
  File "C:\Users\T.SHIGARAKI\Desktop\Projet-Bibliotheque\Projet-bibliotheque-admin\venv_admin\Lib\site-packages\django\core\handlers\base.py", line 197, in _get_response
    response = wrapped_callback(request, *callback_args, **callback_kwargs)
  File "C:\Users\T.SHIGARAKI\Desktop\Projet-Bibliotheque\Projet-bibliotheque-admin\venv_admin\Lib\site-packages\django\contrib\auth\decorators.py", line 59, in _view_wrapper
    return view_func(request, *args, **kwargs)
  File "C:\Users\T.SHIGARAKI\Desktop\Projet-Bibliotheque\Projet-bibliotheque-admin\books\views.py", line 44, in standard_user_dashboard
    return render(request, 'books/standard_user_dashboard.html', {
        'loans_count': 0,  # À remplacer par une logique réelle si disponible
        'notifications_count': 0,
        'favorites_count': 0
    })
  File "C:\Users\T.SHIGARAKI\Desktop\Projet-Bibliotheque\Projet-bibliotheque-admin\venv_admin\Lib\site-packages\django\shortcuts.py", line 25, in render
    content = loader.render_to_string(template_name, context, request, using=using)
  File "C:\Users\T.SHIGARAKI\Desktop\Projet-Bibliotheque\Projet-bibliotheque-admin\venv_admin\Lib\site-packages\django\template\loader.py", line 62, in render_to_string
    return template.render(context, request)
           ~~~~~~~~~~~~~~~^^^^^^^^^^^^^^^^^^
  File "C:\Users\T.SHIGARAKI\Desktop\Projet-Bibliotheque\Projet-bibliotheque-admin\venv_admin\Lib\site-packages\django\template\backends\django.py", line 107, in render
    return self.template.render(context)
           ~~~~~~~~~~~~~~~~~~~~^^^^^^^^^
  File "C:\Users\T.SHIGARAKI\Desktop\Projet-Bibliotheque\Projet-bibliotheque-admin\venv_admin\Lib\site-packages\django\template\base.py", line 171, in render
    return self._render(context)
           ~~~~~~~~~~~~^^^^^^^^^
  File "C:\Users\T.SHIGARAKI\Desktop\Projet-Bibliotheque\Projet-bibliotheque-admin\venv_admin\Lib\site-packages\django\template\base.py", line 163, in _render
    return self.nodelist.render(context)
           ~~~~~~~~~~~~~~~~~~~~^^^^^^^^^
  File "C:\Users\T.SHIGARAKI\Desktop\Projet-Bibliotheque\Projet-bibliotheque-admin\venv_admin\Lib\site-packages\django\template\base.py", line 1016, in render
    return SafeString("".join([node.render_annotated(context) for node in self]))
                               ~~~~~~~~~~~~~~~~~~~~~^^^^^^^^^
  File "C:\Users\T.SHIGARAKI\Desktop\Projet-Bibliotheque\Projet-bibliotheque-admin\venv_admin\Lib\site-packages\django\template\base.py", line 977, in render_annotated
    return self.render(context)
           ~~~~~~~~~~~^^^^^^^^^
  File "C:\Users\T.SHIGARAKI\Desktop\Projet-Bibliotheque\Projet-bibliotheque-admin\venv_admin\Lib\site-packages\django\template\loader_tags.py", line 159, in render
    return compiled_parent._render(context)
           ~~~~~~~~~~~~~~~~~~~~~~~^^^^^^^^^
  File "C:\Users\T.SHIGARAKI\Desktop\Projet-Bibliotheque\Projet-bibliotheque-admin\venv_admin\Lib\site-packages\django\template\base.py", line 163, in _render
    return self.nodelist.render(context)
           ~~~~~~~~~~~~~~~~~~~~^^^^^^^^^
  File "C:\Users\T.SHIGARAKI\Desktop\Projet-Bibliotheque\Projet-bibliotheque-admin\venv_admin\Lib\site-packages\django\template\base.py", line 1016, in render
    return SafeString("".join([node.render_annotated(context) for node in self]))
                               ~~~~~~~~~~~~~~~~~~~~~^^^^^^^^^
  File "C:\Users\T.SHIGARAKI\Desktop\Projet-Bibliotheque\Projet-bibliotheque-admin\venv_admin\Lib\site-packages\django\template\base.py", line 977, in render_annotated
    return self.render(context)
           ~~~~~~~~~~~^^^^^^^^^
  File "C:\Users\T.SHIGARAKI\Desktop\Projet-Bibliotheque\Projet-bibliotheque-admin\venv_admin\Lib\site-packages\django\template\loader_tags.py", line 65, in render
    result = block.nodelist.render(context)
  File "C:\Users\T.SHIGARAKI\Desktop\Projet-Bibliotheque\Projet-bibliotheque-admin\venv_admin\Lib\site-packages\django\template\base.py", line 1016, in render
    return SafeString("".join([node.render_annotated(context) for node in self]))
                               ~~~~~~~~~~~~~~~~~~~~~^^^^^^^^^
  File "C:\Users\T.SHIGARAKI\Desktop\Projet-Bibliotheque\Projet-bibliotheque-admin\venv_admin\Lib\site-packages\django\template\base.py", line 977, in render_annotated
    return self.render(context)
           ~~~~~~~~~~~^^^^^^^^^
  File "C:\Users\T.SHIGARAKI\Desktop\Projet-Bibliotheque\Projet-bibliotheque-admin\venv_admin\Lib\site-packages\django\template\defaulttags.py", line 480, in render
    url = reverse(view_name, args=args, kwargs=kwargs, current_app=current_app)
  File "C:\Users\T.SHIGARAKI\Desktop\Projet-Bibliotheque\Projet-bibliotheque-admin\venv_admin\Lib\site-packages\django\urls\base.py", line 98, in reverse
    resolved_url = resolver._reverse_with_prefix(view, prefix, *args, **kwargs)
  File "C:\Users\T.SHIGARAKI\Desktop\Projet-Bibliotheque\Projet-bibliotheque-admin\venv_admin\Lib\site-packages\django\urls\resolvers.py", line 831, in _reverse_with_prefix
    raise NoReverseMatch(msg)
django.urls.exceptions.NoReverseMatch: Reverse for 'search_view' not found. 'search_view' is not a valid view function or pattern name.
Internal Server Error: /books/standard-user-dashboard/
Traceback (most recent call last):
  File "C:\Users\T.SHIGARAKI\Desktop\Projet-Bibliotheque\Projet-bibliotheque-admin\venv_admin\Lib\site-packages\django\core\handlers\exception.py", line 55, in inner
    response = get_response(request)
  File "C:\Users\T.SHIGARAKI\Desktop\Projet-Bibliotheque\Projet-bibliotheque-admin\venv_admin\Lib\site-packages\django\core\handlers\base.py", line 197, in _get_response
    response = wrapped_callback(request, *callback_args, **callback_kwargs)
  File "C:\Users\T.SHIGARAKI\Desktop\Projet-Bibliotheque\Projet-bibliotheque-admin\venv_admin\Lib\site-packages\django\contrib\auth\decorators.py", line 59, in _view_wrapper
    return view_func(request, *args, **kwargs)
  File "C:\Users\T.SHIGARAKI\Desktop\Projet-Bibliotheque\Projet-bibliotheque-admin\books\views.py", line 44, in standard_user_dashboard
    return render(request, 'books/standard_user_dashboard.html', {
        'loans_count': 0,  # À remplacer par une logique réelle si disponible
        'notifications_count': 0,
        'favorites_count': 0
    })
  File "C:\Users\T.SHIGARAKI\Desktop\Projet-Bibliotheque\Projet-bibliotheque-admin\venv_admin\Lib\site-packages\django\shortcuts.py", line 25, in render
    content = loader.render_to_string(template_name, context, request, using=using)
  File "C:\Users\T.SHIGARAKI\Desktop\Projet-Bibliotheque\Projet-bibliotheque-admin\venv_admin\Lib\site-packages\django\template\loader.py", line 62, in render_to_string
    return template.render(context, request)
           ~~~~~~~~~~~~~~~^^^^^^^^^^^^^^^^^^
  File "C:\Users\T.SHIGARAKI\Desktop\Projet-Bibliotheque\Projet-bibliotheque-admin\venv_admin\Lib\site-packages\django\template\backends\django.py", line 107, in render
    return self.template.render(context)
           ~~~~~~~~~~~~~~~~~~~~^^^^^^^^^
  File "C:\Users\T.SHIGARAKI\Desktop\Projet-Bibliotheque\Projet-bibliotheque-admin\venv_admin\Lib\site-packages\django\template\base.py", line 171, in render
    return self._render(context)
           ~~~~~~~~~~~~^^^^^^^^^
  File "C:\Users\T.SHIGARAKI\Desktop\Projet-Bibliotheque\Projet-bibliotheque-admin\venv_admin\Lib\site-packages\django\template\base.py", line 163, in _render
    return self.nodelist.render(context)
           ~~~~~~~~~~~~~~~~~~~~^^^^^^^^^
  File "C:\Users\T.SHIGARAKI\Desktop\Projet-Bibliotheque\Projet-bibliotheque-admin\venv_admin\Lib\site-packages\django\template\base.py", line 1016, in render
    return SafeString("".join([node.render_annotated(context) for node in self]))
                               ~~~~~~~~~~~~~~~~~~~~~^^^^^^^^^
  File "C:\Users\T.SHIGARAKI\Desktop\Projet-Bibliotheque\Projet-bibliotheque-admin\venv_admin\Lib\site-packages\django\template\base.py", line 977, in render_annotated
    return self.render(context)
           ~~~~~~~~~~~^^^^^^^^^
  File "C:\Users\T.SHIGARAKI\Desktop\Projet-Bibliotheque\Projet-bibliotheque-admin\venv_admin\Lib\site-packages\django\template\loader_tags.py", line 159, in render
    return compiled_parent._render(context)
           ~~~~~~~~~~~~~~~~~~~~~~~^^^^^^^^^
  File "C:\Users\T.SHIGARAKI\Desktop\Projet-Bibliotheque\Projet-bibliotheque-admin\venv_admin\Lib\site-packages\django\template\base.py", line 163, in _render
    return self.nodelist.render(context)
           ~~~~~~~~~~~~~~~~~~~~^^^^^^^^^
  File "C:\Users\T.SHIGARAKI\Desktop\Projet-Bibliotheque\Projet-bibliotheque-admin\venv_admin\Lib\site-packages\django\template\base.py", line 1016, in render
    return SafeString("".join([node.render_annotated(context) for node in self]))
                               ~~~~~~~~~~~~~~~~~~~~~^^^^^^^^^
  File "C:\Users\T.SHIGARAKI\Desktop\Projet-Bibliotheque\Projet-bibliotheque-admin\venv_admin\Lib\site-packages\django\template\base.py", line 977, in render_annotated
    return self.render(context)
           ~~~~~~~~~~~^^^^^^^^^
  File "C:\Users\T.SHIGARAKI\Desktop\Projet-Bibliotheque\Projet-bibliotheque-admin\venv_admin\Lib\site-packages\django\template\loader_tags.py", line 65, in render
    result = block.nodelist.render(context)
  File "C:\Users\T.SHIGARAKI\Desktop\Projet-Bibliotheque\Projet-bibliotheque-admin\venv_admin\Lib\site-packages\django\template\base.py", line 1016, in render
    return SafeString("".join([node.render_annotated(context) for node in self]))
                               ~~~~~~~~~~~~~~~~~~~~~^^^^^^^^^
  File "C:\Users\T.SHIGARAKI\Desktop\Projet-Bibliotheque\Projet-bibliotheque-admin\venv_admin\Lib\site-packages\django\template\base.py", line 977, in render_annotated
    return self.render(context)
           ~~~~~~~~~~~^^^^^^^^^
  File "C:\Users\T.SHIGARAKI\Desktop\Projet-Bibliotheque\Projet-bibliotheque-admin\venv_admin\Lib\site-packages\django\template\defaulttags.py", line 480, in render
    url = reverse(view_name, args=args, kwargs=kwargs, current_app=current_app)
  File "C:\Users\T.SHIGARAKI\Desktop\Projet-Bibliotheque\Projet-bibliotheque-admin\venv_admin\Lib\site-packages\django\urls\base.py", line 98, in reverse
    resolved_url = resolver._reverse_with_prefix(view, prefix, *args, **kwargs)
  File "C:\Users\T.SHIGARAKI\Desktop\Projet-Bibliotheque\Projet-bibliotheque-admin\venv_admin\Lib\site-packages\django\urls\resolvers.py", line 831, in _reverse_with_prefix
    raise NoReverseMatch(msg)
django.urls.exceptions.NoReverseMatch: Reverse for 'search_books_for_user' not found. 'search_books_for_user' is not a valid view function or pattern name.
Internal Server Error: /books/search/
Traceback (most recent call last):
  File "C:\Users\T.SHIGARAKI\Desktop\Projet-Bibliotheque\Projet-bibliotheque-admin\venv_admin\Lib\site-packages\django\core\handlers\exception.py", line 55, in inner
    response = get_response(request)
  File "C:\Users\T.SHIGARAKI\Desktop\Projet-Bibliotheque\Projet-bibliotheque-admin\venv_admin\Lib\site-packages\django\core\handlers\base.py", line 197, in _get_response
    response = wrapped_callback(request, *callback_args, **callback_kwargs)
  File "C:\Users\T.SHIGARAKI\Desktop\Projet-Bibliotheque\Projet-bibliotheque-admin\books\views.py", line 301, in search_view
    return render(request, 'books/search.html', context)
  File "C:\Users\T.SHIGARAKI\Desktop\Projet-Bibliotheque\Projet-bibliotheque-admin\venv_admin\Lib\site-packages\django\shortcuts.py", line 25, in render
    content = loader.render_to_string(template_name, context, request, using=using)
  File "C:\Users\T.SHIGARAKI\Desktop\Projet-Bibliotheque\Projet-bibliotheque-admin\venv_admin\Lib\site-packages\django\template\loader.py", line 61, in render_to_string
    template = get_template(template_name, using=using)
  File "C:\Users\T.SHIGARAKI\Desktop\Projet-Bibliotheque\Projet-bibliotheque-admin\venv_admin\Lib\site-packages\django\template\loader.py", line 19, in get_template
    raise TemplateDoesNotExist(template_name, chain=chain)
django.template.exceptions.TemplateDoesNotExist: books/search.html
C:\Users\T.SHIGARAKI\Desktop\Projet-Bibliotheque\Projet-bibliotheque-admin\books\views.py changed, reloading.
Watching for file changes with StatReloader
Internal Server Error: /books/search/
Traceback (most recent call last):
  File "C:\Users\T.SHIGARAKI\Desktop\Projet-Bibliotheque\Projet-bibliotheque-admin\venv_admin\Lib\site-packages\django\core\handlers\exception.py", line 55, in inner
    response = get_response(request)
  File "C:\Users\T.SHIGARAKI\Desktop\Projet-Bibliotheque\Projet-bibliotheque-admin\venv_admin\Lib\site-packages\django\core\handlers\base.py", line 197, in _get_response
    response = wrapped_callback(request, *callback_args, **callback_kwargs)
  File "C:\Users\T.SHIGARAKI\Desktop\Projet-Bibliotheque\Projet-bibliotheque-admin\books\views.py", line 301, in search_view
    return render(request, 'books/search_books_for_users.html', context)
  File "C:\Users\T.SHIGARAKI\Desktop\Projet-Bibliotheque\Projet-bibliotheque-admin\venv_admin\Lib\site-packages\django\shortcuts.py", line 25, in render
    content = loader.render_to_string(template_name, context, request, using=using)
  File "C:\Users\T.SHIGARAKI\Desktop\Projet-Bibliotheque\Projet-bibliotheque-admin\venv_admin\Lib\site-packages\django\template\loader.py", line 61, in render_to_string
    template = get_template(template_name, using=using)
  File "C:\Users\T.SHIGARAKI\Desktop\Projet-Bibliotheque\Projet-bibliotheque-admin\venv_admin\Lib\site-packages\django\template\loader.py", line 19, in get_template
    raise TemplateDoesNotExist(template_name, chain=chain)
django.template.exceptions.TemplateDoesNotExist: books/search_books_for_users.html
C:\Users\T.SHIGARAKI\Desktop\Projet-Bibliotheque\Projet-bibliotheque-admin\books\views.py changed, reloading.
Watching for file changes with StatReloader
Internal Server Error: /books/search/
Traceback (most recent call last):
  File "C:\Users\T.SHIGARAKI\Desktop\Projet-Bibliotheque\Projet-bibliotheque-admin\venv_admin\Lib\site-packages\django\core\handlers\exception.py", line 55, in inner
    response = get_response(request)
  File "C:\Users\T.SHIGARAKI\Desktop\Projet-Bibliotheque\Projet-bibliotheque-admin\venv_admin\Lib\site-packages\django\core\handlers\base.py", line 197, in _get_response
    response = wrapped_callback(request, *callback_args, **callback_kwargs)
  File "C:\Users\T.SHIGARAKI\Desktop\Projet-Bibliotheque\Projet-bibliotheque-admin\books\views.py", line 301, in search_view
    return render(request, 'books/search_books_for_standard_users.html', context)
  File "C:\Users\T.SHIGARAKI\Desktop\Projet-Bibliotheque\Projet-bibliotheque-admin\venv_admin\Lib\site-packages\django\shortcuts.py", line 25, in render
    content = loader.render_to_string(template_name, context, request, using=using)
  File "C:\Users\T.SHIGARAKI\Desktop\Projet-Bibliotheque\Projet-bibliotheque-admin\venv_admin\Lib\site-packages\django\template\loader.py", line 62, in render_to_string
    return template.render(context, request)
           ~~~~~~~~~~~~~~~^^^^^^^^^^^^^^^^^^
  File "C:\Users\T.SHIGARAKI\Desktop\Projet-Bibliotheque\Projet-bibliotheque-admin\venv_admin\Lib\site-packages\django\template\backends\django.py", line 107, in render
    return self.template.render(context)
           ~~~~~~~~~~~~~~~~~~~~^^^^^^^^^
  File "C:\Users\T.SHIGARAKI\Desktop\Projet-Bibliotheque\Projet-bibliotheque-admin\venv_admin\Lib\site-packages\django\template\base.py", line 171, in render
    return self._render(context)
           ~~~~~~~~~~~~^^^^^^^^^
  File "C:\Users\T.SHIGARAKI\Desktop\Projet-Bibliotheque\Projet-bibliotheque-admin\venv_admin\Lib\site-packages\django\template\base.py", line 163, in _render
    return self.nodelist.render(context)
           ~~~~~~~~~~~~~~~~~~~~^^^^^^^^^
  File "C:\Users\T.SHIGARAKI\Desktop\Projet-Bibliotheque\Projet-bibliotheque-admin\venv_admin\Lib\site-packages\django\template\base.py", line 1016, in render
    return SafeString("".join([node.render_annotated(context) for node in self]))
                               ~~~~~~~~~~~~~~~~~~~~~^^^^^^^^^
  File "C:\Users\T.SHIGARAKI\Desktop\Projet-Bibliotheque\Projet-bibliotheque-admin\venv_admin\Lib\site-packages\django\template\base.py", line 977, in render_annotated
    return self.render(context)
           ~~~~~~~~~~~^^^^^^^^^
  File "C:\Users\T.SHIGARAKI\Desktop\Projet-Bibliotheque\Projet-bibliotheque-admin\venv_admin\Lib\site-packages\django\template\loader_tags.py", line 159, in render
    return compiled_parent._render(context)
           ~~~~~~~~~~~~~~~~~~~~~~~^^^^^^^^^
  File "C:\Users\T.SHIGARAKI\Desktop\Projet-Bibliotheque\Projet-bibliotheque-admin\venv_admin\Lib\site-packages\django\template\base.py", line 163, in _render
    return self.nodelist.render(context)
           ~~~~~~~~~~~~~~~~~~~~^^^^^^^^^
  File "C:\Users\T.SHIGARAKI\Desktop\Projet-Bibliotheque\Projet-bibliotheque-admin\venv_admin\Lib\site-packages\django\template\base.py", line 1016, in render
    return SafeString("".join([node.render_annotated(context) for node in self]))
                               ~~~~~~~~~~~~~~~~~~~~~^^^^^^^^^
  File "C:\Users\T.SHIGARAKI\Desktop\Projet-Bibliotheque\Projet-bibliotheque-admin\venv_admin\Lib\site-packages\django\template\base.py", line 977, in render_annotated
    return self.render(context)
           ~~~~~~~~~~~^^^^^^^^^
  File "C:\Users\T.SHIGARAKI\Desktop\Projet-Bibliotheque\Projet-bibliotheque-admin\venv_admin\Lib\site-packages\django\template\loader_tags.py", line 65, in render
    result = block.nodelist.render(context)
  File "C:\Users\T.SHIGARAKI\Desktop\Projet-Bibliotheque\Projet-bibliotheque-admin\venv_admin\Lib\site-packages\django\template\base.py", line 1016, in render
    return SafeString("".join([node.render_annotated(context) for node in self]))
                               ~~~~~~~~~~~~~~~~~~~~~^^^^^^^^^
  File "C:\Users\T.SHIGARAKI\Desktop\Projet-Bibliotheque\Projet-bibliotheque-admin\venv_admin\Lib\site-packages\django\template\base.py", line 977, in render_annotated
    return self.render(context)
           ~~~~~~~~~~~^^^^^^^^^
  File "C:\Users\T.SHIGARAKI\Desktop\Projet-Bibliotheque\Projet-bibliotheque-admin\venv_admin\Lib\site-packages\django\template\defaulttags.py", line 327, in render
    return nodelist.render(context)
           ~~~~~~~~~~~~~~~^^^^^^^^^
  File "C:\Users\T.SHIGARAKI\Desktop\Projet-Bibliotheque\Projet-bibliotheque-admin\venv_admin\Lib\site-packages\django\template\base.py", line 1016, in render
    return SafeString("".join([node.render_annotated(context) for node in self]))
                               ~~~~~~~~~~~~~~~~~~~~~^^^^^^^^^
  File "C:\Users\T.SHIGARAKI\Desktop\Projet-Bibliotheque\Projet-bibliotheque-admin\venv_admin\Lib\site-packages\django\template\base.py", line 977, in render_annotated
    return self.render(context)
           ~~~~~~~~~~~^^^^^^^^^
  File "C:\Users\T.SHIGARAKI\Desktop\Projet-Bibliotheque\Projet-bibliotheque-admin\venv_admin\Lib\site-packages\django\template\defaulttags.py", line 480, in render
    url = reverse(view_name, args=args, kwargs=kwargs, current_app=current_app)
  File "C:\Users\T.SHIGARAKI\Desktop\Projet-Bibliotheque\Projet-bibliotheque-admin\venv_admin\Lib\site-packages\django\urls\base.py", line 98, in reverse
    resolved_url = resolver._reverse_with_prefix(view, prefix, *args, **kwargs)
  File "C:\Users\T.SHIGARAKI\Desktop\Projet-Bibliotheque\Projet-bibliotheque-admin\venv_admin\Lib\site-packages\django\urls\resolvers.py", line 831, in _reverse_with_prefix
    raise NoReverseMatch(msg)
django.urls.exceptions.NoReverseMatch: Reverse for 'toggle_favorite' not found. 'toggle_favorite' is not a valid view function or pattern name.
Notification count: total=0
User logged in: admin_biblio, first_login=False
Notification count: total=0
Notification count: total=0
Notification count: total=0
Notification count: total=1
User logged in: esso.daniel001, first_login=False
Notification count: total=0
Notification count: total=0
Notification count: total=0
C:\Users\T.SHIGARAKI\Desktop\Projet-Bibliotheque\Projet-bibliotheque-admin\users\models.py changed, reloading.
Watching for file changes with StatReloader
Notification count: total=0
Internal Server Error: /books/favorites/
Traceback (most recent call last):
  File "C:\Users\T.SHIGARAKI\Desktop\Projet-Bibliotheque\Projet-bibliotheque-admin\venv_admin\Lib\site-packages\django\core\handlers\exception.py", line 55, in inner
    response = get_response(request)
  File "C:\Users\T.SHIGARAKI\Desktop\Projet-Bibliotheque\Projet-bibliotheque-admin\venv_admin\Lib\site-packages\django\core\handlers\base.py", line 197, in _get_response
    response = wrapped_callback(request, *callback_args, **callback_kwargs)
  File "C:\Users\T.SHIGARAKI\Desktop\Projet-Bibliotheque\Projet-bibliotheque-admin\venv_admin\Lib\site-packages\django\contrib\auth\decorators.py", line 59, in _view_wrapper
    return view_func(request, *args, **kwargs)
  File "C:\Users\T.SHIGARAKI\Desktop\Projet-Bibliotheque\Projet-bibliotheque-admin\books\views.py", line 355, in favorites_view
    return render(request, 'books/favorites.html', context)
  File "C:\Users\T.SHIGARAKI\Desktop\Projet-Bibliotheque\Projet-bibliotheque-admin\venv_admin\Lib\site-packages\django\shortcuts.py", line 25, in render
    content = loader.render_to_string(template_name, context, request, using=using)
  File "C:\Users\T.SHIGARAKI\Desktop\Projet-Bibliotheque\Projet-bibliotheque-admin\venv_admin\Lib\site-packages\django\template\loader.py", line 61, in render_to_string
    template = get_template(template_name, using=using)
  File "C:\Users\T.SHIGARAKI\Desktop\Projet-Bibliotheque\Projet-bibliotheque-admin\venv_admin\Lib\site-packages\django\template\loader.py", line 19, in get_template
    raise TemplateDoesNotExist(template_name, chain=chain)
django.template.exceptions.TemplateDoesNotExist: books/favorites.html
C:\Users\T.SHIGARAKI\Desktop\Projet-Bibliotheque\Projet-bibliotheque-admin\books\views.py changed, reloading.
Watching for file changes with StatReloader
Internal Server Error: /books/favorites/
Traceback (most recent call last):
  File "C:\Users\T.SHIGARAKI\Desktop\Projet-Bibliotheque\Projet-bibliotheque-admin\venv_admin\Lib\site-packages\django\core\handlers\exception.py", line 55, in inner
    response = get_response(request)
  File "C:\Users\T.SHIGARAKI\Desktop\Projet-Bibliotheque\Projet-bibliotheque-admin\venv_admin\Lib\site-packages\django\core\handlers\base.py", line 197, in _get_response
    response = wrapped_callback(request, *callback_args, **callback_kwargs)
  File "C:\Users\T.SHIGARAKI\Desktop\Projet-Bibliotheque\Projet-bibliotheque-admin\venv_admin\Lib\site-packages\django\contrib\auth\decorators.py", line 59, in _view_wrapper
    return view_func(request, *args, **kwargs)
  File "C:\Users\T.SHIGARAKI\Desktop\Projet-Bibliotheque\Projet-bibliotheque-admin\books\views.py", line 355, in favorites_view
    return render(request, 'books/favorites_books_for_users.html', context)
  File "C:\Users\T.SHIGARAKI\Desktop\Projet-Bibliotheque\Projet-bibliotheque-admin\venv_admin\Lib\site-packages\django\shortcuts.py", line 25, in render
    content = loader.render_to_string(template_name, context, request, using=using)
  File "C:\Users\T.SHIGARAKI\Desktop\Projet-Bibliotheque\Projet-bibliotheque-admin\venv_admin\Lib\site-packages\django\template\loader.py", line 62, in render_to_string
    return template.render(context, request)
           ~~~~~~~~~~~~~~~^^^^^^^^^^^^^^^^^^
  File "C:\Users\T.SHIGARAKI\Desktop\Projet-Bibliotheque\Projet-bibliotheque-admin\venv_admin\Lib\site-packages\django\template\backends\django.py", line 107, in render
    return self.template.render(context)
           ~~~~~~~~~~~~~~~~~~~~^^^^^^^^^
  File "C:\Users\T.SHIGARAKI\Desktop\Projet-Bibliotheque\Projet-bibliotheque-admin\venv_admin\Lib\site-packages\django\template\base.py", line 171, in render
    return self._render(context)
           ~~~~~~~~~~~~^^^^^^^^^
  File "C:\Users\T.SHIGARAKI\Desktop\Projet-Bibliotheque\Projet-bibliotheque-admin\venv_admin\Lib\site-packages\django\template\base.py", line 163, in _render
    return self.nodelist.render(context)
           ~~~~~~~~~~~~~~~~~~~~^^^^^^^^^
  File "C:\Users\T.SHIGARAKI\Desktop\Projet-Bibliotheque\Projet-bibliotheque-admin\venv_admin\Lib\site-packages\django\template\base.py", line 1016, in render
    return SafeString("".join([node.render_annotated(context) for node in self]))
                               ~~~~~~~~~~~~~~~~~~~~~^^^^^^^^^
  File "C:\Users\T.SHIGARAKI\Desktop\Projet-Bibliotheque\Projet-bibliotheque-admin\venv_admin\Lib\site-packages\django\template\base.py", line 977, in render_annotated
    return self.render(context)
           ~~~~~~~~~~~^^^^^^^^^
  File "C:\Users\T.SHIGARAKI\Desktop\Projet-Bibliotheque\Projet-bibliotheque-admin\venv_admin\Lib\site-packages\django\template\loader_tags.py", line 159, in render
    return compiled_parent._render(context)
           ~~~~~~~~~~~~~~~~~~~~~~~^^^^^^^^^
  File "C:\Users\T.SHIGARAKI\Desktop\Projet-Bibliotheque\Projet-bibliotheque-admin\venv_admin\Lib\site-packages\django\template\base.py", line 163, in _render
    return self.nodelist.render(context)
           ~~~~~~~~~~~~~~~~~~~~^^^^^^^^^
  File "C:\Users\T.SHIGARAKI\Desktop\Projet-Bibliotheque\Projet-bibliotheque-admin\venv_admin\Lib\site-packages\django\template\base.py", line 1016, in render
    return SafeString("".join([node.render_annotated(context) for node in self]))
                               ~~~~~~~~~~~~~~~~~~~~~^^^^^^^^^
  File "C:\Users\T.SHIGARAKI\Desktop\Projet-Bibliotheque\Projet-bibliotheque-admin\venv_admin\Lib\site-packages\django\template\base.py", line 977, in render_annotated
    return self.render(context)
           ~~~~~~~~~~~^^^^^^^^^
  File "C:\Users\T.SHIGARAKI\Desktop\Projet-Bibliotheque\Projet-bibliotheque-admin\venv_admin\Lib\site-packages\django\template\loader_tags.py", line 65, in render
    result = block.nodelist.render(context)
  File "C:\Users\T.SHIGARAKI\Desktop\Projet-Bibliotheque\Projet-bibliotheque-admin\venv_admin\Lib\site-packages\django\template\base.py", line 1016, in render
    return SafeString("".join([node.render_annotated(context) for node in self]))
                               ~~~~~~~~~~~~~~~~~~~~~^^^^^^^^^
  File "C:\Users\T.SHIGARAKI\Desktop\Projet-Bibliotheque\Projet-bibliotheque-admin\venv_admin\Lib\site-packages\django\template\base.py", line 977, in render_annotated
    return self.render(context)
           ~~~~~~~~~~~^^^^^^^^^
  File "C:\Users\T.SHIGARAKI\Desktop\Projet-Bibliotheque\Projet-bibliotheque-admin\venv_admin\Lib\site-packages\django\template\defaulttags.py", line 480, in render
    url = reverse(view_name, args=args, kwargs=kwargs, current_app=current_app)
  File "C:\Users\T.SHIGARAKI\Desktop\Projet-Bibliotheque\Projet-bibliotheque-admin\venv_admin\Lib\site-packages\django\urls\base.py", line 98, in reverse
    resolved_url = resolver._reverse_with_prefix(view, prefix, *args, **kwargs)
  File "C:\Users\T.SHIGARAKI\Desktop\Projet-Bibliotheque\Projet-bibliotheque-admin\venv_admin\Lib\site-packages\django\urls\resolvers.py", line 831, in _reverse_with_prefix
    raise NoReverseMatch(msg)
django.urls.exceptions.NoReverseMatch: Reverse for 'toggle_favorite' not found. 'toggle_favorite' is not a valid view function or pattern name.
C:\Users\T.SHIGARAKI\Desktop\Projet-Bibliotheque\Projet-bibliotheque-admin\books\views.py changed, reloading.
Watching for file changes with StatReloader
C:\Users\T.SHIGARAKI\Desktop\Projet-Bibliotheque\Projet-bibliotheque-admin\books\views.py changed, reloading.
Watching for file changes with StatReloader
Internal Server Error: /books/favorites/
Traceback (most recent call last):
  File "C:\Users\T.SHIGARAKI\Desktop\Projet-Bibliotheque\Projet-bibliotheque-admin\venv_admin\Lib\site-packages\django\core\handlers\exception.py", line 55, in inner
    response = get_response(request)
  File "C:\Users\T.SHIGARAKI\Desktop\Projet-Bibliotheque\Projet-bibliotheque-admin\venv_admin\Lib\site-packages\django\core\handlers\base.py", line 197, in _get_response
    response = wrapped_callback(request, *callback_args, **callback_kwargs)
  File "C:\Users\T.SHIGARAKI\Desktop\Projet-Bibliotheque\Projet-bibliotheque-admin\venv_admin\Lib\site-packages\django\contrib\auth\decorators.py", line 59, in _view_wrapper
    return view_func(request, *args, **kwargs)
  File "C:\Users\T.SHIGARAKI\Desktop\Projet-Bibliotheque\Projet-bibliotheque-admin\books\views.py", line 356, in favorites_view
    return render(request, 'books/favorites_books_for_users.html', context)
  File "C:\Users\T.SHIGARAKI\Desktop\Projet-Bibliotheque\Projet-bibliotheque-admin\venv_admin\Lib\site-packages\django\shortcuts.py", line 25, in render
    content = loader.render_to_string(template_name, context, request, using=using)
  File "C:\Users\T.SHIGARAKI\Desktop\Projet-Bibliotheque\Projet-bibliotheque-admin\venv_admin\Lib\site-packages\django\template\loader.py", line 62, in render_to_string
    return template.render(context, request)
           ~~~~~~~~~~~~~~~^^^^^^^^^^^^^^^^^^
  File "C:\Users\T.SHIGARAKI\Desktop\Projet-Bibliotheque\Projet-bibliotheque-admin\venv_admin\Lib\site-packages\django\template\backends\django.py", line 107, in render
    return self.template.render(context)
           ~~~~~~~~~~~~~~~~~~~~^^^^^^^^^
  File "C:\Users\T.SHIGARAKI\Desktop\Projet-Bibliotheque\Projet-bibliotheque-admin\venv_admin\Lib\site-packages\django\template\base.py", line 171, in render
    return self._render(context)
           ~~~~~~~~~~~~^^^^^^^^^
  File "C:\Users\T.SHIGARAKI\Desktop\Projet-Bibliotheque\Projet-bibliotheque-admin\venv_admin\Lib\site-packages\django\template\base.py", line 163, in _render
    return self.nodelist.render(context)
           ~~~~~~~~~~~~~~~~~~~~^^^^^^^^^
  File "C:\Users\T.SHIGARAKI\Desktop\Projet-Bibliotheque\Projet-bibliotheque-admin\venv_admin\Lib\site-packages\django\template\base.py", line 1016, in render
    return SafeString("".join([node.render_annotated(context) for node in self]))
                               ~~~~~~~~~~~~~~~~~~~~~^^^^^^^^^
  File "C:\Users\T.SHIGARAKI\Desktop\Projet-Bibliotheque\Projet-bibliotheque-admin\venv_admin\Lib\site-packages\django\template\base.py", line 977, in render_annotated
    return self.render(context)
           ~~~~~~~~~~~^^^^^^^^^
  File "C:\Users\T.SHIGARAKI\Desktop\Projet-Bibliotheque\Projet-bibliotheque-admin\venv_admin\Lib\site-packages\django\template\loader_tags.py", line 159, in render
    return compiled_parent._render(context)
           ~~~~~~~~~~~~~~~~~~~~~~~^^^^^^^^^
  File "C:\Users\T.SHIGARAKI\Desktop\Projet-Bibliotheque\Projet-bibliotheque-admin\venv_admin\Lib\site-packages\django\template\base.py", line 163, in _render
    return self.nodelist.render(context)
           ~~~~~~~~~~~~~~~~~~~~^^^^^^^^^
  File "C:\Users\T.SHIGARAKI\Desktop\Projet-Bibliotheque\Projet-bibliotheque-admin\venv_admin\Lib\site-packages\django\template\base.py", line 1016, in render
    return SafeString("".join([node.render_annotated(context) for node in self]))
                               ~~~~~~~~~~~~~~~~~~~~~^^^^^^^^^
  File "C:\Users\T.SHIGARAKI\Desktop\Projet-Bibliotheque\Projet-bibliotheque-admin\venv_admin\Lib\site-packages\django\template\base.py", line 977, in render_annotated
    return self.render(context)
           ~~~~~~~~~~~^^^^^^^^^
  File "C:\Users\T.SHIGARAKI\Desktop\Projet-Bibliotheque\Projet-bibliotheque-admin\venv_admin\Lib\site-packages\django\template\loader_tags.py", line 65, in render
    result = block.nodelist.render(context)
  File "C:\Users\T.SHIGARAKI\Desktop\Projet-Bibliotheque\Projet-bibliotheque-admin\venv_admin\Lib\site-packages\django\template\base.py", line 1016, in render
    return SafeString("".join([node.render_annotated(context) for node in self]))
                               ~~~~~~~~~~~~~~~~~~~~~^^^^^^^^^
  File "C:\Users\T.SHIGARAKI\Desktop\Projet-Bibliotheque\Projet-bibliotheque-admin\venv_admin\Lib\site-packages\django\template\base.py", line 977, in render_annotated
    return self.render(context)
           ~~~~~~~~~~~^^^^^^^^^
  File "C:\Users\T.SHIGARAKI\Desktop\Projet-Bibliotheque\Projet-bibliotheque-admin\venv_admin\Lib\site-packages\django\template\defaulttags.py", line 480, in render
    url = reverse(view_name, args=args, kwargs=kwargs, current_app=current_app)
  File "C:\Users\T.SHIGARAKI\Desktop\Projet-Bibliotheque\Projet-bibliotheque-admin\venv_admin\Lib\site-packages\django\urls\base.py", line 98, in reverse
    resolved_url = resolver._reverse_with_prefix(view, prefix, *args, **kwargs)
  File "C:\Users\T.SHIGARAKI\Desktop\Projet-Bibliotheque\Projet-bibliotheque-admin\venv_admin\Lib\site-packages\django\urls\resolvers.py", line 831, in _reverse_with_prefix
    raise NoReverseMatch(msg)
django.urls.exceptions.NoReverseMatch: Reverse for 'toggle_favorite' not found. 'toggle_favorite' is not a valid view function or pattern name.
Internal Server Error: /books/favorites/
Traceback (most recent call last):
  File "C:\Users\T.SHIGARAKI\Desktop\Projet-Bibliotheque\Projet-bibliotheque-admin\venv_admin\Lib\site-packages\django\core\handlers\exception.py", line 55, in inner
    response = get_response(request)
  File "C:\Users\T.SHIGARAKI\Desktop\Projet-Bibliotheque\Projet-bibliotheque-admin\venv_admin\Lib\site-packages\django\core\handlers\base.py", line 197, in _get_response
    response = wrapped_callback(request, *callback_args, **callback_kwargs)
  File "C:\Users\T.SHIGARAKI\Desktop\Projet-Bibliotheque\Projet-bibliotheque-admin\venv_admin\Lib\site-packages\django\contrib\auth\decorators.py", line 59, in _view_wrapper
    return view_func(request, *args, **kwargs)
  File "C:\Users\T.SHIGARAKI\Desktop\Projet-Bibliotheque\Projet-bibliotheque-admin\books\views.py", line 356, in favorites_view
    return render(request, 'books/favorites_books_for_users.html', context)
  File "C:\Users\T.SHIGARAKI\Desktop\Projet-Bibliotheque\Projet-bibliotheque-admin\venv_admin\Lib\site-packages\django\shortcuts.py", line 25, in render
    content = loader.render_to_string(template_name, context, request, using=using)
  File "C:\Users\T.SHIGARAKI\Desktop\Projet-Bibliotheque\Projet-bibliotheque-admin\venv_admin\Lib\site-packages\django\template\loader.py", line 62, in render_to_string
    return template.render(context, request)
           ~~~~~~~~~~~~~~~^^^^^^^^^^^^^^^^^^
  File "C:\Users\T.SHIGARAKI\Desktop\Projet-Bibliotheque\Projet-bibliotheque-admin\venv_admin\Lib\site-packages\django\template\backends\django.py", line 107, in render
    return self.template.render(context)
           ~~~~~~~~~~~~~~~~~~~~^^^^^^^^^
  File "C:\Users\T.SHIGARAKI\Desktop\Projet-Bibliotheque\Projet-bibliotheque-admin\venv_admin\Lib\site-packages\django\template\base.py", line 171, in render
    return self._render(context)
           ~~~~~~~~~~~~^^^^^^^^^
  File "C:\Users\T.SHIGARAKI\Desktop\Projet-Bibliotheque\Projet-bibliotheque-admin\venv_admin\Lib\site-packages\django\template\base.py", line 163, in _render
    return self.nodelist.render(context)
           ~~~~~~~~~~~~~~~~~~~~^^^^^^^^^
  File "C:\Users\T.SHIGARAKI\Desktop\Projet-Bibliotheque\Projet-bibliotheque-admin\venv_admin\Lib\site-packages\django\template\base.py", line 1016, in render
    return SafeString("".join([node.render_annotated(context) for node in self]))
                               ~~~~~~~~~~~~~~~~~~~~~^^^^^^^^^
  File "C:\Users\T.SHIGARAKI\Desktop\Projet-Bibliotheque\Projet-bibliotheque-admin\venv_admin\Lib\site-packages\django\template\base.py", line 977, in render_annotated
    return self.render(context)
           ~~~~~~~~~~~^^^^^^^^^
  File "C:\Users\T.SHIGARAKI\Desktop\Projet-Bibliotheque\Projet-bibliotheque-admin\venv_admin\Lib\site-packages\django\template\loader_tags.py", line 159, in render
    return compiled_parent._render(context)
           ~~~~~~~~~~~~~~~~~~~~~~~^^^^^^^^^
  File "C:\Users\T.SHIGARAKI\Desktop\Projet-Bibliotheque\Projet-bibliotheque-admin\venv_admin\Lib\site-packages\django\template\base.py", line 163, in _render
    return self.nodelist.render(context)
           ~~~~~~~~~~~~~~~~~~~~^^^^^^^^^
  File "C:\Users\T.SHIGARAKI\Desktop\Projet-Bibliotheque\Projet-bibliotheque-admin\venv_admin\Lib\site-packages\django\template\base.py", line 1016, in render
    return SafeString("".join([node.render_annotated(context) for node in self]))
                               ~~~~~~~~~~~~~~~~~~~~~^^^^^^^^^
  File "C:\Users\T.SHIGARAKI\Desktop\Projet-Bibliotheque\Projet-bibliotheque-admin\venv_admin\Lib\site-packages\django\template\base.py", line 977, in render_annotated
    return self.render(context)
           ~~~~~~~~~~~^^^^^^^^^
  File "C:\Users\T.SHIGARAKI\Desktop\Projet-Bibliotheque\Projet-bibliotheque-admin\venv_admin\Lib\site-packages\django\template\loader_tags.py", line 65, in render
    result = block.nodelist.render(context)
  File "C:\Users\T.SHIGARAKI\Desktop\Projet-Bibliotheque\Projet-bibliotheque-admin\venv_admin\Lib\site-packages\django\template\base.py", line 1016, in render
    return SafeString("".join([node.render_annotated(context) for node in self]))
                               ~~~~~~~~~~~~~~~~~~~~~^^^^^^^^^
  File "C:\Users\T.SHIGARAKI\Desktop\Projet-Bibliotheque\Projet-bibliotheque-admin\venv_admin\Lib\site-packages\django\template\base.py", line 977, in render_annotated
    return self.render(context)
           ~~~~~~~~~~~^^^^^^^^^
  File "C:\Users\T.SHIGARAKI\Desktop\Projet-Bibliotheque\Projet-bibliotheque-admin\venv_admin\Lib\site-packages\django\template\defaulttags.py", line 480, in render
    url = reverse(view_name, args=args, kwargs=kwargs, current_app=current_app)
  File "C:\Users\T.SHIGARAKI\Desktop\Projet-Bibliotheque\Projet-bibliotheque-admin\venv_admin\Lib\site-packages\django\urls\base.py", line 98, in reverse
    resolved_url = resolver._reverse_with_prefix(view, prefix, *args, **kwargs)
  File "C:\Users\T.SHIGARAKI\Desktop\Projet-Bibliotheque\Projet-bibliotheque-admin\venv_admin\Lib\site-packages\django\urls\resolvers.py", line 831, in _reverse_with_prefix
    raise NoReverseMatch(msg)
django.urls.exceptions.NoReverseMatch: Reverse for 'toggle_favorite' not found. 'toggle_favorite' is not a valid view function or pattern name.
C:\Users\T.SHIGARAKI\Desktop\Projet-Bibliotheque\Projet-bibliotheque-admin\books\urls.py changed, reloading.
Watching for file changes with StatReloader
Internal Server Error: /books/home/
Traceback (most recent call last):
  File "C:\Users\T.SHIGARAKI\Desktop\Projet-Bibliotheque\Projet-bibliotheque-admin\venv_admin\Lib\site-packages\django\core\handlers\exception.py", line 55, in inner
    response = get_response(request)
  File "C:\Users\T.SHIGARAKI\Desktop\Projet-Bibliotheque\Projet-bibliotheque-admin\venv_admin\Lib\site-packages\django\core\handlers\base.py", line 197, in _get_response
    response = wrapped_callback(request, *callback_args, **callback_kwargs)
  File "C:\Users\T.SHIGARAKI\Desktop\Projet-Bibliotheque\Projet-bibliotheque-admin\venv_admin\Lib\site-packages\django\contrib\auth\decorators.py", line 59, in _view_wrapper
    return view_func(request, *args, **kwargs)
  File "C:\Users\T.SHIGARAKI\Desktop\Projet-Bibliotheque\Projet-bibliotheque-admin\books\views.py", line 372, in home
    if not request.user.is_authenticated or not request.user.is_standard_user:
                                                ^^^^^^^^^^^^^^^^^^^^^^^^^^^^^
  File "C:\Users\T.SHIGARAKI\Desktop\Projet-Bibliotheque\Projet-bibliotheque-admin\venv_admin\Lib\site-packages\django\utils\functional.py", line 253, in inner
    return func(_wrapped, *args)
AttributeError: 'CustomUser' object has no attribute 'is_standard_user'
C:\Users\T.SHIGARAKI\Desktop\Projet-Bibliotheque\Projet-bibliotheque-admin\books\views.py changed, reloading.
Watching for file changes with StatReloader
C:\Users\T.SHIGARAKI\Desktop\Projet-Bibliotheque\Projet-bibliotheque-admin\books\views.py changed, reloading.
Watching for file changes with StatReloader
Notification count: total=0
C:\Users\T.SHIGARAKI\Desktop\Projet-Bibliotheque\Projet-bibliotheque-admin\books\views.py changed, reloading.
Watching for file changes with StatReloader
C:\Users\T.SHIGARAKI\Desktop\Projet-Bibliotheque\Projet-bibliotheque-admin\books\views.py changed, reloading.
Watching for file changes with StatReloader
Notification count: total=0
Notification count: total=0
Notification count: total=0
Notification count: total=0
Watching for file changes with StatReloader
Notification count: total=0
Notification count: total=0
Notification count: total=0
Notification count: total=0
Notification count: total=0
Notification count: total=0
Notification count: total=0
Internal Server Error: /books/epreuves/
Traceback (most recent call last):
  File "C:\Users\T.SHIGARAKI\Desktop\Projet-Bibliotheque\Projet-bibliotheque-admin\venv_admin\Lib\site-packages\django\core\handlers\exception.py", line 55, in inner
    response = get_response(request)
  File "C:\Users\T.SHIGARAKI\Desktop\Projet-Bibliotheque\Projet-bibliotheque-admin\venv_admin\Lib\site-packages\django\core\handlers\base.py", line 197, in _get_response
    response = wrapped_callback(request, *callback_args, **callback_kwargs)
  File "C:\Users\T.SHIGARAKI\Desktop\Projet-Bibliotheque\Projet-bibliotheque-admin\venv_admin\Lib\site-packages\django\contrib\auth\decorators.py", line 59, in _view_wrapper
    return view_func(request, *args, **kwargs)
  File "C:\Users\T.SHIGARAKI\Desktop\Projet-Bibliotheque\Projet-bibliotheque-admin\books\views.py", line 328, in epreuves_view
    return render(request, 'books/epreuves.html', context)
  File "C:\Users\T.SHIGARAKI\Desktop\Projet-Bibliotheque\Projet-bibliotheque-admin\venv_admin\Lib\site-packages\django\shortcuts.py", line 25, in render
    content = loader.render_to_string(template_name, context, request, using=using)
  File "C:\Users\T.SHIGARAKI\Desktop\Projet-Bibliotheque\Projet-bibliotheque-admin\venv_admin\Lib\site-packages\django\template\loader.py", line 61, in render_to_string
    template = get_template(template_name, using=using)
  File "C:\Users\T.SHIGARAKI\Desktop\Projet-Bibliotheque\Projet-bibliotheque-admin\venv_admin\Lib\site-packages\django\template\loader.py", line 19, in get_template
    raise TemplateDoesNotExist(template_name, chain=chain)
django.template.exceptions.TemplateDoesNotExist: books/epreuves.html
Watching for file changes with StatReloader
Notification count: total=0
Notification count: total=0
Internal Server Error: /books/new-arrivals/
Traceback (most recent call last):
  File "C:\Users\T.SHIGARAKI\Desktop\Projet-Bibliotheque\Projet-bibliotheque-admin\venv_admin\Lib\site-packages\django\core\handlers\exception.py", line 55, in inner
    response = get_response(request)
  File "C:\Users\T.SHIGARAKI\Desktop\Projet-Bibliotheque\Projet-bibliotheque-admin\venv_admin\Lib\site-packages\django\core\handlers\base.py", line 197, in _get_response
    response = wrapped_callback(request, *callback_args, **callback_kwargs)
  File "C:\Users\T.SHIGARAKI\Desktop\Projet-Bibliotheque\Projet-bibliotheque-admin\venv_admin\Lib\site-packages\django\contrib\auth\decorators.py", line 59, in _view_wrapper
    return view_func(request, *args, **kwargs)
  File "C:\Users\T.SHIGARAKI\Desktop\Projet-Bibliotheque\Projet-bibliotheque-admin\books\views.py", line 315, in new_arrivals_view
    return render(request, 'books/new_arrivals.html', context)
  File "C:\Users\T.SHIGARAKI\Desktop\Projet-Bibliotheque\Projet-bibliotheque-admin\venv_admin\Lib\site-packages\django\shortcuts.py", line 25, in render
    content = loader.render_to_string(template_name, context, request, using=using)
  File "C:\Users\T.SHIGARAKI\Desktop\Projet-Bibliotheque\Projet-bibliotheque-admin\venv_admin\Lib\site-packages\django\template\loader.py", line 61, in render_to_string
    template = get_template(template_name, using=using)
  File "C:\Users\T.SHIGARAKI\Desktop\Projet-Bibliotheque\Projet-bibliotheque-admin\venv_admin\Lib\site-packages\django\template\loader.py", line 19, in get_template
    raise TemplateDoesNotExist(template_name, chain=chain)
django.template.exceptions.TemplateDoesNotExist: books/new_arrivals.html
Internal Server Error: /books/epreuves/
Traceback (most recent call last):
  File "C:\Users\T.SHIGARAKI\Desktop\Projet-Bibliotheque\Projet-bibliotheque-admin\venv_admin\Lib\site-packages\django\core\handlers\exception.py", line 55, in inner
    response = get_response(request)
  File "C:\Users\T.SHIGARAKI\Desktop\Projet-Bibliotheque\Projet-bibliotheque-admin\venv_admin\Lib\site-packages\django\core\handlers\base.py", line 197, in _get_response
    response = wrapped_callback(request, *callback_args, **callback_kwargs)
  File "C:\Users\T.SHIGARAKI\Desktop\Projet-Bibliotheque\Projet-bibliotheque-admin\venv_admin\Lib\site-packages\django\contrib\auth\decorators.py", line 59, in _view_wrapper
    return view_func(request, *args, **kwargs)
  File "C:\Users\T.SHIGARAKI\Desktop\Projet-Bibliotheque\Projet-bibliotheque-admin\books\views.py", line 328, in epreuves_view
    return render(request, 'books/epreuves.html', context)
  File "C:\Users\T.SHIGARAKI\Desktop\Projet-Bibliotheque\Projet-bibliotheque-admin\venv_admin\Lib\site-packages\django\shortcuts.py", line 25, in render
    content = loader.render_to_string(template_name, context, request, using=using)
  File "C:\Users\T.SHIGARAKI\Desktop\Projet-Bibliotheque\Projet-bibliotheque-admin\venv_admin\Lib\site-packages\django\template\loader.py", line 61, in render_to_string
    template = get_template(template_name, using=using)
  File "C:\Users\T.SHIGARAKI\Desktop\Projet-Bibliotheque\Projet-bibliotheque-admin\venv_admin\Lib\site-packages\django\template\loader.py", line 19, in get_template
    raise TemplateDoesNotExist(template_name, chain=chain)
django.template.exceptions.TemplateDoesNotExist: books/epreuves.html
Internal Server Error: /books/documents/
Traceback (most recent call last):
  File "C:\Users\T.SHIGARAKI\Desktop\Projet-Bibliotheque\Projet-bibliotheque-admin\venv_admin\Lib\site-packages\django\core\handlers\exception.py", line 55, in inner
    response = get_response(request)
  File "C:\Users\T.SHIGARAKI\Desktop\Projet-Bibliotheque\Projet-bibliotheque-admin\venv_admin\Lib\site-packages\django\core\handlers\base.py", line 197, in _get_response
    response = wrapped_callback(request, *callback_args, **callback_kwargs)
  File "C:\Users\T.SHIGARAKI\Desktop\Projet-Bibliotheque\Projet-bibliotheque-admin\venv_admin\Lib\site-packages\django\contrib\auth\decorators.py", line 59, in _view_wrapper
    return view_func(request, *args, **kwargs)
  File "C:\Users\T.SHIGARAKI\Desktop\Projet-Bibliotheque\Projet-bibliotheque-admin\books\views.py", line 341, in documents_view
    return render(request, 'books/documents.html', context)
  File "C:\Users\T.SHIGARAKI\Desktop\Projet-Bibliotheque\Projet-bibliotheque-admin\venv_admin\Lib\site-packages\django\shortcuts.py", line 25, in render
    content = loader.render_to_string(template_name, context, request, using=using)
  File "C:\Users\T.SHIGARAKI\Desktop\Projet-Bibliotheque\Projet-bibliotheque-admin\venv_admin\Lib\site-packages\django\template\loader.py", line 61, in render_to_string
    template = get_template(template_name, using=using)
  File "C:\Users\T.SHIGARAKI\Desktop\Projet-Bibliotheque\Projet-bibliotheque-admin\venv_admin\Lib\site-packages\django\template\loader.py", line 19, in get_template
    raise TemplateDoesNotExist(template_name, chain=chain)
django.template.exceptions.TemplateDoesNotExist: books/documents.html
Watching for file changes with StatReloader
Not Found: /favicon.ico
Internal Server Error: /users/login/
Traceback (most recent call last):
  File "C:\Users\T.SHIGARAKI\Desktop\Projet-Bibliotheque\Projet-bibliotheque-admin\venv_admin\Lib\site-packages\django\template\base.py", line 510, in parse
    compile_func = self.tags[command]
                   ~~~~~~~~~^^^^^^^^^
KeyError: 'static'

During handling of the above exception, another exception occurred:

Traceback (most recent call last):
  File "C:\Users\T.SHIGARAKI\Desktop\Projet-Bibliotheque\Projet-bibliotheque-admin\venv_admin\Lib\site-packages\django\core\handlers\exception.py", line 55, in inner
    response = get_response(request)
  File "C:\Users\T.SHIGARAKI\Desktop\Projet-Bibliotheque\Projet-bibliotheque-admin\venv_admin\Lib\site-packages\django\core\handlers\base.py", line 197, in _get_response
    response = wrapped_callback(request, *callback_args, **callback_kwargs)
  File "C:\Users\T.SHIGARAKI\Desktop\Projet-Bibliotheque\Projet-bibliotheque-admin\users\views.py", line 60, in login_view
    return render(request, 'users/login.html', {'form': form})
  File "C:\Users\T.SHIGARAKI\Desktop\Projet-Bibliotheque\Projet-bibliotheque-admin\venv_admin\Lib\site-packages\django\shortcuts.py", line 25, in render
    content = loader.render_to_string(template_name, context, request, using=using)
  File "C:\Users\T.SHIGARAKI\Desktop\Projet-Bibliotheque\Projet-bibliotheque-admin\venv_admin\Lib\site-packages\django\template\loader.py", line 61, in render_to_string
    template = get_template(template_name, using=using)
  File "C:\Users\T.SHIGARAKI\Desktop\Projet-Bibliotheque\Projet-bibliotheque-admin\venv_admin\Lib\site-packages\django\template\loader.py", line 15, in get_template
    return engine.get_template(template_name)
           ~~~~~~~~~~~~~~~~~~~^^^^^^^^^^^^^^^
  File "C:\Users\T.SHIGARAKI\Desktop\Projet-Bibliotheque\Projet-bibliotheque-admin\venv_admin\Lib\site-packages\django\template\backends\django.py", line 79, in get_template
    return Template(self.engine.get_template(template_name), self)
                    ~~~~~~~~~~~~~~~~~~~~~~~~^^^^^^^^^^^^^^^
  File "C:\Users\T.SHIGARAKI\Desktop\Projet-Bibliotheque\Projet-bibliotheque-admin\venv_admin\Lib\site-packages\django\template\engine.py", line 177, in get_template
    template, origin = self.find_template(template_name)
                       ~~~~~~~~~~~~~~~~~~^^^^^^^^^^^^^^^
  File "C:\Users\T.SHIGARAKI\Desktop\Projet-Bibliotheque\Projet-bibliotheque-admin\venv_admin\Lib\site-packages\django\template\engine.py", line 159, in find_template
    template = loader.get_template(name, skip=skip)
  File "C:\Users\T.SHIGARAKI\Desktop\Projet-Bibliotheque\Projet-bibliotheque-admin\venv_admin\Lib\site-packages\django\template\loaders\cached.py", line 57, in get_template
    template = super().get_template(template_name, skip)
  File "C:\Users\T.SHIGARAKI\Desktop\Projet-Bibliotheque\Projet-bibliotheque-admin\venv_admin\Lib\site-packages\django\template\loaders\base.py", line 28, in get_template
    return Template(
        contents,
    ...<2 lines>...
        self.engine,
    )
  File "C:\Users\T.SHIGARAKI\Desktop\Projet-Bibliotheque\Projet-bibliotheque-admin\venv_admin\Lib\site-packages\django\template\base.py", line 154, in __init__
    self.nodelist = self.compile_nodelist()
                    ~~~~~~~~~~~~~~~~~~~~~^^
  File "C:\Users\T.SHIGARAKI\Desktop\Projet-Bibliotheque\Projet-bibliotheque-admin\venv_admin\Lib\site-packages\django\template\base.py", line 196, in compile_nodelist
    nodelist = parser.parse()
  File "C:\Users\T.SHIGARAKI\Desktop\Projet-Bibliotheque\Projet-bibliotheque-admin\venv_admin\Lib\site-packages\django\template\base.py", line 512, in parse
    self.invalid_block_tag(token, command, parse_until)
    ~~~~~~~~~~~~~~~~~~~~~~^^^^^^^^^^^^^^^^^^^^^^^^^^^^^
  File "C:\Users\T.SHIGARAKI\Desktop\Projet-Bibliotheque\Projet-bibliotheque-admin\venv_admin\Lib\site-packages\django\template\base.py", line 577, in invalid_block_tag
    raise self.error(
    ...<3 lines>...
    )
django.template.exceptions.TemplateSyntaxError: Invalid block tag on line 7: 'static'. Did you forget to register or load this tag?
User logged in: esso.daniel001, first_login=False
Notification count: total=0
Notification count: total=0
Notification count: total=0
Notification count: total=0
Notification count: total=0
Internal Server Error: /notifications/
Traceback (most recent call last):
  File "C:\Users\T.SHIGARAKI\Desktop\Projet-Bibliotheque\Projet-bibliotheque-admin\venv_admin\Lib\site-packages\django\core\handlers\exception.py", line 55, in inner
    response = get_response(request)
  File "C:\Users\T.SHIGARAKI\Desktop\Projet-Bibliotheque\Projet-bibliotheque-admin\venv_admin\Lib\site-packages\django\core\handlers\base.py", line 197, in _get_response
    response = wrapped_callback(request, *callback_args, **callback_kwargs)
  File "C:\Users\T.SHIGARAKI\Desktop\Projet-Bibliotheque\Projet-bibliotheque-admin\venv_admin\Lib\site-packages\django\contrib\auth\decorators.py", line 59, in _view_wrapper
    return view_func(request, *args, **kwargs)
  File "C:\Users\T.SHIGARAKI\Desktop\Projet-Bibliotheque\Projet-bibliotheque-admin\notifications\views.py", line 14, in notifications
    return redirect('login')
  File "C:\Users\T.SHIGARAKI\Desktop\Projet-Bibliotheque\Projet-bibliotheque-admin\venv_admin\Lib\site-packages\django\shortcuts.py", line 51, in redirect
    resolve_url(to, *args, **kwargs),
    ~~~~~~~~~~~^^^^^^^^^^^^^^^^^^^^^
  File "C:\Users\T.SHIGARAKI\Desktop\Projet-Bibliotheque\Projet-bibliotheque-admin\venv_admin\Lib\site-packages\django\shortcuts.py", line 184, in resolve_url
    return reverse(to, args=args, kwargs=kwargs)
  File "C:\Users\T.SHIGARAKI\Desktop\Projet-Bibliotheque\Projet-bibliotheque-admin\venv_admin\Lib\site-packages\django\urls\base.py", line 98, in reverse
    resolved_url = resolver._reverse_with_prefix(view, prefix, *args, **kwargs)
  File "C:\Users\T.SHIGARAKI\Desktop\Projet-Bibliotheque\Projet-bibliotheque-admin\venv_admin\Lib\site-packages\django\urls\resolvers.py", line 831, in _reverse_with_prefix
    raise NoReverseMatch(msg)
django.urls.exceptions.NoReverseMatch: Reverse for 'login' not found. 'login' is not a valid view function or pattern name.
Notification count: total=0
Notification count: total=0
Notification count: total=0
Notification count: total=0
User logged in: admin_biblio, first_login=False
Notification count: total=1
Notification count: total=1
Notification count: total=1
Notification count: total=1
Notification count: total=1
User logged in: esso.daniel001, first_login=False
Internal Server Error: /books/documents/
Traceback (most recent call last):
  File "C:\Users\T.SHIGARAKI\Desktop\Projet-Bibliotheque\Projet-bibliotheque-admin\venv_admin\Lib\site-packages\django\core\handlers\exception.py", line 55, in inner
    response = get_response(request)
  File "C:\Users\T.SHIGARAKI\Desktop\Projet-Bibliotheque\Projet-bibliotheque-admin\venv_admin\Lib\site-packages\django\core\handlers\base.py", line 197, in _get_response
    response = wrapped_callback(request, *callback_args, **callback_kwargs)
  File "C:\Users\T.SHIGARAKI\Desktop\Projet-Bibliotheque\Projet-bibliotheque-admin\venv_admin\Lib\site-packages\django\contrib\auth\decorators.py", line 59, in _view_wrapper
    return view_func(request, *args, **kwargs)
  File "C:\Users\T.SHIGARAKI\Desktop\Projet-Bibliotheque\Projet-bibliotheque-admin\books\views.py", line 341, in documents_view
    return render(request, 'books/documents.html', context)
  File "C:\Users\T.SHIGARAKI\Desktop\Projet-Bibliotheque\Projet-bibliotheque-admin\venv_admin\Lib\site-packages\django\shortcuts.py", line 25, in render
    content = loader.render_to_string(template_name, context, request, using=using)
  File "C:\Users\T.SHIGARAKI\Desktop\Projet-Bibliotheque\Projet-bibliotheque-admin\venv_admin\Lib\site-packages\django\template\loader.py", line 61, in render_to_string
    template = get_template(template_name, using=using)
  File "C:\Users\T.SHIGARAKI\Desktop\Projet-Bibliotheque\Projet-bibliotheque-admin\venv_admin\Lib\site-packages\django\template\loader.py", line 19, in get_template
    raise TemplateDoesNotExist(template_name, chain=chain)
django.template.exceptions.TemplateDoesNotExist: books/documents.html
C:\Users\T.SHIGARAKI\Desktop\Projet-Bibliotheque\Projet-bibliotheque-admin\books\views.py changed, reloading.
Watching for file changes with StatReloader
User logged in: admin_biblio, first_login=False
Notification count: total=1
Notification count: total=1
Notification count: total=1
Notification count: total=1
Notification count: total=1
Notification count: total=1
Notification count: total=1
Notification count: total=1
Notification count: total=1
Internal Server Error: /books/add-document/td/L2/
Traceback (most recent call last):
  File "C:\Users\T.SHIGARAKI\Desktop\Projet-Bibliotheque\Projet-bibliotheque-admin\venv_admin\Lib\site-packages\django\core\handlers\exception.py", line 55, in inner
    response = get_response(request)
  File "C:\Users\T.SHIGARAKI\Desktop\Projet-Bibliotheque\Projet-bibliotheque-admin\venv_admin\Lib\site-packages\django\core\handlers\base.py", line 197, in _get_response
    response = wrapped_callback(request, *callback_args, **callback_kwargs)
  File "C:\Users\T.SHIGARAKI\Desktop\Projet-Bibliotheque\Projet-bibliotheque-admin\venv_admin\Lib\site-packages\django\contrib\auth\decorators.py", line 59, in _view_wrapper
    return view_func(request, *args, **kwargs)
  File "C:\Users\T.SHIGARAKI\Desktop\Projet-Bibliotheque\Projet-bibliotheque-admin\books\views.py", line 225, in add_document
    document.save()
    ~~~~~~~~~~~~~^^
  File "C:\Users\T.SHIGARAKI\Desktop\Projet-Bibliotheque\Projet-bibliotheque-admin\venv_admin\Lib\site-packages\django\db\models\base.py", line 902, in save
    self.save_base(
    ~~~~~~~~~~~~~~^
        using=using,
        ^^^^^^^^^^^^
    ...<2 lines>...
        update_fields=update_fields,
        ^^^^^^^^^^^^^^^^^^^^^^^^^^^^
    )
    ^
  File "C:\Users\T.SHIGARAKI\Desktop\Projet-Bibliotheque\Projet-bibliotheque-admin\venv_admin\Lib\site-packages\django\db\models\base.py", line 1023, in save_base
    post_save.send(
    ~~~~~~~~~~~~~~^
        sender=origin,
        ^^^^^^^^^^^^^^
    ...<4 lines>...
        using=using,
        ^^^^^^^^^^^^
    )
    ^
  File "C:\Users\T.SHIGARAKI\Desktop\Projet-Bibliotheque\Projet-bibliotheque-admin\venv_admin\Lib\site-packages\django\dispatch\dispatcher.py", line 189, in send
    response = receiver(signal=self, sender=sender, **named)
  File "C:\Users\T.SHIGARAKI\Desktop\Projet-Bibliotheque\Projet-bibliotheque-admin\notifications\signals.py", line 61, in notify_document_added_or_updated
    users = CustomUser.objects.filter(academic_level=instance.academic_level)
  File "C:\Users\T.SHIGARAKI\Desktop\Projet-Bibliotheque\Projet-bibliotheque-admin\venv_admin\Lib\site-packages\django\db\models\manager.py", line 87, in manager_method
    return getattr(self.get_queryset(), name)(*args, **kwargs)
           ~~~~~~~~~~~~~~~~~~~~~~~~~~~~~~~~~~^^^^^^^^^^^^^^^^^
  File "C:\Users\T.SHIGARAKI\Desktop\Projet-Bibliotheque\Projet-bibliotheque-admin\venv_admin\Lib\site-packages\django\db\models\query.py", line 1491, in filter
    return self._filter_or_exclude(False, args, kwargs)
           ~~~~~~~~~~~~~~~~~~~~~~~^^^^^^^^^^^^^^^^^^^^^
  File "C:\Users\T.SHIGARAKI\Desktop\Projet-Bibliotheque\Projet-bibliotheque-admin\venv_admin\Lib\site-packages\django\db\models\query.py", line 1509, in _filter_or_exclude
    clone._filter_or_exclude_inplace(negate, args, kwargs)
    ~~~~~~~~~~~~~~~~~~~~~~~~~~~~~~~~^^^^^^^^^^^^^^^^^^^^^^
  File "C:\Users\T.SHIGARAKI\Desktop\Projet-Bibliotheque\Projet-bibliotheque-admin\venv_admin\Lib\site-packages\django\db\models\query.py", line 1516, in _filter_or_exclude_inplace
    self._query.add_q(Q(*args, **kwargs))
    ~~~~~~~~~~~~~~~~~^^^^^^^^^^^^^^^^^^^^
  File "C:\Users\T.SHIGARAKI\Desktop\Projet-Bibliotheque\Projet-bibliotheque-admin\venv_admin\Lib\site-packages\django\db\models\sql\query.py", line 1643, in add_q
    clause, _ = self._add_q(q_object, can_reuse)
                ~~~~~~~~~~~^^^^^^^^^^^^^^^^^^^^^
  File "C:\Users\T.SHIGARAKI\Desktop\Projet-Bibliotheque\Projet-bibliotheque-admin\venv_admin\Lib\site-packages\django\db\models\sql\query.py", line 1675, in _add_q
    child_clause, needed_inner = self.build_filter(
                                 ~~~~~~~~~~~~~~~~~^
        child,
        ^^^^^^
    ...<7 lines>...
        update_join_types=update_join_types,
        ^^^^^^^^^^^^^^^^^^^^^^^^^^^^^^^^^^^^
    )
    ^
  File "C:\Users\T.SHIGARAKI\Desktop\Projet-Bibliotheque\Projet-bibliotheque-admin\venv_admin\Lib\site-packages\django\db\models\sql\query.py", line 1523, in build_filter
    lookups, parts, reffed_expression = self.solve_lookup_type(arg, summarize)
                                        ~~~~~~~~~~~~~~~~~~~~~~^^^^^^^^^^^^^^^^
  File "C:\Users\T.SHIGARAKI\Desktop\Projet-Bibliotheque\Projet-bibliotheque-admin\venv_admin\Lib\site-packages\django\db\models\sql\query.py", line 1330, in solve_lookup_type
    _, field, _, lookup_parts = self.names_to_path(lookup_splitted, self.get_meta())
                                ~~~~~~~~~~~~~~~~~~^^^^^^^^^^^^^^^^^^^^^^^^^^^^^^^^^^
  File "C:\Users\T.SHIGARAKI\Desktop\Projet-Bibliotheque\Projet-bibliotheque-admin\venv_admin\Lib\site-packages\django\db\models\sql\query.py", line 1802, in names_to_path
    raise FieldError(
    ...<2 lines>...
    )
django.core.exceptions.FieldError: Cannot resolve keyword 'academic_level' into field. Choices are: date_joined, deleted_notifications, department, email, favorites, first_login, first_name, groups, id, is_active, is_staff, is_superuser, last_login, last_name, logentry, notifications, password, phone_number, student_id, user_permissions, user_type, username
Notification count: total=2
Notification count: total=2
Notification count: total=2
Total des notifications affichées: 2
Internal Server Error: /notifications/
Traceback (most recent call last):
  File "C:\Users\T.SHIGARAKI\Desktop\Projet-Bibliotheque\Projet-bibliotheque-admin\venv_admin\Lib\site-packages\django\template\backends\django.py", line 107, in render
    return self.template.render(context)
           ~~~~~~~~~~~~~~~~~~~~^^^^^^^^^
  File "C:\Users\T.SHIGARAKI\Desktop\Projet-Bibliotheque\Projet-bibliotheque-admin\venv_admin\Lib\site-packages\django\template\base.py", line 171, in render
    return self._render(context)
           ~~~~~~~~~~~~^^^^^^^^^
  File "C:\Users\T.SHIGARAKI\Desktop\Projet-Bibliotheque\Projet-bibliotheque-admin\venv_admin\Lib\site-packages\django\template\base.py", line 163, in _render
    return self.nodelist.render(context)
           ~~~~~~~~~~~~~~~~~~~~^^^^^^^^^
  File "C:\Users\T.SHIGARAKI\Desktop\Projet-Bibliotheque\Projet-bibliotheque-admin\venv_admin\Lib\site-packages\django\template\base.py", line 1016, in render
    return SafeString("".join([node.render_annotated(context) for node in self]))
                               ~~~~~~~~~~~~~~~~~~~~~^^^^^^^^^
  File "C:\Users\T.SHIGARAKI\Desktop\Projet-Bibliotheque\Projet-bibliotheque-admin\venv_admin\Lib\site-packages\django\template\base.py", line 977, in render_annotated
    return self.render(context)
           ~~~~~~~~~~~^^^^^^^^^
  File "C:\Users\T.SHIGARAKI\Desktop\Projet-Bibliotheque\Projet-bibliotheque-admin\venv_admin\Lib\site-packages\django\template\loader_tags.py", line 134, in render
    compiled_parent = self.get_parent(context)
  File "C:\Users\T.SHIGARAKI\Desktop\Projet-Bibliotheque\Projet-bibliotheque-admin\venv_admin\Lib\site-packages\django\template\loader_tags.py", line 131, in get_parent
    return self.find_template(parent, context)
           ~~~~~~~~~~~~~~~~~~^^^^^^^^^^^^^^^^^
  File "C:\Users\T.SHIGARAKI\Desktop\Projet-Bibliotheque\Projet-bibliotheque-admin\venv_admin\Lib\site-packages\django\template\loader_tags.py", line 109, in find_template
    template, origin = context.template.engine.find_template(
                       ~~~~~~~~~~~~~~~~~~~~~~~~~~~~~~~~~~~~~^
        template_name,
        ^^^^^^^^^^^^^^
        skip=history,
        ^^^^^^^^^^^^^
    )
    ^
  File "C:\Users\T.SHIGARAKI\Desktop\Projet-Bibliotheque\Projet-bibliotheque-admin\venv_admin\Lib\site-packages\django\template\engine.py", line 163, in find_template
    raise TemplateDoesNotExist(name, tried=tried)
django.template.exceptions.TemplateDoesNotExist: books/base.html

The above exception was the direct cause of the following exception:

Traceback (most recent call last):
  File "C:\Users\T.SHIGARAKI\Desktop\Projet-Bibliotheque\Projet-bibliotheque-admin\venv_admin\Lib\site-packages\django\core\handlers\exception.py", line 55, in inner
    response = get_response(request)
  File "C:\Users\T.SHIGARAKI\Desktop\Projet-Bibliotheque\Projet-bibliotheque-admin\venv_admin\Lib\site-packages\django\core\handlers\base.py", line 197, in _get_response
    response = wrapped_callback(request, *callback_args, **callback_kwargs)
  File "C:\Users\T.SHIGARAKI\Desktop\Projet-Bibliotheque\Projet-bibliotheque-admin\venv_admin\Lib\site-packages\django\contrib\auth\decorators.py", line 59, in _view_wrapper
    return view_func(request, *args, **kwargs)
  File "C:\Users\T.SHIGARAKI\Desktop\Projet-Bibliotheque\Projet-bibliotheque-admin\notifications\views.py", line 18, in notifications
    return render(request, 'notifications/notifications.html', {'notifications': notifications})
  File "C:\Users\T.SHIGARAKI\Desktop\Projet-Bibliotheque\Projet-bibliotheque-admin\venv_admin\Lib\site-packages\django\shortcuts.py", line 25, in render
    content = loader.render_to_string(template_name, context, request, using=using)
  File "C:\Users\T.SHIGARAKI\Desktop\Projet-Bibliotheque\Projet-bibliotheque-admin\venv_admin\Lib\site-packages\django\template\loader.py", line 62, in render_to_string
    return template.render(context, request)
           ~~~~~~~~~~~~~~~^^^^^^^^^^^^^^^^^^
  File "C:\Users\T.SHIGARAKI\Desktop\Projet-Bibliotheque\Projet-bibliotheque-admin\venv_admin\Lib\site-packages\django\template\backends\django.py", line 109, in render
    reraise(exc, self.backend)
    ~~~~~~~^^^^^^^^^^^^^^^^^^^
  File "C:\Users\T.SHIGARAKI\Desktop\Projet-Bibliotheque\Projet-bibliotheque-admin\venv_admin\Lib\site-packages\django\template\backends\django.py", line 130, in reraise
    raise new from exc
django.template.exceptions.TemplateDoesNotExist: books/base.html
Total des notifications affichées: 2
Notification count: total=2
Tentative de suppression de la notification ID 5 par l'utilisateur admin_biblio
Notification supprimée: ID 5, unique_identifier: 2dc9cdec98b400f874af3314db13ece500a39f9f4b454b285e9ee881d52757ae
Notification count: total=1
Tentative de suppression de la notification ID 4 par l'utilisateur admin_biblio
Notification supprimée: ID 4, unique_identifier: 270ec35bbbef0c6128bcada37e05a4224db270887bd9e4893ed4190dd2b2af5d
Notification count: total=0
Notification count: total=0
Notification count: total=0
Notification count: total=0
Total des notifications affichées: 0
Notification count: total=0
Internal Server Error: /users/manage-users/
Traceback (most recent call last):
  File "C:\Users\T.SHIGARAKI\Desktop\Projet-Bibliotheque\Projet-bibliotheque-admin\venv_admin\Lib\site-packages\django\template\backends\django.py", line 107, in render
    return self.template.render(context)
           ~~~~~~~~~~~~~~~~~~~~^^^^^^^^^
  File "C:\Users\T.SHIGARAKI\Desktop\Projet-Bibliotheque\Projet-bibliotheque-admin\venv_admin\Lib\site-packages\django\template\base.py", line 171, in render
    return self._render(context)
           ~~~~~~~~~~~~^^^^^^^^^
  File "C:\Users\T.SHIGARAKI\Desktop\Projet-Bibliotheque\Projet-bibliotheque-admin\venv_admin\Lib\site-packages\django\template\base.py", line 163, in _render
    return self.nodelist.render(context)
           ~~~~~~~~~~~~~~~~~~~~^^^^^^^^^
  File "C:\Users\T.SHIGARAKI\Desktop\Projet-Bibliotheque\Projet-bibliotheque-admin\venv_admin\Lib\site-packages\django\template\base.py", line 1016, in render
    return SafeString("".join([node.render_annotated(context) for node in self]))
                               ~~~~~~~~~~~~~~~~~~~~~^^^^^^^^^
  File "C:\Users\T.SHIGARAKI\Desktop\Projet-Bibliotheque\Projet-bibliotheque-admin\venv_admin\Lib\site-packages\django\template\base.py", line 977, in render_annotated
    return self.render(context)
           ~~~~~~~~~~~^^^^^^^^^
  File "C:\Users\T.SHIGARAKI\Desktop\Projet-Bibliotheque\Projet-bibliotheque-admin\venv_admin\Lib\site-packages\django\template\loader_tags.py", line 134, in render
    compiled_parent = self.get_parent(context)
  File "C:\Users\T.SHIGARAKI\Desktop\Projet-Bibliotheque\Projet-bibliotheque-admin\venv_admin\Lib\site-packages\django\template\loader_tags.py", line 131, in get_parent
    return self.find_template(parent, context)
           ~~~~~~~~~~~~~~~~~~^^^^^^^^^^^^^^^^^
  File "C:\Users\T.SHIGARAKI\Desktop\Projet-Bibliotheque\Projet-bibliotheque-admin\venv_admin\Lib\site-packages\django\template\loader_tags.py", line 109, in find_template
    template, origin = context.template.engine.find_template(
                       ~~~~~~~~~~~~~~~~~~~~~~~~~~~~~~~~~~~~~^
        template_name,
        ^^^^^^^^^^^^^^
        skip=history,
        ^^^^^^^^^^^^^
    )
    ^
  File "C:\Users\T.SHIGARAKI\Desktop\Projet-Bibliotheque\Projet-bibliotheque-admin\venv_admin\Lib\site-packages\django\template\engine.py", line 163, in find_template
    raise TemplateDoesNotExist(name, tried=tried)
django.template.exceptions.TemplateDoesNotExist: books/base.html

The above exception was the direct cause of the following exception:

Traceback (most recent call last):
  File "C:\Users\T.SHIGARAKI\Desktop\Projet-Bibliotheque\Projet-bibliotheque-admin\venv_admin\Lib\site-packages\django\core\handlers\exception.py", line 55, in inner
    response = get_response(request)
  File "C:\Users\T.SHIGARAKI\Desktop\Projet-Bibliotheque\Projet-bibliotheque-admin\venv_admin\Lib\site-packages\django\core\handlers\base.py", line 197, in _get_response
    response = wrapped_callback(request, *callback_args, **callback_kwargs)
  File "C:\Users\T.SHIGARAKI\Desktop\Projet-Bibliotheque\Projet-bibliotheque-admin\venv_admin\Lib\site-packages\django\contrib\auth\decorators.py", line 59, in _view_wrapper
    return view_func(request, *args, **kwargs)
  File "C:\Users\T.SHIGARAKI\Desktop\Projet-Bibliotheque\Projet-bibliotheque-admin\users\views.py", line 87, in manage_users
    return render(request, 'users/manage_users.html', {
        'users': users,
    })
  File "C:\Users\T.SHIGARAKI\Desktop\Projet-Bibliotheque\Projet-bibliotheque-admin\venv_admin\Lib\site-packages\django\shortcuts.py", line 25, in render
    content = loader.render_to_string(template_name, context, request, using=using)
  File "C:\Users\T.SHIGARAKI\Desktop\Projet-Bibliotheque\Projet-bibliotheque-admin\venv_admin\Lib\site-packages\django\template\loader.py", line 62, in render_to_string
    return template.render(context, request)
           ~~~~~~~~~~~~~~~^^^^^^^^^^^^^^^^^^
  File "C:\Users\T.SHIGARAKI\Desktop\Projet-Bibliotheque\Projet-bibliotheque-admin\venv_admin\Lib\site-packages\django\template\backends\django.py", line 109, in render
    reraise(exc, self.backend)
    ~~~~~~~^^^^^^^^^^^^^^^^^^^
  File "C:\Users\T.SHIGARAKI\Desktop\Projet-Bibliotheque\Projet-bibliotheque-admin\venv_admin\Lib\site-packages\django\template\backends\django.py", line 130, in reraise
    raise new from exc
django.template.exceptions.TemplateDoesNotExist: books/base.html
Notification count: total=0
Internal Server Error: /users/create/
Traceback (most recent call last):
  File "C:\Users\T.SHIGARAKI\Desktop\Projet-Bibliotheque\Projet-bibliotheque-admin\venv_admin\Lib\site-packages\django\template\backends\django.py", line 107, in render
    return self.template.render(context)
           ~~~~~~~~~~~~~~~~~~~~^^^^^^^^^
  File "C:\Users\T.SHIGARAKI\Desktop\Projet-Bibliotheque\Projet-bibliotheque-admin\venv_admin\Lib\site-packages\django\template\base.py", line 171, in render
    return self._render(context)
           ~~~~~~~~~~~~^^^^^^^^^
  File "C:\Users\T.SHIGARAKI\Desktop\Projet-Bibliotheque\Projet-bibliotheque-admin\venv_admin\Lib\site-packages\django\template\base.py", line 163, in _render
    return self.nodelist.render(context)
           ~~~~~~~~~~~~~~~~~~~~^^^^^^^^^
  File "C:\Users\T.SHIGARAKI\Desktop\Projet-Bibliotheque\Projet-bibliotheque-admin\venv_admin\Lib\site-packages\django\template\base.py", line 1016, in render
    return SafeString("".join([node.render_annotated(context) for node in self]))
                               ~~~~~~~~~~~~~~~~~~~~~^^^^^^^^^
  File "C:\Users\T.SHIGARAKI\Desktop\Projet-Bibliotheque\Projet-bibliotheque-admin\venv_admin\Lib\site-packages\django\template\base.py", line 977, in render_annotated
    return self.render(context)
           ~~~~~~~~~~~^^^^^^^^^
  File "C:\Users\T.SHIGARAKI\Desktop\Projet-Bibliotheque\Projet-bibliotheque-admin\venv_admin\Lib\site-packages\django\template\loader_tags.py", line 134, in render
    compiled_parent = self.get_parent(context)
  File "C:\Users\T.SHIGARAKI\Desktop\Projet-Bibliotheque\Projet-bibliotheque-admin\venv_admin\Lib\site-packages\django\template\loader_tags.py", line 131, in get_parent
    return self.find_template(parent, context)
           ~~~~~~~~~~~~~~~~~~^^^^^^^^^^^^^^^^^
  File "C:\Users\T.SHIGARAKI\Desktop\Projet-Bibliotheque\Projet-bibliotheque-admin\venv_admin\Lib\site-packages\django\template\loader_tags.py", line 109, in find_template
    template, origin = context.template.engine.find_template(
                       ~~~~~~~~~~~~~~~~~~~~~~~~~~~~~~~~~~~~~^
        template_name,
        ^^^^^^^^^^^^^^
        skip=history,
        ^^^^^^^^^^^^^
    )
    ^
  File "C:\Users\T.SHIGARAKI\Desktop\Projet-Bibliotheque\Projet-bibliotheque-admin\venv_admin\Lib\site-packages\django\template\engine.py", line 163, in find_template
    raise TemplateDoesNotExist(name, tried=tried)
django.template.exceptions.TemplateDoesNotExist: books/base.html

The above exception was the direct cause of the following exception:

Traceback (most recent call last):
  File "C:\Users\T.SHIGARAKI\Desktop\Projet-Bibliotheque\Projet-bibliotheque-admin\venv_admin\Lib\site-packages\django\core\handlers\exception.py", line 55, in inner
    response = get_response(request)
  File "C:\Users\T.SHIGARAKI\Desktop\Projet-Bibliotheque\Projet-bibliotheque-admin\venv_admin\Lib\site-packages\django\core\handlers\base.py", line 197, in _get_response
    response = wrapped_callback(request, *callback_args, **callback_kwargs)
  File "C:\Users\T.SHIGARAKI\Desktop\Projet-Bibliotheque\Projet-bibliotheque-admin\venv_admin\Lib\site-packages\django\contrib\auth\decorators.py", line 59, in _view_wrapper
    return view_func(request, *args, **kwargs)
  File "C:\Users\T.SHIGARAKI\Desktop\Projet-Bibliotheque\Projet-bibliotheque-admin\users\views.py", line 133, in create_user
    return render(request, 'users/create_user.html', {'form': form})
  File "C:\Users\T.SHIGARAKI\Desktop\Projet-Bibliotheque\Projet-bibliotheque-admin\venv_admin\Lib\site-packages\django\shortcuts.py", line 25, in render
    content = loader.render_to_string(template_name, context, request, using=using)
  File "C:\Users\T.SHIGARAKI\Desktop\Projet-Bibliotheque\Projet-bibliotheque-admin\venv_admin\Lib\site-packages\django\template\loader.py", line 62, in render_to_string
    return template.render(context, request)
           ~~~~~~~~~~~~~~~^^^^^^^^^^^^^^^^^^
  File "C:\Users\T.SHIGARAKI\Desktop\Projet-Bibliotheque\Projet-bibliotheque-admin\venv_admin\Lib\site-packages\django\template\backends\django.py", line 109, in render
    reraise(exc, self.backend)
    ~~~~~~~^^^^^^^^^^^^^^^^^^^
  File "C:\Users\T.SHIGARAKI\Desktop\Projet-Bibliotheque\Projet-bibliotheque-admin\venv_admin\Lib\site-packages\django\template\backends\django.py", line 130, in reraise
    raise new from exc
django.template.exceptions.TemplateDoesNotExist: books/base.html
Notification count: total=0
User created: ntima.rebecca001, password hash: pbkdf2_sha256$1000000$y1I96qh9UoRSqd3EIe7PAu$Xol0/puKgET3CEX8KgjPTdEo9IqFRgFim1ZJNdbeyRE=, first_login=True
Notification count: total=1
Login failed for username=ntima.rebecca001, errors=<ul class="errorlist"><li>__all__<ul class="errorlist nonfield"><li>Saisissez un nom d’utilisateur et un mot de passe valides. Remarquez que chacun de ces champs est sensible à la casse (différenciation des majuscules/minuscules).</li></ul></li></ul>, data=<QueryDict: {'csrfmiddlewaretoken': ['ZDjOMQPdWQ2klJBIWvmtZw4CM44PZrg2pwxzrHFj3Fu4lZywNpqKrnIzGhCPj9Rc'], 'username': ['ntima.rebecca001'], 'password': ['adminpassword2025']}>
Login failed for username=admin_biblio, errors=<ul class="errorlist"><li>__all__<ul class="errorlist nonfield"><li>Saisissez un nom d’utilisateur et un mot de passe valides. Remarquez que chacun de ces champs est sensible à la casse (différenciation des majuscules/minuscules).</li></ul></li></ul>, data=<QueryDict: {'csrfmiddlewaretoken': ['ChyTEOdp4TExNHT11UDN1SePFv5SCWDp2aMEjF3vbI6hNXQPSOH4tJSMzIDSWEez'], 'username': ['admin_biblio'], 'password': ['bibliotheque2025']}>
User logged in: ntima.rebecca001, first_login=True
User logged in: ntima.rebecca001, first_login=True
User logged in: admin_biblio, first_login=False
Notification count: total=1
Total des notifications affichées: 1
Notification count: total=1
Notification count: total=1
Notification count: total=1
User created: akoumba.marylin001, password hash: pbkdf2_sha256$1000000$9Ea5lCbShLWZxKSbTLGO6b$z6ZnTOfFDV+4gUNHsxxVXIm9gXBKDIW5DGQaRjdS6WQ=, first_login=True
Notification count: total=2
C:\Users\T.SHIGARAKI\Desktop\Projet-Bibliotheque\Projet-bibliotheque-admin\users\views.py changed, reloading.
Watching for file changes with StatReloader
Notification count: total=2
Notification count: total=2
C:\Users\T.SHIGARAKI\Desktop\Projet-Bibliotheque\Projet-bibliotheque-admin\users\views.py changed, reloading.
Watching for file changes with StatReloader
Notification count: total=2
User logged in: akoumba.marylin001, first_login=True
User logged in: akoumba.marylin001, first_login=True
User logged in: ntima.rebecca001, first_login=False
C:\Users\T.SHIGARAKI\Desktop\Projet-Bibliotheque\Projet-bibliotheque-admin\users\views.py changed, reloading.
Watching for file changes with StatReloader
C:\Users\T.SHIGARAKI\Desktop\Projet-Bibliotheque\Projet-bibliotheque-admin\users\views.py changed, reloading.
Watching for file changes with StatReloader
C:\Users\T.SHIGARAKI\Desktop\Projet-Bibliotheque\Projet-bibliotheque-admin\users\views.py changed, reloading.
Watching for file changes with StatReloader
User logged in: admin_biblio, first_login=False
Notification count: total=2
Notification count: total=2
Total des notifications affichées: 2
Notification count: total=2
Notification count: total=2
Notification count: total=2
User created: akoumba.marylin001, password hash: pbkdf2_sha256$1000000$Y2CQP3P493OUOLxxNb4JBo$nAuGqdPWtiZlKBDLjJSlsX6Rm4+akzqXVmXtTKb7RJI=, first_login=True
Notification count: total=2
Notification count: total=2
Notification count: total=2
Notification count: total=2
Notification count: total=2
Notification count: total=2
Notification count: total=2
Notification count: total=2
Notification count: total=2
Watching for file changes with StatReloader
Notification count: total=2
User logged in: akoumba.marylin001, first_login=True
C:\Users\T.SHIGARAKI\Desktop\Projet-Bibliotheque\Projet-bibliotheque-admin\users\views.py changed, reloading.
Watching for file changes with StatReloader
User logged in: akoumba.marylin001, first_login=True
Notification count: total=0
Login failed for username=None, errors=<ul class="errorlist"><li>username<ul class="errorlist" id="id_username_error"><li>Ce champ est obligatoire.</li></ul></li><li>password<ul class="errorlist" id="id_password_error"><li>Ce champ est obligatoire.</li></ul></li></ul>, data=<QueryDict: {'csrfmiddlewaretoken': ['YK8C8ob6SLkmRm3Ky3kvCrsDU16Vmmyf085E8j4iw3ezhdZRRca9XJ3hJfExtPFX'], 'old_password': ['bibliotheque2025'], 'new_password1': ['05juin2006'], 'new_password2': ['05juin2006']}>
User logged in: akoumba.marylin001, first_login=True
Notification count: total=0
Login failed for username=None, errors=<ul class="errorlist"><li>username<ul class="errorlist" id="id_username_error"><li>Ce champ est obligatoire.</li></ul></li><li>password<ul class="errorlist" id="id_password_error"><li>Ce champ est obligatoire.</li></ul></li></ul>, data=<QueryDict: {'csrfmiddlewaretoken': ['u5ZboMkhWL2YveJKlkWpe6Kyogq585sCz2Jq34bbBIs7XB9QbC3nBvscabbzAAWZ'], 'old_password': ['bibliotheque2025'], 'new_password1': ['05juin2006'], 'new_password2': ['05juin2006']}>
Watching for file changes with StatReloader
Login failed for username= akoumba.marylin001, errors=<ul class="errorlist"><li>__all__<ul class="errorlist nonfield"><li>Saisissez un nom d’utilisateur et un mot de passe valides. Remarquez que chacun de ces champs est sensible à la casse (différenciation des majuscules/minuscules).</li></ul></li></ul>, data=<QueryDict: {'csrfmiddlewaretoken': ['7ChAzdkCibyrb2qUo6J9Z0f7rKoNegajcz1PevbwX8YADpQ0eoQ7mpXLdF9hGLEG'], 'username': [' akoumba.marylin001'], 'password': ['05juin2006']}>
Login failed for username= akoumba.marylin001, errors=<ul class="errorlist"><li>__all__<ul class="errorlist nonfield"><li>Saisissez un nom d’utilisateur et un mot de passe valides. Remarquez que chacun de ces champs est sensible à la casse (différenciation des majuscules/minuscules).</li></ul></li></ul>, data=<QueryDict: {'csrfmiddlewaretoken': ['ZGlDe1Wv0qnzocXOkgQa91dioWurvb4D4D5STjNpFnNIQznUayX8wqVWaRfVXGy0'], 'username': [' akoumba.marylin001'], 'password': ['bibliotheque']}>
User logged in: akoumba.marylin001, first_login=True
Notification count: total=0
Notification count: total=0
Login failed for username=None, errors=<ul class="errorlist"><li>username<ul class="errorlist" id="id_username_error"><li>Ce champ est obligatoire.</li></ul></li><li>password<ul class="errorlist" id="id_password_error"><li>Ce champ est obligatoire.</li></ul></li></ul>, data=<QueryDict: {'csrfmiddlewaretoken': ['fBTBfFWTs22MjT5t9bjswS9nmJmL35W4p0HrVLOe8YXtIkvNZQLJSmWPBGkc1y0s'], 'old_password': ['bibliotheque2025'], 'new_password1': ['05juin2006'], 'new_password2': ['05juin2006']}>
C:\Users\T.SHIGARAKI\Desktop\Projet-Bibliotheque\Projet-bibliotheque-admin\users\views.py changed, reloading.
Watching for file changes with StatReloader
User logged in: akoumba.marylin001, first_login=True
Notification count: total=0
Not Found: /favicon.ico
Login failed for username=None, errors=<ul class="errorlist"><li>username<ul class="errorlist" id="id_username_error"><li>Ce champ est obligatoire.</li></ul></li><li>password<ul class="errorlist" id="id_password_error"><li>Ce champ est obligatoire.</li></ul></li></ul>, data=<QueryDict: {'csrfmiddlewaretoken': ['McplvTcdhPo6LeqDPC70GID3mbqNWyCsKKiQBWI73AM1wNAXvk45zvS6vrBklj9X'], 'old_password': ['bibliotheque2025'], 'new_password1': ['05juin2006'], 'new_password2': ['05juin2006']}>
C:\Users\T.SHIGARAKI\Desktop\Projet-Bibliotheque\Projet-bibliotheque-admin\users\views.py changed, reloading.
Watching for file changes with StatReloader
Watching for file changes with StatReloader
User logged in: akoumba.marylin001, first_login=True
Notification count: total=0
Login failed for username=None, errors=<ul class="errorlist"><li>username<ul class="errorlist" id="id_username_error"><li>Ce champ est obligatoire.</li></ul></li><li>password<ul class="errorlist" id="id_password_error"><li>Ce champ est obligatoire.</li></ul></li></ul>, data=<QueryDict: {'csrfmiddlewaretoken': ['VBn4XGsGFDGVsVbMfQZd7EKN5dqMoQmMV4wVcs4jQcAqUs2Mic4F7Q7d9jWV9NVL'], 'old_password': ['bibliotheque2025'], 'new_password1': ['05juin2006'], 'new_password2': ['05juin2006']}>
User logged in: akoumba.marylin001, first_login=True
Notification count: total=0
Notification count: total=0
Notification count: total=0
Notification count: total=0
C:\Users\T.SHIGARAKI\Desktop\Projet-Bibliotheque\Projet-bibliotheque-admin\users\views.py changed, reloading.
Watching for file changes with StatReloader
C:\Users\T.SHIGARAKI\Desktop\Projet-Bibliotheque\Projet-bibliotheque-admin\users\views.py changed, reloading.
Watching for file changes with StatReloader
C:\Users\T.SHIGARAKI\Desktop\Projet-Bibliotheque\Projet-bibliotheque-admin\users\views.py changed, reloading.
Watching for file changes with StatReloader
Notification count: total=0
Login failed for username=None, errors=<ul class="errorlist"><li>username<ul class="errorlist" id="id_username_error"><li>Ce champ est obligatoire.</li></ul></li><li>password<ul class="errorlist" id="id_password_error"><li>Ce champ est obligatoire.</li></ul></li></ul>, data=<QueryDict: {'csrfmiddlewaretoken': ['hGEqHhs4U6PMykoVbpZSvWaZebPlxUZNR9JU7WfBmsYUdtId9CbLerDeTp3vhb7N'], 'old_password': ['bibliotheque2025'], 'new_password1': ['05juin2006'], 'new_password2': ['05juin2006']}>
User logged in: akoumba.marylin001, first_login=True
Notification count: total=0
Notification count: total=0
Notification count: total=0
Notification count: total=0
Forbidden (CSRF token from POST incorrect.): /users/login/
Forbidden (CSRF token from POST incorrect.): /users/login/
Forbidden (CSRF token from POST incorrect.): /users/login/
Forbidden (CSRF token from POST incorrect.): /users/login/
C:\Users\T.SHIGARAKI\Desktop\Projet-Bibliotheque\Projet-bibliotheque-admin\users\views.py changed, reloading.
Watching for file changes with StatReloader
Forbidden (CSRF token from POST incorrect.): /users/login/
Forbidden (CSRF token from POST incorrect.): /users/login/
C:\Users\T.SHIGARAKI\Desktop\Projet-Bibliotheque\Projet-bibliotheque-admin\users\views.py changed, reloading.
Watching for file changes with StatReloader
C:\Users\T.SHIGARAKI\Desktop\Projet-Bibliotheque\Projet-bibliotheque-admin\users\views.py changed, reloading.
Watching for file changes with StatReloader
Forbidden (CSRF token from POST incorrect.): /users/login/
Forbidden (CSRF token from POST incorrect.): /users/login/
C:\Users\T.SHIGARAKI\Desktop\Projet-Bibliotheque\Projet-bibliotheque-admin\users\views.py changed, reloading.
Watching for file changes with StatReloader
C:\Users\T.SHIGARAKI\Desktop\Projet-Bibliotheque\Projet-bibliotheque-admin\users\forms.py changed, reloading.
Watching for file changes with StatReloader
C:\Users\T.SHIGARAKI\Desktop\Projet-Bibliotheque\Projet-bibliotheque-admin\users\views.py changed, reloading.
Watching for file changes with StatReloader
C:\Users\T.SHIGARAKI\Desktop\Projet-Bibliotheque\Projet-bibliotheque-admin\users\views.py changed, reloading.
Watching for file changes with StatReloader
Forbidden (CSRF token from POST incorrect.): /users/login/
Forbidden (CSRF token from POST incorrect.): /users/login/
User logged in: akoumba.marylin001, first_login=True
Notification count: total=0
User logged in: akoumba.marylin001, first_login=False
User logged in: admin_biblio, first_login=False
Notification count: total=2
Total des notifications affichées: 2
Notification count: total=2
Notification count: total=2
Total des notifications affichées: 2
Notification count: total=2
Tentative de suppression de la notification ID 7 par l'utilisateur admin_biblio
Notification supprimée: ID 7, unique_identifier: 1b228067528faf36f56e48b9ed343c43cdfd219eb072bb3c58e9ffb94384a5af
Notification count: total=1
Tentative de suppression de la notification ID 6 par l'utilisateur admin_biblio
Notification supprimée: ID 6, unique_identifier: 277fac7ca8f523834a90572e52c10132047f8e4a6a7516a8e8175d646d763d7c
Notification count: total=0
Notification count: total=0
Notification count: total=0
User created: ntima.rebecca001, password hash: pbkdf2_sha256$1000000$ekaq5mi9hJpFDNAg5zAIc7$ONUUjsqG/fTlKsch0gLWeA++4Hbymszxkwlu4+ZUnmA=, first_login=True
Notification count: total=0
User logged in: ntima.rebecca001, first_login=True
Notification count: total=0
Form errors: <ul class="errorlist"><li>old_password<ul class="errorlist" id="id_old_password_error"><li>L&#x27;ancien mot de passe est incorrect.</li></ul></li></ul>
Notification count: total=0
User logged in: ntima.rebecca001, first_login=False
Not Found: /favicon.ico
Login failed for username=admin_biblio, errors=<ul class="errorlist"><li>__all__<ul class="errorlist nonfield"><li>Saisissez un nom d’utilisateur et un mot de passe valides. Remarquez que chacun de ces champs est sensible à la casse (différenciation des majuscules/minuscules).</li></ul></li></ul>, data=<QueryDict: {'csrfmiddlewaretoken': ['QAKlVjbJru531YbDxEQAj46vu5wcv54rAqRPrDAE3v8ARytHtOyZUIo2MNsGwWLs'], 'username': ['admin_biblio'], 'password': ['05juin2006']}>
Login failed for username=admin_biblio, errors=<ul class="errorlist"><li>__all__<ul class="errorlist nonfield"><li>Saisissez un nom d’utilisateur et un mot de passe valides. Remarquez que chacun de ces champs est sensible à la casse (différenciation des majuscules/minuscules).</li></ul></li></ul>, data=<QueryDict: {'csrfmiddlewaretoken': ['2w4fntmZNnsNkJbrpjgSX2C2xhXwWh9cMmbJTNLUpovkajtvltYhyGUzPZT0X8Qd'], 'username': ['admin_biblio'], 'password': ['05juin2006']}>
C:\Users\T.SHIGARAKI\Desktop\Projet-Bibliotheque\Projet-bibliotheque-admin\users\views.py changed, reloading.
Watching for file changes with StatReloader
C:\Users\T.SHIGARAKI\Desktop\Projet-Bibliotheque\Projet-bibliotheque-admin\users\views.py changed, reloading.
Watching for file changes with StatReloader
User logged in: akoumba.marylin001, first_login=False
Login failed for username=akoumba.marylin001, errors=<ul class="errorlist"><li>__all__<ul class="errorlist nonfield"><li>Saisissez un nom d’utilisateur et un mot de passe valides. Remarquez que chacun de ces champs est sensible à la casse (différenciation des majuscules/minuscules).</li></ul></li></ul>, data=<QueryDict: {'csrfmiddlewaretoken': ['83Yd661A0aUAPPpaJwk0ufbnRvbn1JcrdFHoZAGz6v3imTA1DFZlTBJI8MBYbgZJ'], 'username': ['akoumba.marylin001'], 'password': ['bibliotheque2025']}>
User logged in: akoumba.marylin001, first_login=True
Notification count: total=0
User logged in: akoumba.marylin001, first_login=False
Login failed for username=admin_biblio, errors=<ul class="errorlist"><li>__all__<ul class="errorlist nonfield"><li>Saisissez un nom d’utilisateur et un mot de passe valides. Remarquez que chacun de ces champs est sensible à la casse (différenciation des majuscules/minuscules).</li></ul></li></ul>, data=<QueryDict: {'csrfmiddlewaretoken': ['eBwcQdywh0DzWdpv7JEg4ki4iCMgmDLFVyIzk3K08WwqSCODMyDpDKKt3LsMuKzO'], 'username': ['admin_biblio'], 'password': ['admin2025']}>
C:\Users\T.SHIGARAKI\Desktop\Projet-Bibliotheque\Projet-bibliotheque-admin\users\views.py changed, reloading.
Watching for file changes with StatReloader
C:\Users\T.SHIGARAKI\Desktop\Projet-Bibliotheque\Projet-bibliotheque-admin\users\views.py changed, reloading.
Watching for file changes with StatReloader
User logged in: admin_biblio, first_login=False
Notification count: total=0
Notification count: total=0
Notification count: total=0
C:\Users\T.SHIGARAKI\Desktop\Projet-Bibliotheque\Projet-bibliotheque-admin\users\urls.py changed, reloading.
Watching for file changes with StatReloader
C:\Users\T.SHIGARAKI\Desktop\Projet-Bibliotheque\Projet-bibliotheque-admin\books\urls.py changed, reloading.
Watching for file changes with StatReloader
Notification count: total=0
Watching for file changes with StatReloader
Internal Server Error: /users/login/
Traceback (most recent call last):
  File "C:\Users\T.SHIGARAKI\Desktop\Projet-Bibliotheque\Projet-bibliotheque-admin\venv_admin\Lib\site-packages\django\core\handlers\exception.py", line 55, in inner
    response = get_response(request)
  File "C:\Users\T.SHIGARAKI\Desktop\Projet-Bibliotheque\Projet-bibliotheque-admin\venv_admin\Lib\site-packages\django\core\handlers\base.py", line 197, in _get_response
    response = wrapped_callback(request, *callback_args, **callback_kwargs)
  File "C:\Users\T.SHIGARAKI\Desktop\Projet-Bibliotheque\Projet-bibliotheque-admin\users\views.py", line 38, in login_view
    if form.is_valid():
       ~~~~~~~~~~~~~^^
  File "C:\Users\T.SHIGARAKI\Desktop\Projet-Bibliotheque\Projet-bibliotheque-admin\venv_admin\Lib\site-packages\django\forms\forms.py", line 206, in is_valid
    return self.is_bound and not self.errors
                                 ^^^^^^^^^^^
  File "C:\Users\T.SHIGARAKI\Desktop\Projet-Bibliotheque\Projet-bibliotheque-admin\venv_admin\Lib\site-packages\django\forms\forms.py", line 201, in errors
    self.full_clean()
    ~~~~~~~~~~~~~~~^^
  File "C:\Users\T.SHIGARAKI\Desktop\Projet-Bibliotheque\Projet-bibliotheque-admin\venv_admin\Lib\site-packages\django\forms\forms.py", line 338, in full_clean
    self._clean_form()
    ~~~~~~~~~~~~~~~~^^
  File "C:\Users\T.SHIGARAKI\Desktop\Projet-Bibliotheque\Projet-bibliotheque-admin\venv_admin\Lib\site-packages\django\forms\forms.py", line 354, in _clean_form
    cleaned_data = self.clean()
  File "C:\Users\T.SHIGARAKI\Desktop\Projet-Bibliotheque\Projet-bibliotheque-admin\venv_admin\Lib\site-packages\django\views\decorators\debug.py", line 75, in sensitive_variables_wrapper
    return func(*func_args, **func_kwargs)
  File "C:\Users\T.SHIGARAKI\Desktop\Projet-Bibliotheque\Projet-bibliotheque-admin\venv_admin\Lib\site-packages\django\contrib\auth\forms.py", line 366, in clean
    self.user_cache = authenticate(
                      ~~~~~~~~~~~~^
        self.request, username=username, password=password
        ^^^^^^^^^^^^^^^^^^^^^^^^^^^^^^^^^^^^^^^^^^^^^^^^^^
    )
    ^
  File "C:\Users\T.SHIGARAKI\Desktop\Projet-Bibliotheque\Projet-bibliotheque-admin\venv_admin\Lib\site-packages\django\views\decorators\debug.py", line 75, in sensitive_variables_wrapper
    return func(*func_args, **func_kwargs)
  File "C:\Users\T.SHIGARAKI\Desktop\Projet-Bibliotheque\Projet-bibliotheque-admin\venv_admin\Lib\site-packages\django\contrib\auth\__init__.py", line 114, in authenticate
    user = backend.authenticate(request, **credentials)
  File "C:\Users\T.SHIGARAKI\Desktop\Projet-Bibliotheque\Projet-bibliotheque-admin\venv_admin\Lib\site-packages\django\contrib\auth\backends.py", line 65, in authenticate
    user = UserModel._default_manager.get_by_natural_key(username)
  File "C:\Users\T.SHIGARAKI\Desktop\Projet-Bibliotheque\Projet-bibliotheque-admin\venv_admin\Lib\site-packages\django\contrib\auth\base_user.py", line 37, in get_by_natural_key
    return self.get(**{self.model.USERNAME_FIELD: username})
           ~~~~~~~~^^^^^^^^^^^^^^^^^^^^^^^^^^^^^^^^^^^^^^^^^
  File "C:\Users\T.SHIGARAKI\Desktop\Projet-Bibliotheque\Projet-bibliotheque-admin\venv_admin\Lib\site-packages\django\db\models\manager.py", line 87, in manager_method
    return getattr(self.get_queryset(), name)(*args, **kwargs)
           ~~~~~~~~~~~~~~~~~~~~~~~~~~~~~~~~~~^^^^^^^^^^^^^^^^^
  File "C:\Users\T.SHIGARAKI\Desktop\Projet-Bibliotheque\Projet-bibliotheque-admin\venv_admin\Lib\site-packages\django\db\models\query.py", line 629, in get
    num = len(clone)
  File "C:\Users\T.SHIGARAKI\Desktop\Projet-Bibliotheque\Projet-bibliotheque-admin\venv_admin\Lib\site-packages\django\db\models\query.py", line 366, in __len__
    self._fetch_all()
    ~~~~~~~~~~~~~~~^^
  File "C:\Users\T.SHIGARAKI\Desktop\Projet-Bibliotheque\Projet-bibliotheque-admin\venv_admin\Lib\site-packages\django\db\models\query.py", line 1945, in _fetch_all
    self._result_cache = list(self._iterable_class(self))
                         ~~~~^^^^^^^^^^^^^^^^^^^^^^^^^^^^
  File "C:\Users\T.SHIGARAKI\Desktop\Projet-Bibliotheque\Projet-bibliotheque-admin\venv_admin\Lib\site-packages\django\db\models\query.py", line 123, in __iter__
    for row in compiler.results_iter(results):
               ~~~~~~~~~~~~~~~~~~~~~^^^^^^^^^
  File "C:\Users\T.SHIGARAKI\Desktop\Projet-Bibliotheque\Projet-bibliotheque-admin\venv_admin\Lib\site-packages\django\db\models\sql\compiler.py", line 1541, in apply_converters
    value = converter(value, expression, connection)
  File "C:\Users\T.SHIGARAKI\Desktop\Projet-Bibliotheque\Projet-bibliotheque-admin\venv_admin\Lib\site-packages\django\db\backends\mysql\operations.py", line 322, in convert_datetimefield_value
    value = timezone.make_aware(value, self.connection.timezone)
  File "C:\Users\T.SHIGARAKI\Desktop\Projet-Bibliotheque\Projet-bibliotheque-admin\venv_admin\Lib\site-packages\django\utils\timezone.py", line 242, in make_aware
    if is_aware(value):
       ~~~~~~~~^^^^^^^
  File "C:\Users\T.SHIGARAKI\Desktop\Projet-Bibliotheque\Projet-bibliotheque-admin\venv_admin\Lib\site-packages\django\utils\timezone.py", line 221, in is_aware
    return value.utcoffset() is not None
           ^^^^^^^^^^^^^^^
AttributeError: 'str' object has no attribute 'utcoffset'
Internal Server Error: /users/register/
Traceback (most recent call last):
  File "C:\Users\T.SHIGARAKI\Desktop\Projet-Bibliotheque\Projet-bibliotheque-admin\venv_admin\Lib\site-packages\django\core\handlers\exception.py", line 55, in inner
    response = get_response(request)
  File "C:\Users\T.SHIGARAKI\Desktop\Projet-Bibliotheque\Projet-bibliotheque-admin\venv_admin\Lib\site-packages\django\core\handlers\base.py", line 197, in _get_response
    response = wrapped_callback(request, *callback_args, **callback_kwargs)
  File "C:\Users\T.SHIGARAKI\Desktop\Projet-Bibliotheque\Projet-bibliotheque-admin\users\views.py", line 33, in register_view
    return render(request, 'users/register.html', {'form': form})
  File "C:\Users\T.SHIGARAKI\Desktop\Projet-Bibliotheque\Projet-bibliotheque-admin\venv_admin\Lib\site-packages\django\shortcuts.py", line 25, in render
    content = loader.render_to_string(template_name, context, request, using=using)
  File "C:\Users\T.SHIGARAKI\Desktop\Projet-Bibliotheque\Projet-bibliotheque-admin\venv_admin\Lib\site-packages\django\template\loader.py", line 62, in render_to_string
    return template.render(context, request)
           ~~~~~~~~~~~~~~~^^^^^^^^^^^^^^^^^^
  File "C:\Users\T.SHIGARAKI\Desktop\Projet-Bibliotheque\Projet-bibliotheque-admin\venv_admin\Lib\site-packages\django\template\backends\django.py", line 107, in render
    return self.template.render(context)
           ~~~~~~~~~~~~~~~~~~~~^^^^^^^^^
  File "C:\Users\T.SHIGARAKI\Desktop\Projet-Bibliotheque\Projet-bibliotheque-admin\venv_admin\Lib\site-packages\django\template\base.py", line 171, in render
    return self._render(context)
           ~~~~~~~~~~~~^^^^^^^^^
  File "C:\Users\T.SHIGARAKI\Desktop\Projet-Bibliotheque\Projet-bibliotheque-admin\venv_admin\Lib\site-packages\django\template\base.py", line 163, in _render
    return self.nodelist.render(context)
           ~~~~~~~~~~~~~~~~~~~~^^^^^^^^^
  File "C:\Users\T.SHIGARAKI\Desktop\Projet-Bibliotheque\Projet-bibliotheque-admin\venv_admin\Lib\site-packages\django\template\base.py", line 1016, in render
    return SafeString("".join([node.render_annotated(context) for node in self]))
                               ~~~~~~~~~~~~~~~~~~~~~^^^^^^^^^
  File "C:\Users\T.SHIGARAKI\Desktop\Projet-Bibliotheque\Projet-bibliotheque-admin\venv_admin\Lib\site-packages\django\template\base.py", line 977, in render_annotated
    return self.render(context)
           ~~~~~~~~~~~^^^^^^^^^
  File "C:\Users\T.SHIGARAKI\Desktop\Projet-Bibliotheque\Projet-bibliotheque-admin\venv_admin\Lib\site-packages\django\template\defaulttags.py", line 480, in render
    url = reverse(view_name, args=args, kwargs=kwargs, current_app=current_app)
  File "C:\Users\T.SHIGARAKI\Desktop\Projet-Bibliotheque\Projet-bibliotheque-admin\venv_admin\Lib\site-packages\django\urls\base.py", line 98, in reverse
    resolved_url = resolver._reverse_with_prefix(view, prefix, *args, **kwargs)
  File "C:\Users\T.SHIGARAKI\Desktop\Projet-Bibliotheque\Projet-bibliotheque-admin\venv_admin\Lib\site-packages\django\urls\resolvers.py", line 831, in _reverse_with_prefix
    raise NoReverseMatch(msg)
django.urls.exceptions.NoReverseMatch: Reverse for 'login' not found. 'login' is not a valid view function or pattern name.
Not Found: /accounts/login/
Not Found: /accounts/login/
Not Found: /accounts/login/
Not Found: /accounts/login/
Watching for file changes with StatReloader
Not Found: /favicon.ico
Login failed for username=admin_biblio, errors=<ul class="errorlist"><li>__all__<ul class="errorlist nonfield"><li>Saisissez un nom d’utilisateur et un mot de passe valides. Remarquez que chacun de ces champs est sensible à la casse (différenciation des majuscules/minuscules).</li></ul></li></ul>, data=<QueryDict: {'csrfmiddlewaretoken': ['TyURL7kr3uKf5G5x5CVoLQWTu3uqxyfazVZ2YpqIvI8P3uLSkEXIh9AuRGEcVygp'], 'username': ['admin_biblio'], 'password': ['05juin2006']}>
Login failed for username=admin_biblio, errors=<ul class="errorlist"><li>__all__<ul class="errorlist nonfield"><li>Saisissez un nom d’utilisateur et un mot de passe valides. Remarquez que chacun de ces champs est sensible à la casse (différenciation des majuscules/minuscules).</li></ul></li></ul>, data=<QueryDict: {'csrfmiddlewaretoken': ['n2GdwTd8xNT0hPTbvrK5NAglxYlq4xYL3pLoJbjpZ1hAfDzwKtMpjTUWUBvcsxZ0'], 'username': ['admin_biblio'], 'password': ['05juin2006']}>
User logged in: admin_user, first_login=False
Notification count: total=0
Notification count: total=0
Notification count: total=0
Notification count: total=0
Total des notifications affichées: 0
Notification count: total=0
Notification count: total=0
Notification count: total=0
User created: esso.daniel001, password hash: pbkdf2_sha256$1000000$4lEncB5jugf4G85VRLbkYo$nJLkQBrpaID25+9Zp67gSnxp6zx+rrNBZn/2siQpGTw=, first_login=True
Notification count: total=1
User logged in: esso.daniel001, first_login=True
Notification count: total=0
User logged in: esso.daniel001, first_login=False
User logged in: admin_user, first_login=False
Notification count: total=1
Notification count: total=1
Notification count: total=1
C:\Users\T.SHIGARAKI\Desktop\Projet-Bibliotheque\Projet-bibliotheque-admin\users\views.py changed, reloading.
Watching for file changes with StatReloader
Notification count: total=1
Notification count: total=1
Notification count: total=1
Notification count: total=1
Notification count: total=1
Notification count: total=1
Notification count: total=1
Notification count: total=1
Not Found: /favicon.ico
User logged in: admin_user, first_login=False
Notification count: total=1
Notification count: total=1
C:\Users\T.SHIGARAKI\Desktop\Projet-Bibliotheque\Projet-bibliotheque-admin\users\views.py changed, reloading.
Watching for file changes with StatReloader
C:\Users\T.SHIGARAKI\Desktop\Projet-Bibliotheque\Projet-bibliotheque-admin\users\views.py changed, reloading.
Watching for file changes with StatReloader
C:\Users\T.SHIGARAKI\Desktop\Projet-Bibliotheque\Projet-bibliotheque-admin\users\views.py changed, reloading.
Watching for file changes with StatReloader
Notification count: total=1
Not Found: /favicon.ico
User logged in: admin_user, first_login=False
Not Found: /favicon.ico
Notification count: total=1
Notification count: total=1
Notification count: total=1
Notification count: total=1
C:\Users\T.SHIGARAKI\Desktop\Projet-Bibliotheque\Projet-bibliotheque-admin\users\views.py changed, reloading.
Watching for file changes with StatReloader
Notification count: total=1
Notification count: total=1
Notification count: total=1
User created: esso.daniel001, password hash: pbkdf2_sha256$1000000$0h0RezaVvc1Icy6Pc7tNm7$h6kyXUcgai2F02zZNMOxxa40Wr1K5yKMe1Es2eFKvsw=, first_login=True
Notification count: total=1
Notification count: total=1
Total des notifications affichées: 1
Notification count: total=1
Tentative de suppression de la notification ID 8 par l'utilisateur admin_user
Notification supprimée: ID 8, unique_identifier: 228ab1361b9c41e3f1c436c85d1481f67a6c4010002c36319106dcbd6c674fc4
Notification count: total=0
Notification count: total=0
Notification count: total=0
Notification count: total=0
Notification count: total=0
Notification count: total=1
Not Found: /favicon.ico
Notification count: total=1
Notification count: total=1
Notification count: total=1
Notification count: total=1
Notification count: total=1
Notification count: total=1
Notification count: total=1
Internal Server Error: /books/add-document/course/L2/
Traceback (most recent call last):
  File "C:\Users\T.SHIGARAKI\Desktop\Projet-Bibliotheque\Projet-bibliotheque-admin\venv_admin\Lib\site-packages\django\core\handlers\exception.py", line 55, in inner
    response = get_response(request)
  File "C:\Users\T.SHIGARAKI\Desktop\Projet-Bibliotheque\Projet-bibliotheque-admin\venv_admin\Lib\site-packages\django\core\handlers\base.py", line 197, in _get_response
    response = wrapped_callback(request, *callback_args, **callback_kwargs)
  File "C:\Users\T.SHIGARAKI\Desktop\Projet-Bibliotheque\Projet-bibliotheque-admin\venv_admin\Lib\site-packages\django\contrib\auth\decorators.py", line 59, in _view_wrapper
    return view_func(request, *args, **kwargs)
  File "C:\Users\T.SHIGARAKI\Desktop\Projet-Bibliotheque\Projet-bibliotheque-admin\books\views.py", line 225, in add_document
    document.save()
    ~~~~~~~~~~~~~^^
  File "C:\Users\T.SHIGARAKI\Desktop\Projet-Bibliotheque\Projet-bibliotheque-admin\venv_admin\Lib\site-packages\django\db\models\base.py", line 902, in save
    self.save_base(
    ~~~~~~~~~~~~~~^
        using=using,
        ^^^^^^^^^^^^
    ...<2 lines>...
        update_fields=update_fields,
        ^^^^^^^^^^^^^^^^^^^^^^^^^^^^
    )
    ^
  File "C:\Users\T.SHIGARAKI\Desktop\Projet-Bibliotheque\Projet-bibliotheque-admin\venv_admin\Lib\site-packages\django\db\models\base.py", line 1023, in save_base
    post_save.send(
    ~~~~~~~~~~~~~~^
        sender=origin,
        ^^^^^^^^^^^^^^
    ...<4 lines>...
        using=using,
        ^^^^^^^^^^^^
    )
    ^
  File "C:\Users\T.SHIGARAKI\Desktop\Projet-Bibliotheque\Projet-bibliotheque-admin\venv_admin\Lib\site-packages\django\dispatch\dispatcher.py", line 189, in send
    response = receiver(signal=self, sender=sender, **named)
  File "C:\Users\T.SHIGARAKI\Desktop\Projet-Bibliotheque\Projet-bibliotheque-admin\notifications\signals.py", line 61, in notify_document_added_or_updated
    users = CustomUser.objects.filter(academic_level=instance.academic_level)
  File "C:\Users\T.SHIGARAKI\Desktop\Projet-Bibliotheque\Projet-bibliotheque-admin\venv_admin\Lib\site-packages\django\db\models\manager.py", line 87, in manager_method
    return getattr(self.get_queryset(), name)(*args, **kwargs)
           ~~~~~~~~~~~~~~~~~~~~~~~~~~~~~~~~~~^^^^^^^^^^^^^^^^^
  File "C:\Users\T.SHIGARAKI\Desktop\Projet-Bibliotheque\Projet-bibliotheque-admin\venv_admin\Lib\site-packages\django\db\models\query.py", line 1491, in filter
    return self._filter_or_exclude(False, args, kwargs)
           ~~~~~~~~~~~~~~~~~~~~~~~^^^^^^^^^^^^^^^^^^^^^
  File "C:\Users\T.SHIGARAKI\Desktop\Projet-Bibliotheque\Projet-bibliotheque-admin\venv_admin\Lib\site-packages\django\db\models\query.py", line 1509, in _filter_or_exclude
    clone._filter_or_exclude_inplace(negate, args, kwargs)
    ~~~~~~~~~~~~~~~~~~~~~~~~~~~~~~~~^^^^^^^^^^^^^^^^^^^^^^
  File "C:\Users\T.SHIGARAKI\Desktop\Projet-Bibliotheque\Projet-bibliotheque-admin\venv_admin\Lib\site-packages\django\db\models\query.py", line 1516, in _filter_or_exclude_inplace
    self._query.add_q(Q(*args, **kwargs))
    ~~~~~~~~~~~~~~~~~^^^^^^^^^^^^^^^^^^^^
  File "C:\Users\T.SHIGARAKI\Desktop\Projet-Bibliotheque\Projet-bibliotheque-admin\venv_admin\Lib\site-packages\django\db\models\sql\query.py", line 1643, in add_q
    clause, _ = self._add_q(q_object, can_reuse)
                ~~~~~~~~~~~^^^^^^^^^^^^^^^^^^^^^
  File "C:\Users\T.SHIGARAKI\Desktop\Projet-Bibliotheque\Projet-bibliotheque-admin\venv_admin\Lib\site-packages\django\db\models\sql\query.py", line 1675, in _add_q
    child_clause, needed_inner = self.build_filter(
                                 ~~~~~~~~~~~~~~~~~^
        child,
        ^^^^^^
    ...<7 lines>...
        update_join_types=update_join_types,
        ^^^^^^^^^^^^^^^^^^^^^^^^^^^^^^^^^^^^
    )
    ^
  File "C:\Users\T.SHIGARAKI\Desktop\Projet-Bibliotheque\Projet-bibliotheque-admin\venv_admin\Lib\site-packages\django\db\models\sql\query.py", line 1523, in build_filter
    lookups, parts, reffed_expression = self.solve_lookup_type(arg, summarize)
                                        ~~~~~~~~~~~~~~~~~~~~~~^^^^^^^^^^^^^^^^
  File "C:\Users\T.SHIGARAKI\Desktop\Projet-Bibliotheque\Projet-bibliotheque-admin\venv_admin\Lib\site-packages\django\db\models\sql\query.py", line 1330, in solve_lookup_type
    _, field, _, lookup_parts = self.names_to_path(lookup_splitted, self.get_meta())
                                ~~~~~~~~~~~~~~~~~~^^^^^^^^^^^^^^^^^^^^^^^^^^^^^^^^^^
  File "C:\Users\T.SHIGARAKI\Desktop\Projet-Bibliotheque\Projet-bibliotheque-admin\venv_admin\Lib\site-packages\django\db\models\sql\query.py", line 1802, in names_to_path
    raise FieldError(
    ...<2 lines>...
    )
django.core.exceptions.FieldError: Cannot resolve keyword 'academic_level' into field. Choices are: date_joined, deleted_notifications, department, email, favorites, first_login, first_name, groups, id, is_active, is_staff, is_superuser, last_login, last_name, logentry, notifications, password, phone_number, student_id, user_permissions, user_type, username
C:\Users\T.SHIGARAKI\Desktop\Projet-Bibliotheque\Projet-bibliotheque-admin\books\forms.py changed, reloading.
Watching for file changes with StatReloader
C:\Users\T.SHIGARAKI\Desktop\Projet-Bibliotheque\Projet-bibliotheque-admin\books\forms.py changed, reloading.
Watching for file changes with StatReloader
Watching for file changes with StatReloader
Notification count: total=2
Internal Server Error: /books/add-document/course/L3/
Traceback (most recent call last):
  File "C:\Users\T.SHIGARAKI\Desktop\Projet-Bibliotheque\Projet-bibliotheque-admin\venv_admin\Lib\site-packages\django\core\handlers\exception.py", line 55, in inner
    response = get_response(request)
  File "C:\Users\T.SHIGARAKI\Desktop\Projet-Bibliotheque\Projet-bibliotheque-admin\venv_admin\Lib\site-packages\django\core\handlers\base.py", line 197, in _get_response
    response = wrapped_callback(request, *callback_args, **callback_kwargs)
  File "C:\Users\T.SHIGARAKI\Desktop\Projet-Bibliotheque\Projet-bibliotheque-admin\venv_admin\Lib\site-packages\django\contrib\auth\decorators.py", line 59, in _view_wrapper
    return view_func(request, *args, **kwargs)
  File "C:\Users\T.SHIGARAKI\Desktop\Projet-Bibliotheque\Projet-bibliotheque-admin\books\views.py", line 225, in add_document
    document.save()
    ~~~~~~~~~~~~~^^
  File "C:\Users\T.SHIGARAKI\Desktop\Projet-Bibliotheque\Projet-bibliotheque-admin\venv_admin\Lib\site-packages\django\db\models\base.py", line 902, in save
    self.save_base(
    ~~~~~~~~~~~~~~^
        using=using,
        ^^^^^^^^^^^^
    ...<2 lines>...
        update_fields=update_fields,
        ^^^^^^^^^^^^^^^^^^^^^^^^^^^^
    )
    ^
  File "C:\Users\T.SHIGARAKI\Desktop\Projet-Bibliotheque\Projet-bibliotheque-admin\venv_admin\Lib\site-packages\django\db\models\base.py", line 1023, in save_base
    post_save.send(
    ~~~~~~~~~~~~~~^
        sender=origin,
        ^^^^^^^^^^^^^^
    ...<4 lines>...
        using=using,
        ^^^^^^^^^^^^
    )
    ^
  File "C:\Users\T.SHIGARAKI\Desktop\Projet-Bibliotheque\Projet-bibliotheque-admin\venv_admin\Lib\site-packages\django\dispatch\dispatcher.py", line 189, in send
    response = receiver(signal=self, sender=sender, **named)
  File "C:\Users\T.SHIGARAKI\Desktop\Projet-Bibliotheque\Projet-bibliotheque-admin\notifications\signals.py", line 61, in notify_document_added_or_updated
    users = CustomUser.objects.filter(academic_level=instance.academic_level)
  File "C:\Users\T.SHIGARAKI\Desktop\Projet-Bibliotheque\Projet-bibliotheque-admin\venv_admin\Lib\site-packages\django\db\models\manager.py", line 87, in manager_method
    return getattr(self.get_queryset(), name)(*args, **kwargs)
           ~~~~~~~~~~~~~~~~~~~~~~~~~~~~~~~~~~^^^^^^^^^^^^^^^^^
  File "C:\Users\T.SHIGARAKI\Desktop\Projet-Bibliotheque\Projet-bibliotheque-admin\venv_admin\Lib\site-packages\django\db\models\query.py", line 1491, in filter
    return self._filter_or_exclude(False, args, kwargs)
           ~~~~~~~~~~~~~~~~~~~~~~~^^^^^^^^^^^^^^^^^^^^^
  File "C:\Users\T.SHIGARAKI\Desktop\Projet-Bibliotheque\Projet-bibliotheque-admin\venv_admin\Lib\site-packages\django\db\models\query.py", line 1509, in _filter_or_exclude
    clone._filter_or_exclude_inplace(negate, args, kwargs)
    ~~~~~~~~~~~~~~~~~~~~~~~~~~~~~~~~^^^^^^^^^^^^^^^^^^^^^^
  File "C:\Users\T.SHIGARAKI\Desktop\Projet-Bibliotheque\Projet-bibliotheque-admin\venv_admin\Lib\site-packages\django\db\models\query.py", line 1516, in _filter_or_exclude_inplace
    self._query.add_q(Q(*args, **kwargs))
    ~~~~~~~~~~~~~~~~~^^^^^^^^^^^^^^^^^^^^
  File "C:\Users\T.SHIGARAKI\Desktop\Projet-Bibliotheque\Projet-bibliotheque-admin\venv_admin\Lib\site-packages\django\db\models\sql\query.py", line 1643, in add_q
    clause, _ = self._add_q(q_object, can_reuse)
                ~~~~~~~~~~~^^^^^^^^^^^^^^^^^^^^^
  File "C:\Users\T.SHIGARAKI\Desktop\Projet-Bibliotheque\Projet-bibliotheque-admin\venv_admin\Lib\site-packages\django\db\models\sql\query.py", line 1675, in _add_q
    child_clause, needed_inner = self.build_filter(
                                 ~~~~~~~~~~~~~~~~~^
        child,
        ^^^^^^
    ...<7 lines>...
        update_join_types=update_join_types,
        ^^^^^^^^^^^^^^^^^^^^^^^^^^^^^^^^^^^^
    )
    ^
  File "C:\Users\T.SHIGARAKI\Desktop\Projet-Bibliotheque\Projet-bibliotheque-admin\venv_admin\Lib\site-packages\django\db\models\sql\query.py", line 1523, in build_filter
    lookups, parts, reffed_expression = self.solve_lookup_type(arg, summarize)
                                        ~~~~~~~~~~~~~~~~~~~~~~^^^^^^^^^^^^^^^^
  File "C:\Users\T.SHIGARAKI\Desktop\Projet-Bibliotheque\Projet-bibliotheque-admin\venv_admin\Lib\site-packages\django\db\models\sql\query.py", line 1330, in solve_lookup_type
    _, field, _, lookup_parts = self.names_to_path(lookup_splitted, self.get_meta())
                                ~~~~~~~~~~~~~~~~~~^^^^^^^^^^^^^^^^^^^^^^^^^^^^^^^^^^
  File "C:\Users\T.SHIGARAKI\Desktop\Projet-Bibliotheque\Projet-bibliotheque-admin\venv_admin\Lib\site-packages\django\db\models\sql\query.py", line 1802, in names_to_path
    raise FieldError(
    ...<2 lines>...
    )
django.core.exceptions.FieldError: Cannot resolve keyword 'academic_level' into field. Choices are: date_joined, deleted_notifications, department, email, favorites, first_login, first_name, groups, id, is_active, is_staff, is_superuser, last_login, last_name, logentry, notifications, password, phone_number, student_id, user_permissions, user_type, username
Notification count: total=3
Notification count: total=3
Notification count: total=3
Internal Server Error: /books/add-document/course/L3/
Traceback (most recent call last):
  File "C:\Users\T.SHIGARAKI\Desktop\Projet-Bibliotheque\Projet-bibliotheque-admin\venv_admin\Lib\site-packages\django\core\handlers\exception.py", line 55, in inner
    response = get_response(request)
  File "C:\Users\T.SHIGARAKI\Desktop\Projet-Bibliotheque\Projet-bibliotheque-admin\venv_admin\Lib\site-packages\django\core\handlers\base.py", line 197, in _get_response
    response = wrapped_callback(request, *callback_args, **callback_kwargs)
  File "C:\Users\T.SHIGARAKI\Desktop\Projet-Bibliotheque\Projet-bibliotheque-admin\venv_admin\Lib\site-packages\django\contrib\auth\decorators.py", line 59, in _view_wrapper
    return view_func(request, *args, **kwargs)
  File "C:\Users\T.SHIGARAKI\Desktop\Projet-Bibliotheque\Projet-bibliotheque-admin\books\views.py", line 225, in add_document
    document.save()
    ~~~~~~~~~~~~~^^
  File "C:\Users\T.SHIGARAKI\Desktop\Projet-Bibliotheque\Projet-bibliotheque-admin\venv_admin\Lib\site-packages\django\db\models\base.py", line 902, in save
    self.save_base(
    ~~~~~~~~~~~~~~^
        using=using,
        ^^^^^^^^^^^^
    ...<2 lines>...
        update_fields=update_fields,
        ^^^^^^^^^^^^^^^^^^^^^^^^^^^^
    )
    ^
  File "C:\Users\T.SHIGARAKI\Desktop\Projet-Bibliotheque\Projet-bibliotheque-admin\venv_admin\Lib\site-packages\django\db\models\base.py", line 1023, in save_base
    post_save.send(
    ~~~~~~~~~~~~~~^
        sender=origin,
        ^^^^^^^^^^^^^^
    ...<4 lines>...
        using=using,
        ^^^^^^^^^^^^
    )
    ^
  File "C:\Users\T.SHIGARAKI\Desktop\Projet-Bibliotheque\Projet-bibliotheque-admin\venv_admin\Lib\site-packages\django\dispatch\dispatcher.py", line 189, in send
    response = receiver(signal=self, sender=sender, **named)
  File "C:\Users\T.SHIGARAKI\Desktop\Projet-Bibliotheque\Projet-bibliotheque-admin\notifications\signals.py", line 61, in notify_document_added_or_updated
    users = CustomUser.objects.filter(academic_level=instance.academic_level)
  File "C:\Users\T.SHIGARAKI\Desktop\Projet-Bibliotheque\Projet-bibliotheque-admin\venv_admin\Lib\site-packages\django\db\models\manager.py", line 87, in manager_method
    return getattr(self.get_queryset(), name)(*args, **kwargs)
           ~~~~~~~~~~~~~~~~~~~~~~~~~~~~~~~~~~^^^^^^^^^^^^^^^^^
  File "C:\Users\T.SHIGARAKI\Desktop\Projet-Bibliotheque\Projet-bibliotheque-admin\venv_admin\Lib\site-packages\django\db\models\query.py", line 1491, in filter
    return self._filter_or_exclude(False, args, kwargs)
           ~~~~~~~~~~~~~~~~~~~~~~~^^^^^^^^^^^^^^^^^^^^^
  File "C:\Users\T.SHIGARAKI\Desktop\Projet-Bibliotheque\Projet-bibliotheque-admin\venv_admin\Lib\site-packages\django\db\models\query.py", line 1509, in _filter_or_exclude
    clone._filter_or_exclude_inplace(negate, args, kwargs)
    ~~~~~~~~~~~~~~~~~~~~~~~~~~~~~~~~^^^^^^^^^^^^^^^^^^^^^^
  File "C:\Users\T.SHIGARAKI\Desktop\Projet-Bibliotheque\Projet-bibliotheque-admin\venv_admin\Lib\site-packages\django\db\models\query.py", line 1516, in _filter_or_exclude_inplace
    self._query.add_q(Q(*args, **kwargs))
    ~~~~~~~~~~~~~~~~~^^^^^^^^^^^^^^^^^^^^
  File "C:\Users\T.SHIGARAKI\Desktop\Projet-Bibliotheque\Projet-bibliotheque-admin\venv_admin\Lib\site-packages\django\db\models\sql\query.py", line 1643, in add_q
    clause, _ = self._add_q(q_object, can_reuse)
                ~~~~~~~~~~~^^^^^^^^^^^^^^^^^^^^^
  File "C:\Users\T.SHIGARAKI\Desktop\Projet-Bibliotheque\Projet-bibliotheque-admin\venv_admin\Lib\site-packages\django\db\models\sql\query.py", line 1675, in _add_q
    child_clause, needed_inner = self.build_filter(
                                 ~~~~~~~~~~~~~~~~~^
        child,
        ^^^^^^
    ...<7 lines>...
        update_join_types=update_join_types,
        ^^^^^^^^^^^^^^^^^^^^^^^^^^^^^^^^^^^^
    )
    ^
  File "C:\Users\T.SHIGARAKI\Desktop\Projet-Bibliotheque\Projet-bibliotheque-admin\venv_admin\Lib\site-packages\django\db\models\sql\query.py", line 1523, in build_filter
    lookups, parts, reffed_expression = self.solve_lookup_type(arg, summarize)
                                        ~~~~~~~~~~~~~~~~~~~~~~^^^^^^^^^^^^^^^^
  File "C:\Users\T.SHIGARAKI\Desktop\Projet-Bibliotheque\Projet-bibliotheque-admin\venv_admin\Lib\site-packages\django\db\models\sql\query.py", line 1330, in solve_lookup_type
    _, field, _, lookup_parts = self.names_to_path(lookup_splitted, self.get_meta())
                                ~~~~~~~~~~~~~~~~~~^^^^^^^^^^^^^^^^^^^^^^^^^^^^^^^^^^
  File "C:\Users\T.SHIGARAKI\Desktop\Projet-Bibliotheque\Projet-bibliotheque-admin\venv_admin\Lib\site-packages\django\db\models\sql\query.py", line 1802, in names_to_path
    raise FieldError(
    ...<2 lines>...
    )
django.core.exceptions.FieldError: Cannot resolve keyword 'academic_level' into field. Choices are: date_joined, deleted_notifications, department, email, favorites, first_login, first_name, groups, id, is_active, is_staff, is_superuser, last_login, last_name, logentry, notifications, password, phone_number, student_id, user_permissions, user_type, username
C:\Users\T.SHIGARAKI\Desktop\Projet-Bibliotheque\Projet-bibliotheque-admin\books\models.py changed, reloading.
Watching for file changes with StatReloader
Watching for file changes with StatReloader
Notification count: total=3
Notification count: total=3
Notification count: total=3
Internal Server Error: /books/add-document/exam/L2/
Traceback (most recent call last):
  File "C:\Users\T.SHIGARAKI\Desktop\Projet-Bibliotheque\Projet-bibliotheque-admin\venv_admin\Lib\site-packages\django\core\handlers\exception.py", line 55, in inner
    response = get_response(request)
  File "C:\Users\T.SHIGARAKI\Desktop\Projet-Bibliotheque\Projet-bibliotheque-admin\venv_admin\Lib\site-packages\django\core\handlers\base.py", line 197, in _get_response
    response = wrapped_callback(request, *callback_args, **callback_kwargs)
  File "C:\Users\T.SHIGARAKI\Desktop\Projet-Bibliotheque\Projet-bibliotheque-admin\venv_admin\Lib\site-packages\django\contrib\auth\decorators.py", line 59, in _view_wrapper
    return view_func(request, *args, **kwargs)
  File "C:\Users\T.SHIGARAKI\Desktop\Projet-Bibliotheque\Projet-bibliotheque-admin\books\views.py", line 230, in add_document
    document.save()
    ~~~~~~~~~~~~~^^
  File "C:\Users\T.SHIGARAKI\Desktop\Projet-Bibliotheque\Projet-bibliotheque-admin\venv_admin\Lib\site-packages\django\db\models\base.py", line 902, in save
    self.save_base(
    ~~~~~~~~~~~~~~^
        using=using,
        ^^^^^^^^^^^^
    ...<2 lines>...
        update_fields=update_fields,
        ^^^^^^^^^^^^^^^^^^^^^^^^^^^^
    )
    ^
  File "C:\Users\T.SHIGARAKI\Desktop\Projet-Bibliotheque\Projet-bibliotheque-admin\venv_admin\Lib\site-packages\django\db\models\base.py", line 1023, in save_base
    post_save.send(
    ~~~~~~~~~~~~~~^
        sender=origin,
        ^^^^^^^^^^^^^^
    ...<4 lines>...
        using=using,
        ^^^^^^^^^^^^
    )
    ^
  File "C:\Users\T.SHIGARAKI\Desktop\Projet-Bibliotheque\Projet-bibliotheque-admin\venv_admin\Lib\site-packages\django\dispatch\dispatcher.py", line 189, in send
    response = receiver(signal=self, sender=sender, **named)
  File "C:\Users\T.SHIGARAKI\Desktop\Projet-Bibliotheque\Projet-bibliotheque-admin\notifications\signals.py", line 61, in notify_document_added_or_updated
    users = CustomUser.objects.filter(academic_level=instance.academic_level)
  File "C:\Users\T.SHIGARAKI\Desktop\Projet-Bibliotheque\Projet-bibliotheque-admin\venv_admin\Lib\site-packages\django\db\models\manager.py", line 87, in manager_method
    return getattr(self.get_queryset(), name)(*args, **kwargs)
           ~~~~~~~~~~~~~~~~~~~~~~~~~~~~~~~~~~^^^^^^^^^^^^^^^^^
  File "C:\Users\T.SHIGARAKI\Desktop\Projet-Bibliotheque\Projet-bibliotheque-admin\venv_admin\Lib\site-packages\django\db\models\query.py", line 1491, in filter
    return self._filter_or_exclude(False, args, kwargs)
           ~~~~~~~~~~~~~~~~~~~~~~~^^^^^^^^^^^^^^^^^^^^^
  File "C:\Users\T.SHIGARAKI\Desktop\Projet-Bibliotheque\Projet-bibliotheque-admin\venv_admin\Lib\site-packages\django\db\models\query.py", line 1509, in _filter_or_exclude
    clone._filter_or_exclude_inplace(negate, args, kwargs)
    ~~~~~~~~~~~~~~~~~~~~~~~~~~~~~~~~^^^^^^^^^^^^^^^^^^^^^^
  File "C:\Users\T.SHIGARAKI\Desktop\Projet-Bibliotheque\Projet-bibliotheque-admin\venv_admin\Lib\site-packages\django\db\models\query.py", line 1516, in _filter_or_exclude_inplace
    self._query.add_q(Q(*args, **kwargs))
    ~~~~~~~~~~~~~~~~~^^^^^^^^^^^^^^^^^^^^
  File "C:\Users\T.SHIGARAKI\Desktop\Projet-Bibliotheque\Projet-bibliotheque-admin\venv_admin\Lib\site-packages\django\db\models\sql\query.py", line 1643, in add_q
    clause, _ = self._add_q(q_object, can_reuse)
                ~~~~~~~~~~~^^^^^^^^^^^^^^^^^^^^^
  File "C:\Users\T.SHIGARAKI\Desktop\Projet-Bibliotheque\Projet-bibliotheque-admin\venv_admin\Lib\site-packages\django\db\models\sql\query.py", line 1675, in _add_q
    child_clause, needed_inner = self.build_filter(
                                 ~~~~~~~~~~~~~~~~~^
        child,
        ^^^^^^
    ...<7 lines>...
        update_join_types=update_join_types,
        ^^^^^^^^^^^^^^^^^^^^^^^^^^^^^^^^^^^^
    )
    ^
  File "C:\Users\T.SHIGARAKI\Desktop\Projet-Bibliotheque\Projet-bibliotheque-admin\venv_admin\Lib\site-packages\django\db\models\sql\query.py", line 1523, in build_filter
    lookups, parts, reffed_expression = self.solve_lookup_type(arg, summarize)
                                        ~~~~~~~~~~~~~~~~~~~~~~^^^^^^^^^^^^^^^^
  File "C:\Users\T.SHIGARAKI\Desktop\Projet-Bibliotheque\Projet-bibliotheque-admin\venv_admin\Lib\site-packages\django\db\models\sql\query.py", line 1330, in solve_lookup_type
    _, field, _, lookup_parts = self.names_to_path(lookup_splitted, self.get_meta())
                                ~~~~~~~~~~~~~~~~~~^^^^^^^^^^^^^^^^^^^^^^^^^^^^^^^^^^
  File "C:\Users\T.SHIGARAKI\Desktop\Projet-Bibliotheque\Projet-bibliotheque-admin\venv_admin\Lib\site-packages\django\db\models\sql\query.py", line 1802, in names_to_path
    raise FieldError(
    ...<2 lines>...
    )
django.core.exceptions.FieldError: Cannot resolve keyword 'academic_level' into field. Choices are: date_joined, deleted_notifications, department, email, favorites, first_login, first_name, groups, id, is_active, is_staff, is_superuser, last_login, last_name, logentry, notifications, password, phone_number, student_id, user_permissions, user_type, username
Notification count: total=4
Internal Server Error: /books/add-document/exam/L2/
Traceback (most recent call last):
  File "C:\Users\T.SHIGARAKI\Desktop\Projet-Bibliotheque\Projet-bibliotheque-admin\venv_admin\Lib\site-packages\django\core\handlers\exception.py", line 55, in inner
    response = get_response(request)
  File "C:\Users\T.SHIGARAKI\Desktop\Projet-Bibliotheque\Projet-bibliotheque-admin\venv_admin\Lib\site-packages\django\core\handlers\base.py", line 197, in _get_response
    response = wrapped_callback(request, *callback_args, **callback_kwargs)
  File "C:\Users\T.SHIGARAKI\Desktop\Projet-Bibliotheque\Projet-bibliotheque-admin\venv_admin\Lib\site-packages\django\contrib\auth\decorators.py", line 59, in _view_wrapper
    return view_func(request, *args, **kwargs)
  File "C:\Users\T.SHIGARAKI\Desktop\Projet-Bibliotheque\Projet-bibliotheque-admin\books\views.py", line 230, in add_document
    document.save()
    ~~~~~~~~~~~~~^^
  File "C:\Users\T.SHIGARAKI\Desktop\Projet-Bibliotheque\Projet-bibliotheque-admin\venv_admin\Lib\site-packages\django\db\models\base.py", line 902, in save
    self.save_base(
    ~~~~~~~~~~~~~~^
        using=using,
        ^^^^^^^^^^^^
    ...<2 lines>...
        update_fields=update_fields,
        ^^^^^^^^^^^^^^^^^^^^^^^^^^^^
    )
    ^
  File "C:\Users\T.SHIGARAKI\Desktop\Projet-Bibliotheque\Projet-bibliotheque-admin\venv_admin\Lib\site-packages\django\db\models\base.py", line 1023, in save_base
    post_save.send(
    ~~~~~~~~~~~~~~^
        sender=origin,
        ^^^^^^^^^^^^^^
    ...<4 lines>...
        using=using,
        ^^^^^^^^^^^^
    )
    ^
  File "C:\Users\T.SHIGARAKI\Desktop\Projet-Bibliotheque\Projet-bibliotheque-admin\venv_admin\Lib\site-packages\django\dispatch\dispatcher.py", line 189, in send
    response = receiver(signal=self, sender=sender, **named)
  File "C:\Users\T.SHIGARAKI\Desktop\Projet-Bibliotheque\Projet-bibliotheque-admin\notifications\signals.py", line 61, in notify_document_added_or_updated
    users = CustomUser.objects.filter(academic_level=instance.academic_level)
  File "C:\Users\T.SHIGARAKI\Desktop\Projet-Bibliotheque\Projet-bibliotheque-admin\venv_admin\Lib\site-packages\django\db\models\manager.py", line 87, in manager_method
    return getattr(self.get_queryset(), name)(*args, **kwargs)
           ~~~~~~~~~~~~~~~~~~~~~~~~~~~~~~~~~~^^^^^^^^^^^^^^^^^
  File "C:\Users\T.SHIGARAKI\Desktop\Projet-Bibliotheque\Projet-bibliotheque-admin\venv_admin\Lib\site-packages\django\db\models\query.py", line 1491, in filter
    return self._filter_or_exclude(False, args, kwargs)
           ~~~~~~~~~~~~~~~~~~~~~~~^^^^^^^^^^^^^^^^^^^^^
  File "C:\Users\T.SHIGARAKI\Desktop\Projet-Bibliotheque\Projet-bibliotheque-admin\venv_admin\Lib\site-packages\django\db\models\query.py", line 1509, in _filter_or_exclude
    clone._filter_or_exclude_inplace(negate, args, kwargs)
    ~~~~~~~~~~~~~~~~~~~~~~~~~~~~~~~~^^^^^^^^^^^^^^^^^^^^^^
  File "C:\Users\T.SHIGARAKI\Desktop\Projet-Bibliotheque\Projet-bibliotheque-admin\venv_admin\Lib\site-packages\django\db\models\query.py", line 1516, in _filter_or_exclude_inplace
    self._query.add_q(Q(*args, **kwargs))
    ~~~~~~~~~~~~~~~~~^^^^^^^^^^^^^^^^^^^^
  File "C:\Users\T.SHIGARAKI\Desktop\Projet-Bibliotheque\Projet-bibliotheque-admin\venv_admin\Lib\site-packages\django\db\models\sql\query.py", line 1643, in add_q
    clause, _ = self._add_q(q_object, can_reuse)
                ~~~~~~~~~~~^^^^^^^^^^^^^^^^^^^^^
  File "C:\Users\T.SHIGARAKI\Desktop\Projet-Bibliotheque\Projet-bibliotheque-admin\venv_admin\Lib\site-packages\django\db\models\sql\query.py", line 1675, in _add_q
    child_clause, needed_inner = self.build_filter(
                                 ~~~~~~~~~~~~~~~~~^
        child,
        ^^^^^^
    ...<7 lines>...
        update_join_types=update_join_types,
        ^^^^^^^^^^^^^^^^^^^^^^^^^^^^^^^^^^^^
    )
    ^
  File "C:\Users\T.SHIGARAKI\Desktop\Projet-Bibliotheque\Projet-bibliotheque-admin\venv_admin\Lib\site-packages\django\db\models\sql\query.py", line 1523, in build_filter
    lookups, parts, reffed_expression = self.solve_lookup_type(arg, summarize)
                                        ~~~~~~~~~~~~~~~~~~~~~~^^^^^^^^^^^^^^^^
  File "C:\Users\T.SHIGARAKI\Desktop\Projet-Bibliotheque\Projet-bibliotheque-admin\venv_admin\Lib\site-packages\django\db\models\sql\query.py", line 1330, in solve_lookup_type
    _, field, _, lookup_parts = self.names_to_path(lookup_splitted, self.get_meta())
                                ~~~~~~~~~~~~~~~~~~^^^^^^^^^^^^^^^^^^^^^^^^^^^^^^^^^^
  File "C:\Users\T.SHIGARAKI\Desktop\Projet-Bibliotheque\Projet-bibliotheque-admin\venv_admin\Lib\site-packages\django\db\models\sql\query.py", line 1802, in names_to_path
    raise FieldError(
    ...<2 lines>...
    )
django.core.exceptions.FieldError: Cannot resolve keyword 'academic_level' into field. Choices are: date_joined, deleted_notifications, department, email, favorites, first_login, first_name, groups, id, is_active, is_staff, is_superuser, last_login, last_name, logentry, notifications, password, phone_number, student_id, user_permissions, user_type, username
C:\Users\T.SHIGARAKI\Desktop\Projet-Bibliotheque\Projet-bibliotheque-admin\books\views.py changed, reloading.
Watching for file changes with StatReloader
C:\Users\T.SHIGARAKI\Desktop\Projet-Bibliotheque\Projet-bibliotheque-admin\books\forms.py changed, reloading.
Watching for file changes with StatReloader
C:\Users\T.SHIGARAKI\Desktop\Projet-Bibliotheque\Projet-bibliotheque-admin\books\views.py changed, reloading.
Watching for file changes with StatReloader
Internal Server Error: /books/add-document/exam/L2/
Traceback (most recent call last):
  File "C:\Users\T.SHIGARAKI\Desktop\Projet-Bibliotheque\Projet-bibliotheque-admin\venv_admin\Lib\site-packages\django\core\handlers\exception.py", line 55, in inner
    response = get_response(request)
  File "C:\Users\T.SHIGARAKI\Desktop\Projet-Bibliotheque\Projet-bibliotheque-admin\venv_admin\Lib\site-packages\django\core\handlers\base.py", line 197, in _get_response
    response = wrapped_callback(request, *callback_args, **callback_kwargs)
  File "C:\Users\T.SHIGARAKI\Desktop\Projet-Bibliotheque\Projet-bibliotheque-admin\venv_admin\Lib\site-packages\django\contrib\auth\decorators.py", line 59, in _view_wrapper
    return view_func(request, *args, **kwargs)
  File "C:\Users\T.SHIGARAKI\Desktop\Projet-Bibliotheque\Projet-bibliotheque-admin\books\views.py", line 230, in add_document
    document.save()
    ~~~~~~~~~~~~~^^
  File "C:\Users\T.SHIGARAKI\Desktop\Projet-Bibliotheque\Projet-bibliotheque-admin\venv_admin\Lib\site-packages\django\db\models\base.py", line 902, in save
    self.save_base(
    ~~~~~~~~~~~~~~^
        using=using,
        ^^^^^^^^^^^^
    ...<2 lines>...
        update_fields=update_fields,
        ^^^^^^^^^^^^^^^^^^^^^^^^^^^^
    )
    ^
  File "C:\Users\T.SHIGARAKI\Desktop\Projet-Bibliotheque\Projet-bibliotheque-admin\venv_admin\Lib\site-packages\django\db\models\base.py", line 1023, in save_base
    post_save.send(
    ~~~~~~~~~~~~~~^
        sender=origin,
        ^^^^^^^^^^^^^^
    ...<4 lines>...
        using=using,
        ^^^^^^^^^^^^
    )
    ^
  File "C:\Users\T.SHIGARAKI\Desktop\Projet-Bibliotheque\Projet-bibliotheque-admin\venv_admin\Lib\site-packages\django\dispatch\dispatcher.py", line 189, in send
    response = receiver(signal=self, sender=sender, **named)
  File "C:\Users\T.SHIGARAKI\Desktop\Projet-Bibliotheque\Projet-bibliotheque-admin\notifications\signals.py", line 61, in notify_document_added_or_updated
    users = CustomUser.objects.filter(academic_level=instance.academic_level)
  File "C:\Users\T.SHIGARAKI\Desktop\Projet-Bibliotheque\Projet-bibliotheque-admin\venv_admin\Lib\site-packages\django\db\models\manager.py", line 87, in manager_method
    return getattr(self.get_queryset(), name)(*args, **kwargs)
           ~~~~~~~~~~~~~~~~~~~~~~~~~~~~~~~~~~^^^^^^^^^^^^^^^^^
  File "C:\Users\T.SHIGARAKI\Desktop\Projet-Bibliotheque\Projet-bibliotheque-admin\venv_admin\Lib\site-packages\django\db\models\query.py", line 1491, in filter
    return self._filter_or_exclude(False, args, kwargs)
           ~~~~~~~~~~~~~~~~~~~~~~~^^^^^^^^^^^^^^^^^^^^^
  File "C:\Users\T.SHIGARAKI\Desktop\Projet-Bibliotheque\Projet-bibliotheque-admin\venv_admin\Lib\site-packages\django\db\models\query.py", line 1509, in _filter_or_exclude
    clone._filter_or_exclude_inplace(negate, args, kwargs)
    ~~~~~~~~~~~~~~~~~~~~~~~~~~~~~~~~^^^^^^^^^^^^^^^^^^^^^^
  File "C:\Users\T.SHIGARAKI\Desktop\Projet-Bibliotheque\Projet-bibliotheque-admin\venv_admin\Lib\site-packages\django\db\models\query.py", line 1516, in _filter_or_exclude_inplace
    self._query.add_q(Q(*args, **kwargs))
    ~~~~~~~~~~~~~~~~~^^^^^^^^^^^^^^^^^^^^
  File "C:\Users\T.SHIGARAKI\Desktop\Projet-Bibliotheque\Projet-bibliotheque-admin\venv_admin\Lib\site-packages\django\db\models\sql\query.py", line 1643, in add_q
    clause, _ = self._add_q(q_object, can_reuse)
                ~~~~~~~~~~~^^^^^^^^^^^^^^^^^^^^^
  File "C:\Users\T.SHIGARAKI\Desktop\Projet-Bibliotheque\Projet-bibliotheque-admin\venv_admin\Lib\site-packages\django\db\models\sql\query.py", line 1675, in _add_q
    child_clause, needed_inner = self.build_filter(
                                 ~~~~~~~~~~~~~~~~~^
        child,
        ^^^^^^
    ...<7 lines>...
        update_join_types=update_join_types,
        ^^^^^^^^^^^^^^^^^^^^^^^^^^^^^^^^^^^^
    )
    ^
  File "C:\Users\T.SHIGARAKI\Desktop\Projet-Bibliotheque\Projet-bibliotheque-admin\venv_admin\Lib\site-packages\django\db\models\sql\query.py", line 1523, in build_filter
    lookups, parts, reffed_expression = self.solve_lookup_type(arg, summarize)
                                        ~~~~~~~~~~~~~~~~~~~~~~^^^^^^^^^^^^^^^^
  File "C:\Users\T.SHIGARAKI\Desktop\Projet-Bibliotheque\Projet-bibliotheque-admin\venv_admin\Lib\site-packages\django\db\models\sql\query.py", line 1330, in solve_lookup_type
    _, field, _, lookup_parts = self.names_to_path(lookup_splitted, self.get_meta())
                                ~~~~~~~~~~~~~~~~~~^^^^^^^^^^^^^^^^^^^^^^^^^^^^^^^^^^
  File "C:\Users\T.SHIGARAKI\Desktop\Projet-Bibliotheque\Projet-bibliotheque-admin\venv_admin\Lib\site-packages\django\db\models\sql\query.py", line 1802, in names_to_path
    raise FieldError(
    ...<2 lines>...
    )
django.core.exceptions.FieldError: Cannot resolve keyword 'academic_level' into field. Choices are: date_joined, deleted_notifications, department, email, favorites, first_login, first_name, groups, id, is_active, is_staff, is_superuser, last_login, last_name, logentry, notifications, password, phone_number, student_id, user_permissions, user_type, username
C:\Users\T.SHIGARAKI\Desktop\Projet-Bibliotheque\Projet-bibliotheque-admin\books\views.py changed, reloading.
Watching for file changes with StatReloader
C:\Users\T.SHIGARAKI\Desktop\Projet-Bibliotheque\Projet-bibliotheque-admin\books\forms.py changed, reloading.
Watching for file changes with StatReloader
Notification count: total=4
Notification count: total=4
Internal Server Error: /books/add-document/exam/L2/
Traceback (most recent call last):
  File "C:\Users\T.SHIGARAKI\Desktop\Projet-Bibliotheque\Projet-bibliotheque-admin\venv_admin\Lib\site-packages\django\core\handlers\exception.py", line 55, in inner
    response = get_response(request)
  File "C:\Users\T.SHIGARAKI\Desktop\Projet-Bibliotheque\Projet-bibliotheque-admin\venv_admin\Lib\site-packages\django\core\handlers\base.py", line 197, in _get_response
    response = wrapped_callback(request, *callback_args, **callback_kwargs)
  File "C:\Users\T.SHIGARAKI\Desktop\Projet-Bibliotheque\Projet-bibliotheque-admin\venv_admin\Lib\site-packages\django\contrib\auth\decorators.py", line 59, in _view_wrapper
    return view_func(request, *args, **kwargs)
  File "C:\Users\T.SHIGARAKI\Desktop\Projet-Bibliotheque\Projet-bibliotheque-admin\books\views.py", line 223, in add_document
    document.save()
    ~~~~~~~~~~~~~^^
  File "C:\Users\T.SHIGARAKI\Desktop\Projet-Bibliotheque\Projet-bibliotheque-admin\venv_admin\Lib\site-packages\django\db\models\base.py", line 902, in save
    self.save_base(
    ~~~~~~~~~~~~~~^
        using=using,
        ^^^^^^^^^^^^
    ...<2 lines>...
        update_fields=update_fields,
        ^^^^^^^^^^^^^^^^^^^^^^^^^^^^
    )
    ^
  File "C:\Users\T.SHIGARAKI\Desktop\Projet-Bibliotheque\Projet-bibliotheque-admin\venv_admin\Lib\site-packages\django\db\models\base.py", line 1023, in save_base
    post_save.send(
    ~~~~~~~~~~~~~~^
        sender=origin,
        ^^^^^^^^^^^^^^
    ...<4 lines>...
        using=using,
        ^^^^^^^^^^^^
    )
    ^
  File "C:\Users\T.SHIGARAKI\Desktop\Projet-Bibliotheque\Projet-bibliotheque-admin\venv_admin\Lib\site-packages\django\dispatch\dispatcher.py", line 189, in send
    response = receiver(signal=self, sender=sender, **named)
  File "C:\Users\T.SHIGARAKI\Desktop\Projet-Bibliotheque\Projet-bibliotheque-admin\notifications\signals.py", line 61, in notify_document_added_or_updated
    users = CustomUser.objects.filter(academic_level=instance.academic_level)
  File "C:\Users\T.SHIGARAKI\Desktop\Projet-Bibliotheque\Projet-bibliotheque-admin\venv_admin\Lib\site-packages\django\db\models\manager.py", line 87, in manager_method
    return getattr(self.get_queryset(), name)(*args, **kwargs)
           ~~~~~~~~~~~~~~~~~~~~~~~~~~~~~~~~~~^^^^^^^^^^^^^^^^^
  File "C:\Users\T.SHIGARAKI\Desktop\Projet-Bibliotheque\Projet-bibliotheque-admin\venv_admin\Lib\site-packages\django\db\models\query.py", line 1491, in filter
    return self._filter_or_exclude(False, args, kwargs)
           ~~~~~~~~~~~~~~~~~~~~~~~^^^^^^^^^^^^^^^^^^^^^
  File "C:\Users\T.SHIGARAKI\Desktop\Projet-Bibliotheque\Projet-bibliotheque-admin\venv_admin\Lib\site-packages\django\db\models\query.py", line 1509, in _filter_or_exclude
    clone._filter_or_exclude_inplace(negate, args, kwargs)
    ~~~~~~~~~~~~~~~~~~~~~~~~~~~~~~~~^^^^^^^^^^^^^^^^^^^^^^
  File "C:\Users\T.SHIGARAKI\Desktop\Projet-Bibliotheque\Projet-bibliotheque-admin\venv_admin\Lib\site-packages\django\db\models\query.py", line 1516, in _filter_or_exclude_inplace
    self._query.add_q(Q(*args, **kwargs))
    ~~~~~~~~~~~~~~~~~^^^^^^^^^^^^^^^^^^^^
  File "C:\Users\T.SHIGARAKI\Desktop\Projet-Bibliotheque\Projet-bibliotheque-admin\venv_admin\Lib\site-packages\django\db\models\sql\query.py", line 1643, in add_q
    clause, _ = self._add_q(q_object, can_reuse)
                ~~~~~~~~~~~^^^^^^^^^^^^^^^^^^^^^
  File "C:\Users\T.SHIGARAKI\Desktop\Projet-Bibliotheque\Projet-bibliotheque-admin\venv_admin\Lib\site-packages\django\db\models\sql\query.py", line 1675, in _add_q
    child_clause, needed_inner = self.build_filter(
                                 ~~~~~~~~~~~~~~~~~^
        child,
        ^^^^^^
    ...<7 lines>...
        update_join_types=update_join_types,
        ^^^^^^^^^^^^^^^^^^^^^^^^^^^^^^^^^^^^
    )
    ^
  File "C:\Users\T.SHIGARAKI\Desktop\Projet-Bibliotheque\Projet-bibliotheque-admin\venv_admin\Lib\site-packages\django\db\models\sql\query.py", line 1523, in build_filter
    lookups, parts, reffed_expression = self.solve_lookup_type(arg, summarize)
                                        ~~~~~~~~~~~~~~~~~~~~~~^^^^^^^^^^^^^^^^
  File "C:\Users\T.SHIGARAKI\Desktop\Projet-Bibliotheque\Projet-bibliotheque-admin\venv_admin\Lib\site-packages\django\db\models\sql\query.py", line 1330, in solve_lookup_type
    _, field, _, lookup_parts = self.names_to_path(lookup_splitted, self.get_meta())
                                ~~~~~~~~~~~~~~~~~~^^^^^^^^^^^^^^^^^^^^^^^^^^^^^^^^^^
  File "C:\Users\T.SHIGARAKI\Desktop\Projet-Bibliotheque\Projet-bibliotheque-admin\venv_admin\Lib\site-packages\django\db\models\sql\query.py", line 1802, in names_to_path
    raise FieldError(
    ...<2 lines>...
    )
django.core.exceptions.FieldError: Cannot resolve keyword 'academic_level' into field. Choices are: date_joined, deleted_notifications, department, email, favorites, first_login, first_name, groups, id, is_active, is_staff, is_superuser, last_login, last_name, logentry, notifications, password, phone_number, student_id, user_permissions, user_type, username
C:\Users\T.SHIGARAKI\Desktop\Projet-Bibliotheque\Projet-bibliotheque-admin\users\models.py changed, reloading.
Watching for file changes with StatReloader
Watching for file changes with StatReloader
Notification count: total=5
Notification count: total=5
Notification count: total=6
Total des notifications affichées: 6
Notification count: total=6
Tentative de suppression de toutes les notifications par l'utilisateur admin_user
6 notifications supprimées
Notification count: total=0
Notification count: total=0
Total des notifications affichées: 0
Notification count: total=0
Watching for file changes with StatReloader
Notification count: total=0
Notification count: total=0
C:\Users\T.SHIGARAKI\Desktop\Projet-Bibliotheque\Projet-bibliotheque-admin\users\forms.py changed, reloading.
Watching for file changes with StatReloader
C:\Users\T.SHIGARAKI\Desktop\Projet-Bibliotheque\Projet-bibliotheque-admin\users\forms.py changed, reloading.
Watching for file changes with StatReloader
C:\Users\T.SHIGARAKI\Desktop\Projet-Bibliotheque\Projet-bibliotheque-admin\users\forms.py changed, reloading.
Watching for file changes with StatReloader
C:\Users\T.SHIGARAKI\Desktop\Projet-Bibliotheque\Projet-bibliotheque-admin\users\forms.py changed, reloading.
Watching for file changes with StatReloader
C:\Users\T.SHIGARAKI\Desktop\Projet-Bibliotheque\Projet-bibliotheque-admin\users\views.py changed, reloading.
Watching for file changes with StatReloader
Notification count: total=0
Internal Server Error: /users/create/
Traceback (most recent call last):
  File "C:\Users\T.SHIGARAKI\Desktop\Projet-Bibliotheque\Projet-bibliotheque-admin\venv_admin\Lib\site-packages\django\template\base.py", line 510, in parse
    compile_func = self.tags[command]
                   ~~~~~~~~~^^^^^^^^^
KeyError: 'endblock'

During handling of the above exception, another exception occurred:

Traceback (most recent call last):
  File "C:\Users\T.SHIGARAKI\Desktop\Projet-Bibliotheque\Projet-bibliotheque-admin\venv_admin\Lib\site-packages\django\core\handlers\exception.py", line 55, in inner
    response = get_response(request)
  File "C:\Users\T.SHIGARAKI\Desktop\Projet-Bibliotheque\Projet-bibliotheque-admin\venv_admin\Lib\site-packages\django\core\handlers\base.py", line 197, in _get_response
    response = wrapped_callback(request, *callback_args, **callback_kwargs)
  File "C:\Users\T.SHIGARAKI\Desktop\Projet-Bibliotheque\Projet-bibliotheque-admin\venv_admin\Lib\site-packages\django\contrib\auth\decorators.py", line 59, in _view_wrapper
    return view_func(request, *args, **kwargs)
  File "C:\Users\T.SHIGARAKI\Desktop\Projet-Bibliotheque\Projet-bibliotheque-admin\users\views.py", line 125, in create_user
    return render(request, 'users/create_user.html', {'form': form})
  File "C:\Users\T.SHIGARAKI\Desktop\Projet-Bibliotheque\Projet-bibliotheque-admin\venv_admin\Lib\site-packages\django\shortcuts.py", line 25, in render
    content = loader.render_to_string(template_name, context, request, using=using)
  File "C:\Users\T.SHIGARAKI\Desktop\Projet-Bibliotheque\Projet-bibliotheque-admin\venv_admin\Lib\site-packages\django\template\loader.py", line 61, in render_to_string
    template = get_template(template_name, using=using)
  File "C:\Users\T.SHIGARAKI\Desktop\Projet-Bibliotheque\Projet-bibliotheque-admin\venv_admin\Lib\site-packages\django\template\loader.py", line 15, in get_template
    return engine.get_template(template_name)
           ~~~~~~~~~~~~~~~~~~~^^^^^^^^^^^^^^^
  File "C:\Users\T.SHIGARAKI\Desktop\Projet-Bibliotheque\Projet-bibliotheque-admin\venv_admin\Lib\site-packages\django\template\backends\django.py", line 79, in get_template
    return Template(self.engine.get_template(template_name), self)
                    ~~~~~~~~~~~~~~~~~~~~~~~~^^^^^^^^^^^^^^^
  File "C:\Users\T.SHIGARAKI\Desktop\Projet-Bibliotheque\Projet-bibliotheque-admin\venv_admin\Lib\site-packages\django\template\engine.py", line 177, in get_template
    template, origin = self.find_template(template_name)
                       ~~~~~~~~~~~~~~~~~~^^^^^^^^^^^^^^^
  File "C:\Users\T.SHIGARAKI\Desktop\Projet-Bibliotheque\Projet-bibliotheque-admin\venv_admin\Lib\site-packages\django\template\engine.py", line 159, in find_template
    template = loader.get_template(name, skip=skip)
  File "C:\Users\T.SHIGARAKI\Desktop\Projet-Bibliotheque\Projet-bibliotheque-admin\venv_admin\Lib\site-packages\django\template\loaders\cached.py", line 57, in get_template
    template = super().get_template(template_name, skip)
  File "C:\Users\T.SHIGARAKI\Desktop\Projet-Bibliotheque\Projet-bibliotheque-admin\venv_admin\Lib\site-packages\django\template\loaders\base.py", line 28, in get_template
    return Template(
        contents,
    ...<2 lines>...
        self.engine,
    )
  File "C:\Users\T.SHIGARAKI\Desktop\Projet-Bibliotheque\Projet-bibliotheque-admin\venv_admin\Lib\site-packages\django\template\base.py", line 154, in __init__
    self.nodelist = self.compile_nodelist()
                    ~~~~~~~~~~~~~~~~~~~~~^^
  File "C:\Users\T.SHIGARAKI\Desktop\Projet-Bibliotheque\Projet-bibliotheque-admin\venv_admin\Lib\site-packages\django\template\base.py", line 196, in compile_nodelist
    nodelist = parser.parse()
  File "C:\Users\T.SHIGARAKI\Desktop\Projet-Bibliotheque\Projet-bibliotheque-admin\venv_admin\Lib\site-packages\django\template\base.py", line 518, in parse
    raise self.error(token, e)
  File "C:\Users\T.SHIGARAKI\Desktop\Projet-Bibliotheque\Projet-bibliotheque-admin\venv_admin\Lib\site-packages\django\template\base.py", line 516, in parse
    compiled_result = compile_func(self, token)
  File "C:\Users\T.SHIGARAKI\Desktop\Projet-Bibliotheque\Projet-bibliotheque-admin\venv_admin\Lib\site-packages\django\template\loader_tags.py", line 299, in do_extends
    nodelist = parser.parse()
  File "C:\Users\T.SHIGARAKI\Desktop\Projet-Bibliotheque\Projet-bibliotheque-admin\venv_admin\Lib\site-packages\django\template\base.py", line 518, in parse
    raise self.error(token, e)
  File "C:\Users\T.SHIGARAKI\Desktop\Projet-Bibliotheque\Projet-bibliotheque-admin\venv_admin\Lib\site-packages\django\template\base.py", line 516, in parse
    compiled_result = compile_func(self, token)
  File "C:\Users\T.SHIGARAKI\Desktop\Projet-Bibliotheque\Projet-bibliotheque-admin\venv_admin\Lib\site-packages\django\template\loader_tags.py", line 234, in do_block
    nodelist = parser.parse(("endblock",))
  File "C:\Users\T.SHIGARAKI\Desktop\Projet-Bibliotheque\Projet-bibliotheque-admin\venv_admin\Lib\site-packages\django\template\base.py", line 518, in parse
    raise self.error(token, e)
  File "C:\Users\T.SHIGARAKI\Desktop\Projet-Bibliotheque\Projet-bibliotheque-admin\venv_admin\Lib\site-packages\django\template\base.py", line 516, in parse
    compiled_result = compile_func(self, token)
  File "C:\Users\T.SHIGARAKI\Desktop\Projet-Bibliotheque\Projet-bibliotheque-admin\venv_admin\Lib\site-packages\django\template\defaulttags.py", line 962, in do_if
    nodelist = parser.parse(("elif", "else", "endif"))
  File "C:\Users\T.SHIGARAKI\Desktop\Projet-Bibliotheque\Projet-bibliotheque-admin\venv_admin\Lib\site-packages\django\template\base.py", line 512, in parse
    self.invalid_block_tag(token, command, parse_until)
    ~~~~~~~~~~~~~~~~~~~~~~^^^^^^^^^^^^^^^^^^^^^^^^^^^^^
  File "C:\Users\T.SHIGARAKI\Desktop\Projet-Bibliotheque\Projet-bibliotheque-admin\venv_admin\Lib\site-packages\django\template\base.py", line 567, in invalid_block_tag
    raise self.error(
    ...<8 lines>...
    )
django.template.exceptions.TemplateSyntaxError: Invalid block tag on line 560: 'endblock', expected 'elif', 'else' or 'endif'. Did you forget to register or load this tag?
Notification count: total=0
Notification count: total=0
Notification count: total=0
Internal Server Error: /users/create/
Traceback (most recent call last):
  File "C:\Users\T.SHIGARAKI\Desktop\Projet-Bibliotheque\Projet-bibliotheque-admin\venv_admin\Lib\site-packages\django\core\handlers\exception.py", line 55, in inner
    response = get_response(request)
  File "C:\Users\T.SHIGARAKI\Desktop\Projet-Bibliotheque\Projet-bibliotheque-admin\venv_admin\Lib\site-packages\django\core\handlers\base.py", line 197, in _get_response
    response = wrapped_callback(request, *callback_args, **callback_kwargs)
  File "C:\Users\T.SHIGARAKI\Desktop\Projet-Bibliotheque\Projet-bibliotheque-admin\venv_admin\Lib\site-packages\django\contrib\auth\decorators.py", line 59, in _view_wrapper
    return view_func(request, *args, **kwargs)
  File "C:\Users\T.SHIGARAKI\Desktop\Projet-Bibliotheque\Projet-bibliotheque-admin\users\views.py", line 125, in create_user
    return render(request, 'users/create_user.html', {'form': form})
  File "C:\Users\T.SHIGARAKI\Desktop\Projet-Bibliotheque\Projet-bibliotheque-admin\venv_admin\Lib\site-packages\django\shortcuts.py", line 25, in render
    content = loader.render_to_string(template_name, context, request, using=using)
  File "C:\Users\T.SHIGARAKI\Desktop\Projet-Bibliotheque\Projet-bibliotheque-admin\venv_admin\Lib\site-packages\django\template\loader.py", line 61, in render_to_string
    template = get_template(template_name, using=using)
  File "C:\Users\T.SHIGARAKI\Desktop\Projet-Bibliotheque\Projet-bibliotheque-admin\venv_admin\Lib\site-packages\django\template\loader.py", line 15, in get_template
    return engine.get_template(template_name)
           ~~~~~~~~~~~~~~~~~~~^^^^^^^^^^^^^^^
  File "C:\Users\T.SHIGARAKI\Desktop\Projet-Bibliotheque\Projet-bibliotheque-admin\venv_admin\Lib\site-packages\django\template\backends\django.py", line 79, in get_template
    return Template(self.engine.get_template(template_name), self)
                    ~~~~~~~~~~~~~~~~~~~~~~~~^^^^^^^^^^^^^^^
  File "C:\Users\T.SHIGARAKI\Desktop\Projet-Bibliotheque\Projet-bibliotheque-admin\venv_admin\Lib\site-packages\django\template\engine.py", line 177, in get_template
    template, origin = self.find_template(template_name)
                       ~~~~~~~~~~~~~~~~~~^^^^^^^^^^^^^^^
  File "C:\Users\T.SHIGARAKI\Desktop\Projet-Bibliotheque\Projet-bibliotheque-admin\venv_admin\Lib\site-packages\django\template\engine.py", line 159, in find_template
    template = loader.get_template(name, skip=skip)
  File "C:\Users\T.SHIGARAKI\Desktop\Projet-Bibliotheque\Projet-bibliotheque-admin\venv_admin\Lib\site-packages\django\template\loaders\cached.py", line 57, in get_template
    template = super().get_template(template_name, skip)
  File "C:\Users\T.SHIGARAKI\Desktop\Projet-Bibliotheque\Projet-bibliotheque-admin\venv_admin\Lib\site-packages\django\template\loaders\base.py", line 28, in get_template
    return Template(
        contents,
    ...<2 lines>...
        self.engine,
    )
  File "C:\Users\T.SHIGARAKI\Desktop\Projet-Bibliotheque\Projet-bibliotheque-admin\venv_admin\Lib\site-packages\django\template\base.py", line 154, in __init__
    self.nodelist = self.compile_nodelist()
                    ~~~~~~~~~~~~~~~~~~~~~^^
  File "C:\Users\T.SHIGARAKI\Desktop\Projet-Bibliotheque\Projet-bibliotheque-admin\venv_admin\Lib\site-packages\django\template\base.py", line 196, in compile_nodelist
    nodelist = parser.parse()
  File "C:\Users\T.SHIGARAKI\Desktop\Projet-Bibliotheque\Projet-bibliotheque-admin\venv_admin\Lib\site-packages\django\template\base.py", line 518, in parse
    raise self.error(token, e)
  File "C:\Users\T.SHIGARAKI\Desktop\Projet-Bibliotheque\Projet-bibliotheque-admin\venv_admin\Lib\site-packages\django\template\base.py", line 516, in parse
    compiled_result = compile_func(self, token)
  File "C:\Users\T.SHIGARAKI\Desktop\Projet-Bibliotheque\Projet-bibliotheque-admin\venv_admin\Lib\site-packages\django\template\loader_tags.py", line 299, in do_extends
    nodelist = parser.parse()
  File "C:\Users\T.SHIGARAKI\Desktop\Projet-Bibliotheque\Projet-bibliotheque-admin\venv_admin\Lib\site-packages\django\template\base.py", line 518, in parse
    raise self.error(token, e)
  File "C:\Users\T.SHIGARAKI\Desktop\Projet-Bibliotheque\Projet-bibliotheque-admin\venv_admin\Lib\site-packages\django\template\base.py", line 516, in parse
    compiled_result = compile_func(self, token)
  File "C:\Users\T.SHIGARAKI\Desktop\Projet-Bibliotheque\Projet-bibliotheque-admin\venv_admin\Lib\site-packages\django\template\loader_tags.py", line 234, in do_block
    nodelist = parser.parse(("endblock",))
  File "C:\Users\T.SHIGARAKI\Desktop\Projet-Bibliotheque\Projet-bibliotheque-admin\venv_admin\Lib\site-packages\django\template\base.py", line 523, in parse
    self.unclosed_block_tag(parse_until)
    ~~~~~~~~~~~~~~~~~~~~~~~^^^^^^^^^^^^^
  File "C:\Users\T.SHIGARAKI\Desktop\Projet-Bibliotheque\Projet-bibliotheque-admin\venv_admin\Lib\site-packages\django\template\base.py", line 590, in unclosed_block_tag
    raise self.error(token, msg)
django.template.exceptions.TemplateSyntaxError: Unclosed tag on line 600: 'block'. Looking for one of: endblock.
Not Found: /favicon.ico
Notification count: total=0
Notification count: total=0
Notification count: total=0
Notification count: total=0
Notification count: total=0
Notification count: total=0
Internal Server Error: /users/create/
Traceback (most recent call last):
  File "C:\Users\T.SHIGARAKI\Desktop\Projet-Bibliotheque\Projet-bibliotheque-admin\venv_admin\Lib\site-packages\django\template\base.py", line 510, in parse
    compile_func = self.tags[command]
                   ~~~~~~~~~^^^^^^^^^
KeyError: 'endblock'

During handling of the above exception, another exception occurred:

Traceback (most recent call last):
  File "C:\Users\T.SHIGARAKI\Desktop\Projet-Bibliotheque\Projet-bibliotheque-admin\venv_admin\Lib\site-packages\django\core\handlers\exception.py", line 55, in inner
    response = get_response(request)
  File "C:\Users\T.SHIGARAKI\Desktop\Projet-Bibliotheque\Projet-bibliotheque-admin\venv_admin\Lib\site-packages\django\core\handlers\base.py", line 197, in _get_response
    response = wrapped_callback(request, *callback_args, **callback_kwargs)
  File "C:\Users\T.SHIGARAKI\Desktop\Projet-Bibliotheque\Projet-bibliotheque-admin\venv_admin\Lib\site-packages\django\contrib\auth\decorators.py", line 59, in _view_wrapper
    return view_func(request, *args, **kwargs)
  File "C:\Users\T.SHIGARAKI\Desktop\Projet-Bibliotheque\Projet-bibliotheque-admin\users\views.py", line 125, in create_user
    return render(request, 'users/create_user.html', {'form': form})
  File "C:\Users\T.SHIGARAKI\Desktop\Projet-Bibliotheque\Projet-bibliotheque-admin\venv_admin\Lib\site-packages\django\shortcuts.py", line 25, in render
    content = loader.render_to_string(template_name, context, request, using=using)
  File "C:\Users\T.SHIGARAKI\Desktop\Projet-Bibliotheque\Projet-bibliotheque-admin\venv_admin\Lib\site-packages\django\template\loader.py", line 61, in render_to_string
    template = get_template(template_name, using=using)
  File "C:\Users\T.SHIGARAKI\Desktop\Projet-Bibliotheque\Projet-bibliotheque-admin\venv_admin\Lib\site-packages\django\template\loader.py", line 15, in get_template
    return engine.get_template(template_name)
           ~~~~~~~~~~~~~~~~~~~^^^^^^^^^^^^^^^
  File "C:\Users\T.SHIGARAKI\Desktop\Projet-Bibliotheque\Projet-bibliotheque-admin\venv_admin\Lib\site-packages\django\template\backends\django.py", line 79, in get_template
    return Template(self.engine.get_template(template_name), self)
                    ~~~~~~~~~~~~~~~~~~~~~~~~^^^^^^^^^^^^^^^
  File "C:\Users\T.SHIGARAKI\Desktop\Projet-Bibliotheque\Projet-bibliotheque-admin\venv_admin\Lib\site-packages\django\template\engine.py", line 177, in get_template
    template, origin = self.find_template(template_name)
                       ~~~~~~~~~~~~~~~~~~^^^^^^^^^^^^^^^
  File "C:\Users\T.SHIGARAKI\Desktop\Projet-Bibliotheque\Projet-bibliotheque-admin\venv_admin\Lib\site-packages\django\template\engine.py", line 159, in find_template
    template = loader.get_template(name, skip=skip)
  File "C:\Users\T.SHIGARAKI\Desktop\Projet-Bibliotheque\Projet-bibliotheque-admin\venv_admin\Lib\site-packages\django\template\loaders\cached.py", line 57, in get_template
    template = super().get_template(template_name, skip)
  File "C:\Users\T.SHIGARAKI\Desktop\Projet-Bibliotheque\Projet-bibliotheque-admin\venv_admin\Lib\site-packages\django\template\loaders\base.py", line 28, in get_template
    return Template(
        contents,
    ...<2 lines>...
        self.engine,
    )
  File "C:\Users\T.SHIGARAKI\Desktop\Projet-Bibliotheque\Projet-bibliotheque-admin\venv_admin\Lib\site-packages\django\template\base.py", line 154, in __init__
    self.nodelist = self.compile_nodelist()
                    ~~~~~~~~~~~~~~~~~~~~~^^
  File "C:\Users\T.SHIGARAKI\Desktop\Projet-Bibliotheque\Projet-bibliotheque-admin\venv_admin\Lib\site-packages\django\template\base.py", line 196, in compile_nodelist
    nodelist = parser.parse()
  File "C:\Users\T.SHIGARAKI\Desktop\Projet-Bibliotheque\Projet-bibliotheque-admin\venv_admin\Lib\site-packages\django\template\base.py", line 518, in parse
    raise self.error(token, e)
  File "C:\Users\T.SHIGARAKI\Desktop\Projet-Bibliotheque\Projet-bibliotheque-admin\venv_admin\Lib\site-packages\django\template\base.py", line 516, in parse
    compiled_result = compile_func(self, token)
  File "C:\Users\T.SHIGARAKI\Desktop\Projet-Bibliotheque\Projet-bibliotheque-admin\venv_admin\Lib\site-packages\django\template\loader_tags.py", line 299, in do_extends
    nodelist = parser.parse()
  File "C:\Users\T.SHIGARAKI\Desktop\Projet-Bibliotheque\Projet-bibliotheque-admin\venv_admin\Lib\site-packages\django\template\base.py", line 518, in parse
    raise self.error(token, e)
  File "C:\Users\T.SHIGARAKI\Desktop\Projet-Bibliotheque\Projet-bibliotheque-admin\venv_admin\Lib\site-packages\django\template\base.py", line 516, in parse
    compiled_result = compile_func(self, token)
  File "C:\Users\T.SHIGARAKI\Desktop\Projet-Bibliotheque\Projet-bibliotheque-admin\venv_admin\Lib\site-packages\django\template\loader_tags.py", line 234, in do_block
    nodelist = parser.parse(("endblock",))
  File "C:\Users\T.SHIGARAKI\Desktop\Projet-Bibliotheque\Projet-bibliotheque-admin\venv_admin\Lib\site-packages\django\template\base.py", line 518, in parse
    raise self.error(token, e)
  File "C:\Users\T.SHIGARAKI\Desktop\Projet-Bibliotheque\Projet-bibliotheque-admin\venv_admin\Lib\site-packages\django\template\base.py", line 516, in parse
    compiled_result = compile_func(self, token)
  File "C:\Users\T.SHIGARAKI\Desktop\Projet-Bibliotheque\Projet-bibliotheque-admin\venv_admin\Lib\site-packages\django\template\defaulttags.py", line 962, in do_if
    nodelist = parser.parse(("elif", "else", "endif"))
  File "C:\Users\T.SHIGARAKI\Desktop\Projet-Bibliotheque\Projet-bibliotheque-admin\venv_admin\Lib\site-packages\django\template\base.py", line 512, in parse
    self.invalid_block_tag(token, command, parse_until)
    ~~~~~~~~~~~~~~~~~~~~~~^^^^^^^^^^^^^^^^^^^^^^^^^^^^^
  File "C:\Users\T.SHIGARAKI\Desktop\Projet-Bibliotheque\Projet-bibliotheque-admin\venv_admin\Lib\site-packages\django\template\base.py", line 567, in invalid_block_tag
    raise self.error(
    ...<8 lines>...
    )
django.template.exceptions.TemplateSyntaxError: Invalid block tag on line 560: 'endblock', expected 'elif', 'else' or 'endif'. Did you forget to register or load this tag?
Notification count: total=0
Notification count: total=0
Notification count: total=0
Notification count: total=0
Notification count: total=0
Notification count: total=0
Notification count: total=0
Notification count: total=0
Notification count: total=0
Notification count: total=0
Notification count: total=0
Notification count: total=0
Notification count: total=0
Notification count: total=0
Notification count: total=0
Notification count: total=0
Notification count: total=0
Notification count: total=0
Notification count: total=0
Notification count: total=0
Notification count: total=0
C:\Users\T.SHIGARAKI\Desktop\Projet-Bibliotheque\Projet-bibliotheque-admin\users\views.py changed, reloading.
Watching for file changes with StatReloader
User created: akoumba.marylin001, password hash: pbkdf2_sha256$1000000$IZ41jDnBYmZyx9lR2hvewj$mmgrVY4ymOTAq/ltrXZbO5qcXRFdhSRVnm/ZDMxhGAI=, first_login=True
Notification count: total=1
Not Found: /favicon.ico
Notification count: total=1
Notification count: total=1
Notification count: total=1
Notification count: total=1
Notification count: total=1
Notification count: total=1
Notification count: total=1
Notification count: total=1
Notification count: total=1
Notification count: total=1
Notification count: total=1
User created: akoumba.marylin001, password hash: pbkdf2_sha256$1000000$KLE3QO2HxOKErNWiVtsz12$ve0ktkAbVsrapKUeqXKPDPDMcFTg62afa8ez7iMYM94=, first_login=True
Notification count: total=1
Total des notifications affichées: 1
Notification count: total=1
Notification count: total=1
Internal Server Error: /statistics/
Traceback (most recent call last):
  File "C:\Users\T.SHIGARAKI\Desktop\Projet-Bibliotheque\Projet-bibliotheque-admin\venv_admin\Lib\site-packages\django\template\backends\django.py", line 107, in render
    return self.template.render(context)
           ~~~~~~~~~~~~~~~~~~~~^^^^^^^^^
  File "C:\Users\T.SHIGARAKI\Desktop\Projet-Bibliotheque\Projet-bibliotheque-admin\venv_admin\Lib\site-packages\django\template\base.py", line 171, in render
    return self._render(context)
           ~~~~~~~~~~~~^^^^^^^^^
  File "C:\Users\T.SHIGARAKI\Desktop\Projet-Bibliotheque\Projet-bibliotheque-admin\venv_admin\Lib\site-packages\django\template\base.py", line 163, in _render
    return self.nodelist.render(context)
           ~~~~~~~~~~~~~~~~~~~~^^^^^^^^^
  File "C:\Users\T.SHIGARAKI\Desktop\Projet-Bibliotheque\Projet-bibliotheque-admin\venv_admin\Lib\site-packages\django\template\base.py", line 1016, in render
    return SafeString("".join([node.render_annotated(context) for node in self]))
                               ~~~~~~~~~~~~~~~~~~~~~^^^^^^^^^
  File "C:\Users\T.SHIGARAKI\Desktop\Projet-Bibliotheque\Projet-bibliotheque-admin\venv_admin\Lib\site-packages\django\template\base.py", line 977, in render_annotated
    return self.render(context)
           ~~~~~~~~~~~^^^^^^^^^
  File "C:\Users\T.SHIGARAKI\Desktop\Projet-Bibliotheque\Projet-bibliotheque-admin\venv_admin\Lib\site-packages\django\template\loader_tags.py", line 134, in render
    compiled_parent = self.get_parent(context)
  File "C:\Users\T.SHIGARAKI\Desktop\Projet-Bibliotheque\Projet-bibliotheque-admin\venv_admin\Lib\site-packages\django\template\loader_tags.py", line 131, in get_parent
    return self.find_template(parent, context)
           ~~~~~~~~~~~~~~~~~~^^^^^^^^^^^^^^^^^
  File "C:\Users\T.SHIGARAKI\Desktop\Projet-Bibliotheque\Projet-bibliotheque-admin\venv_admin\Lib\site-packages\django\template\loader_tags.py", line 109, in find_template
    template, origin = context.template.engine.find_template(
                       ~~~~~~~~~~~~~~~~~~~~~~~~~~~~~~~~~~~~~^
        template_name,
        ^^^^^^^^^^^^^^
        skip=history,
        ^^^^^^^^^^^^^
    )
    ^
  File "C:\Users\T.SHIGARAKI\Desktop\Projet-Bibliotheque\Projet-bibliotheque-admin\venv_admin\Lib\site-packages\django\template\engine.py", line 163, in find_template
    raise TemplateDoesNotExist(name, tried=tried)
django.template.exceptions.TemplateDoesNotExist: books/base.html

The above exception was the direct cause of the following exception:

Traceback (most recent call last):
  File "C:\Users\T.SHIGARAKI\Desktop\Projet-Bibliotheque\Projet-bibliotheque-admin\venv_admin\Lib\site-packages\django\core\handlers\exception.py", line 55, in inner
    response = get_response(request)
  File "C:\Users\T.SHIGARAKI\Desktop\Projet-Bibliotheque\Projet-bibliotheque-admin\venv_admin\Lib\site-packages\django\core\handlers\base.py", line 197, in _get_response
    response = wrapped_callback(request, *callback_args, **callback_kwargs)
  File "C:\Users\T.SHIGARAKI\Desktop\Projet-Bibliotheque\Projet-bibliotheque-admin\venv_admin\Lib\site-packages\django\contrib\auth\decorators.py", line 59, in _view_wrapper
    return view_func(request, *args, **kwargs)
  File "C:\Users\T.SHIGARAKI\Desktop\Projet-Bibliotheque\Projet-bibliotheque-admin\library_stats\views.py", line 58, in statistics
    return render(request, 'library_stats/statistics.html', context)
  File "C:\Users\T.SHIGARAKI\Desktop\Projet-Bibliotheque\Projet-bibliotheque-admin\venv_admin\Lib\site-packages\django\shortcuts.py", line 25, in render
    content = loader.render_to_string(template_name, context, request, using=using)
  File "C:\Users\T.SHIGARAKI\Desktop\Projet-Bibliotheque\Projet-bibliotheque-admin\venv_admin\Lib\site-packages\django\template\loader.py", line 62, in render_to_string
    return template.render(context, request)
           ~~~~~~~~~~~~~~~^^^^^^^^^^^^^^^^^^
  File "C:\Users\T.SHIGARAKI\Desktop\Projet-Bibliotheque\Projet-bibliotheque-admin\venv_admin\Lib\site-packages\django\template\backends\django.py", line 109, in render
    reraise(exc, self.backend)
    ~~~~~~~^^^^^^^^^^^^^^^^^^^
  File "C:\Users\T.SHIGARAKI\Desktop\Projet-Bibliotheque\Projet-bibliotheque-admin\venv_admin\Lib\site-packages\django\template\backends\django.py", line 130, in reraise
    raise new from exc
django.template.exceptions.TemplateDoesNotExist: books/base.html
Notification count: total=1
Notification count: total=1
Notification count: total=1
Notification count: total=1
User created: akoumba.marylin001, password hash: pbkdf2_sha256$1000000$7EZMYbfvwoZFiVk0YrIJql$9AHoPl1WB96U4zgNq5Xjwb9gaN5tQWs4k2MDFCd0Yfw=, first_login=True
Notification count: total=1
Notification count: total=1
Notification count: total=1
Notification count: total=1
Notification count: total=1
Notification count: total=1
Notification count: total=1
C:\Users\T.SHIGARAKI\Desktop\Projet-Bibliotheque\Projet-bibliotheque-admin\users\forms.py changed, reloading.
Watching for file changes with StatReloader
Notification count: total=1
Notification count: total=1
Notification count: total=1
Notification count: total=1
Notification count: total=1
User created: akoumba.marylin001, password hash: pbkdf2_sha256$1000000$EGehKLzdKWFrEYNwwGwixD$tHtmI8gg7kBRwnqc7uXrn0h1Cvn+kwDkCBZCODdRrc0=, first_login=True
Notification count: total=1
Notification count: total=1
Watching for file changes with StatReloader
Notification count: total=1
Notification count: total=1
Notification count: total=1
User logged in: akoumba.marylin001, first_login=True
Notification count: total=0
User logged in: akoumba.marylin001, first_login=False
User logged in: admin_user, first_login=False
Notification count: total=1
Total des notifications affichées: 1
Notification count: total=1
Tentative de suppression de la notification ID 15 par l'utilisateur admin_user
Notification supprimée: ID 15, unique_identifier: 1b228067528faf36f56e48b9ed343c43cdfd219eb072bb3c58e9ffb94384a5af
Notification count: total=0
Internal Server Error: /statistics/
Traceback (most recent call last):
  File "C:\Users\T.SHIGARAKI\Desktop\Projet-Bibliotheque\Projet-bibliotheque-admin\venv_admin\Lib\site-packages\django\template\backends\django.py", line 107, in render
    return self.template.render(context)
           ~~~~~~~~~~~~~~~~~~~~^^^^^^^^^
  File "C:\Users\T.SHIGARAKI\Desktop\Projet-Bibliotheque\Projet-bibliotheque-admin\venv_admin\Lib\site-packages\django\template\base.py", line 171, in render
    return self._render(context)
           ~~~~~~~~~~~~^^^^^^^^^
  File "C:\Users\T.SHIGARAKI\Desktop\Projet-Bibliotheque\Projet-bibliotheque-admin\venv_admin\Lib\site-packages\django\template\base.py", line 163, in _render
    return self.nodelist.render(context)
           ~~~~~~~~~~~~~~~~~~~~^^^^^^^^^
  File "C:\Users\T.SHIGARAKI\Desktop\Projet-Bibliotheque\Projet-bibliotheque-admin\venv_admin\Lib\site-packages\django\template\base.py", line 1016, in render
    return SafeString("".join([node.render_annotated(context) for node in self]))
                               ~~~~~~~~~~~~~~~~~~~~~^^^^^^^^^
  File "C:\Users\T.SHIGARAKI\Desktop\Projet-Bibliotheque\Projet-bibliotheque-admin\venv_admin\Lib\site-packages\django\template\base.py", line 977, in render_annotated
    return self.render(context)
           ~~~~~~~~~~~^^^^^^^^^
  File "C:\Users\T.SHIGARAKI\Desktop\Projet-Bibliotheque\Projet-bibliotheque-admin\venv_admin\Lib\site-packages\django\template\loader_tags.py", line 134, in render
    compiled_parent = self.get_parent(context)
  File "C:\Users\T.SHIGARAKI\Desktop\Projet-Bibliotheque\Projet-bibliotheque-admin\venv_admin\Lib\site-packages\django\template\loader_tags.py", line 131, in get_parent
    return self.find_template(parent, context)
           ~~~~~~~~~~~~~~~~~~^^^^^^^^^^^^^^^^^
  File "C:\Users\T.SHIGARAKI\Desktop\Projet-Bibliotheque\Projet-bibliotheque-admin\venv_admin\Lib\site-packages\django\template\loader_tags.py", line 109, in find_template
    template, origin = context.template.engine.find_template(
                       ~~~~~~~~~~~~~~~~~~~~~~~~~~~~~~~~~~~~~^
        template_name,
        ^^^^^^^^^^^^^^
        skip=history,
        ^^^^^^^^^^^^^
    )
    ^
  File "C:\Users\T.SHIGARAKI\Desktop\Projet-Bibliotheque\Projet-bibliotheque-admin\venv_admin\Lib\site-packages\django\template\engine.py", line 163, in find_template
    raise TemplateDoesNotExist(name, tried=tried)
django.template.exceptions.TemplateDoesNotExist: books/base.html

The above exception was the direct cause of the following exception:

Traceback (most recent call last):
  File "C:\Users\T.SHIGARAKI\Desktop\Projet-Bibliotheque\Projet-bibliotheque-admin\venv_admin\Lib\site-packages\django\core\handlers\exception.py", line 55, in inner
    response = get_response(request)
  File "C:\Users\T.SHIGARAKI\Desktop\Projet-Bibliotheque\Projet-bibliotheque-admin\venv_admin\Lib\site-packages\django\core\handlers\base.py", line 197, in _get_response
    response = wrapped_callback(request, *callback_args, **callback_kwargs)
  File "C:\Users\T.SHIGARAKI\Desktop\Projet-Bibliotheque\Projet-bibliotheque-admin\venv_admin\Lib\site-packages\django\contrib\auth\decorators.py", line 59, in _view_wrapper
    return view_func(request, *args, **kwargs)
  File "C:\Users\T.SHIGARAKI\Desktop\Projet-Bibliotheque\Projet-bibliotheque-admin\library_stats\views.py", line 58, in statistics
    return render(request, 'library_stats/statistics.html', context)
  File "C:\Users\T.SHIGARAKI\Desktop\Projet-Bibliotheque\Projet-bibliotheque-admin\venv_admin\Lib\site-packages\django\shortcuts.py", line 25, in render
    content = loader.render_to_string(template_name, context, request, using=using)
  File "C:\Users\T.SHIGARAKI\Desktop\Projet-Bibliotheque\Projet-bibliotheque-admin\venv_admin\Lib\site-packages\django\template\loader.py", line 62, in render_to_string
    return template.render(context, request)
           ~~~~~~~~~~~~~~~^^^^^^^^^^^^^^^^^^
  File "C:\Users\T.SHIGARAKI\Desktop\Projet-Bibliotheque\Projet-bibliotheque-admin\venv_admin\Lib\site-packages\django\template\backends\django.py", line 109, in render
    reraise(exc, self.backend)
    ~~~~~~~^^^^^^^^^^^^^^^^^^^
  File "C:\Users\T.SHIGARAKI\Desktop\Projet-Bibliotheque\Projet-bibliotheque-admin\venv_admin\Lib\site-packages\django\template\backends\django.py", line 130, in reraise
    raise new from exc
django.template.exceptions.TemplateDoesNotExist: books/base.html
Notification count: total=0
Internal Server Error: /settings/
Traceback (most recent call last):
  File "C:\Users\T.SHIGARAKI\Desktop\Projet-Bibliotheque\Projet-bibliotheque-admin\venv_admin\Lib\site-packages\django\template\backends\django.py", line 107, in render
    return self.template.render(context)
           ~~~~~~~~~~~~~~~~~~~~^^^^^^^^^
  File "C:\Users\T.SHIGARAKI\Desktop\Projet-Bibliotheque\Projet-bibliotheque-admin\venv_admin\Lib\site-packages\django\template\base.py", line 171, in render
    return self._render(context)
           ~~~~~~~~~~~~^^^^^^^^^
  File "C:\Users\T.SHIGARAKI\Desktop\Projet-Bibliotheque\Projet-bibliotheque-admin\venv_admin\Lib\site-packages\django\template\base.py", line 163, in _render
    return self.nodelist.render(context)
           ~~~~~~~~~~~~~~~~~~~~^^^^^^^^^
  File "C:\Users\T.SHIGARAKI\Desktop\Projet-Bibliotheque\Projet-bibliotheque-admin\venv_admin\Lib\site-packages\django\template\base.py", line 1016, in render
    return SafeString("".join([node.render_annotated(context) for node in self]))
                               ~~~~~~~~~~~~~~~~~~~~~^^^^^^^^^
  File "C:\Users\T.SHIGARAKI\Desktop\Projet-Bibliotheque\Projet-bibliotheque-admin\venv_admin\Lib\site-packages\django\template\base.py", line 977, in render_annotated
    return self.render(context)
           ~~~~~~~~~~~^^^^^^^^^
  File "C:\Users\T.SHIGARAKI\Desktop\Projet-Bibliotheque\Projet-bibliotheque-admin\venv_admin\Lib\site-packages\django\template\loader_tags.py", line 134, in render
    compiled_parent = self.get_parent(context)
  File "C:\Users\T.SHIGARAKI\Desktop\Projet-Bibliotheque\Projet-bibliotheque-admin\venv_admin\Lib\site-packages\django\template\loader_tags.py", line 131, in get_parent
    return self.find_template(parent, context)
           ~~~~~~~~~~~~~~~~~~^^^^^^^^^^^^^^^^^
  File "C:\Users\T.SHIGARAKI\Desktop\Projet-Bibliotheque\Projet-bibliotheque-admin\venv_admin\Lib\site-packages\django\template\loader_tags.py", line 109, in find_template
    template, origin = context.template.engine.find_template(
                       ~~~~~~~~~~~~~~~~~~~~~~~~~~~~~~~~~~~~~^
        template_name,
        ^^^^^^^^^^^^^^
        skip=history,
        ^^^^^^^^^^^^^
    )
    ^
  File "C:\Users\T.SHIGARAKI\Desktop\Projet-Bibliotheque\Projet-bibliotheque-admin\venv_admin\Lib\site-packages\django\template\engine.py", line 163, in find_template
    raise TemplateDoesNotExist(name, tried=tried)
django.template.exceptions.TemplateDoesNotExist: books/base.html

The above exception was the direct cause of the following exception:

Traceback (most recent call last):
  File "C:\Users\T.SHIGARAKI\Desktop\Projet-Bibliotheque\Projet-bibliotheque-admin\venv_admin\Lib\site-packages\django\core\handlers\exception.py", line 55, in inner
    response = get_response(request)
  File "C:\Users\T.SHIGARAKI\Desktop\Projet-Bibliotheque\Projet-bibliotheque-admin\venv_admin\Lib\site-packages\django\core\handlers\base.py", line 197, in _get_response
    response = wrapped_callback(request, *callback_args, **callback_kwargs)
  File "C:\Users\T.SHIGARAKI\Desktop\Projet-Bibliotheque\Projet-bibliotheque-admin\venv_admin\Lib\site-packages\django\contrib\auth\decorators.py", line 59, in _view_wrapper
    return view_func(request, *args, **kwargs)
  File "C:\Users\T.SHIGARAKI\Desktop\Projet-Bibliotheque\Projet-bibliotheque-admin\settings_app\views.py", line 20, in settings_view
    return render(request, 'settings_app/settings.html', {
        'form': form,
    })
  File "C:\Users\T.SHIGARAKI\Desktop\Projet-Bibliotheque\Projet-bibliotheque-admin\venv_admin\Lib\site-packages\django\shortcuts.py", line 25, in render
    content = loader.render_to_string(template_name, context, request, using=using)
  File "C:\Users\T.SHIGARAKI\Desktop\Projet-Bibliotheque\Projet-bibliotheque-admin\venv_admin\Lib\site-packages\django\template\loader.py", line 62, in render_to_string
    return template.render(context, request)
           ~~~~~~~~~~~~~~~^^^^^^^^^^^^^^^^^^
  File "C:\Users\T.SHIGARAKI\Desktop\Projet-Bibliotheque\Projet-bibliotheque-admin\venv_admin\Lib\site-packages\django\template\backends\django.py", line 109, in render
    reraise(exc, self.backend)
    ~~~~~~~^^^^^^^^^^^^^^^^^^^
  File "C:\Users\T.SHIGARAKI\Desktop\Projet-Bibliotheque\Projet-bibliotheque-admin\venv_admin\Lib\site-packages\django\template\backends\django.py", line 130, in reraise
    raise new from exc
django.template.exceptions.TemplateDoesNotExist: books/base.html
Notification count: total=0
Notification count: total=0
Total des notifications affichées: 0
Notification count: total=0
Notification count: total=0
Notification count: total=0
Notification count: total=0
C:\Users\T.SHIGARAKI\Desktop\Projet-Bibliotheque\Projet-bibliotheque-admin\settings_app\models.py changed, reloading.
Watching for file changes with StatReloader
Watching for file changes with StatReloader
Notification count: total=0
Notification count: total=0
Notification count: total=0
Notification count: total=0
Notification count: total=0
C:\Users\T.SHIGARAKI\Desktop\Projet-Bibliotheque\Projet-bibliotheque-admin\settings_app\models.py changed, reloading.
Watching for file changes with StatReloader
Watching for file changes with StatReloader
Notification count: total=0
Notification count: total=0
Notification count: total=0
Notification count: total=0
Notification count: total=0
Notification count: total=0
Notification count: total=0
Notification count: total=0
Notification count: total=0
Notification count: total=0
Notification count: total=0
Notification count: total=0
Notification count: total=0
Watching for file changes with StatReloader
Notification count: total=0
Notification count: total=0
Notification count: total=0
Notification count: total=0
Notification count: total=0
Notification count: total=0
Notification count: total=0
Notification count: total=0
Notification count: total=0
Notification count: total=0
Notification count: total=0
Notification count: total=0
Notification count: total=0
Not Found: /favicon.ico
Notification count: total=0
Notification count: total=0
Notification count: total=0
Notification count: total=0
Notification count: total=0
Notification count: total=0
Notification count: total=0
Notification count: total=0
Notification count: total=0
Notification count: total=0
Watching for file changes with StatReloader
Notification count: total=0
Notification count: total=0
Notification count: total=0
Notification count: total=0
Notification count: total=0
Notification count: total=0
Notification count: total=0
Notification count: total=0
User created: ntima.rebecca001, password hash: pbkdf2_sha256$1000000$BFpyjdTM58qJaQ4ReTTupG$RnToDWV5Rib8ERkpaEw2seuAU8IEWGYuI+iJALfVTTI=, first_login=True
Notification count: total=1
Total des notifications affichées: 1
Notification count: total=1
Watching for file changes with StatReloader
Not Found: /favicon.ico
Login failed for username=admin_user, errors=<ul class="errorlist"><li>__all__<ul class="errorlist nonfield"><li>Saisissez un nom d’utilisateur et un mot de passe valides. Remarquez que chacun de ces champs est sensible à la casse (différenciation des majuscules/minuscules).</li></ul></li></ul>, data=<QueryDict: {'csrfmiddlewaretoken': ['aqvG7trlL53Xf2V3ubt0MYFGsFwl54oYtjw4q1rRdPGvEU3OkTVZCvlNHay72Sxj'], 'username': ['admin_user'], 'password': ['05juin2006']}>
User logged in: admin_biblio, first_login=False
Notification count: total=1
Notification count: total=1
Notification count: total=1
Notification count: total=1
Notification count: total=1
Total des notifications affichées: 1
Notification count: total=1
Tentative de marquage comme lu pour la notification ID 16 par l'utilisateur admin_biblio
Notification marquée comme lue: ID 16
Notification count: total=0
Notification count: total=0
Internal Server Error: /statistics/
Traceback (most recent call last):
  File "C:\Users\T.SHIGARAKI\Desktop\Projet-Bibliotheque\Projet-bibliotheque-admin\venv_admin\Lib\site-packages\django\template\backends\django.py", line 107, in render
    return self.template.render(context)
           ~~~~~~~~~~~~~~~~~~~~^^^^^^^^^
  File "C:\Users\T.SHIGARAKI\Desktop\Projet-Bibliotheque\Projet-bibliotheque-admin\venv_admin\Lib\site-packages\django\template\base.py", line 171, in render
    return self._render(context)
           ~~~~~~~~~~~~^^^^^^^^^
  File "C:\Users\T.SHIGARAKI\Desktop\Projet-Bibliotheque\Projet-bibliotheque-admin\venv_admin\Lib\site-packages\django\template\base.py", line 163, in _render
    return self.nodelist.render(context)
           ~~~~~~~~~~~~~~~~~~~~^^^^^^^^^
  File "C:\Users\T.SHIGARAKI\Desktop\Projet-Bibliotheque\Projet-bibliotheque-admin\venv_admin\Lib\site-packages\django\template\base.py", line 1016, in render
    return SafeString("".join([node.render_annotated(context) for node in self]))
                               ~~~~~~~~~~~~~~~~~~~~~^^^^^^^^^
  File "C:\Users\T.SHIGARAKI\Desktop\Projet-Bibliotheque\Projet-bibliotheque-admin\venv_admin\Lib\site-packages\django\template\base.py", line 977, in render_annotated
    return self.render(context)
           ~~~~~~~~~~~^^^^^^^^^
  File "C:\Users\T.SHIGARAKI\Desktop\Projet-Bibliotheque\Projet-bibliotheque-admin\venv_admin\Lib\site-packages\django\template\loader_tags.py", line 134, in render
    compiled_parent = self.get_parent(context)
  File "C:\Users\T.SHIGARAKI\Desktop\Projet-Bibliotheque\Projet-bibliotheque-admin\venv_admin\Lib\site-packages\django\template\loader_tags.py", line 131, in get_parent
    return self.find_template(parent, context)
           ~~~~~~~~~~~~~~~~~~^^^^^^^^^^^^^^^^^
  File "C:\Users\T.SHIGARAKI\Desktop\Projet-Bibliotheque\Projet-bibliotheque-admin\venv_admin\Lib\site-packages\django\template\loader_tags.py", line 109, in find_template
    template, origin = context.template.engine.find_template(
                       ~~~~~~~~~~~~~~~~~~~~~~~~~~~~~~~~~~~~~^
        template_name,
        ^^^^^^^^^^^^^^
        skip=history,
        ^^^^^^^^^^^^^
    )
    ^
  File "C:\Users\T.SHIGARAKI\Desktop\Projet-Bibliotheque\Projet-bibliotheque-admin\venv_admin\Lib\site-packages\django\template\engine.py", line 163, in find_template
    raise TemplateDoesNotExist(name, tried=tried)
django.template.exceptions.TemplateDoesNotExist: books/base.html

The above exception was the direct cause of the following exception:

Traceback (most recent call last):
  File "C:\Users\T.SHIGARAKI\Desktop\Projet-Bibliotheque\Projet-bibliotheque-admin\venv_admin\Lib\site-packages\django\core\handlers\exception.py", line 55, in inner
    response = get_response(request)
  File "C:\Users\T.SHIGARAKI\Desktop\Projet-Bibliotheque\Projet-bibliotheque-admin\venv_admin\Lib\site-packages\django\core\handlers\base.py", line 197, in _get_response
    response = wrapped_callback(request, *callback_args, **callback_kwargs)
  File "C:\Users\T.SHIGARAKI\Desktop\Projet-Bibliotheque\Projet-bibliotheque-admin\venv_admin\Lib\site-packages\django\contrib\auth\decorators.py", line 59, in _view_wrapper
    return view_func(request, *args, **kwargs)
  File "C:\Users\T.SHIGARAKI\Desktop\Projet-Bibliotheque\Projet-bibliotheque-admin\library_stats\views.py", line 58, in statistics
    return render(request, 'library_stats/statistics.html', context)
  File "C:\Users\T.SHIGARAKI\Desktop\Projet-Bibliotheque\Projet-bibliotheque-admin\venv_admin\Lib\site-packages\django\shortcuts.py", line 25, in render
    content = loader.render_to_string(template_name, context, request, using=using)
  File "C:\Users\T.SHIGARAKI\Desktop\Projet-Bibliotheque\Projet-bibliotheque-admin\venv_admin\Lib\site-packages\django\template\loader.py", line 62, in render_to_string
    return template.render(context, request)
           ~~~~~~~~~~~~~~~^^^^^^^^^^^^^^^^^^
  File "C:\Users\T.SHIGARAKI\Desktop\Projet-Bibliotheque\Projet-bibliotheque-admin\venv_admin\Lib\site-packages\django\template\backends\django.py", line 109, in render
    reraise(exc, self.backend)
    ~~~~~~~^^^^^^^^^^^^^^^^^^^
  File "C:\Users\T.SHIGARAKI\Desktop\Projet-Bibliotheque\Projet-bibliotheque-admin\venv_admin\Lib\site-packages\django\template\backends\django.py", line 130, in reraise
    raise new from exc
django.template.exceptions.TemplateDoesNotExist: books/base.html
Notification count: total=0
Notification count: total=0
Notification count: total=0
Notification count: total=0
Notification count: total=0
Notification count: total=0
Notification count: total=0
Notification count: total=0
Notification count: total=0
Notification count: total=0
Notification count: total=0
Notification count: total=0
Notification count: total=0
Notification count: total=0
Notification count: total=0
Notification count: total=0
Notification count: total=0
Notification count: total=0
Notification count: total=0
Watching for file changes with StatReloader
Not Found: /favicon.ico
Login failed for username=esso.daniel001, errors=<ul class="errorlist"><li>__all__<ul class="errorlist nonfield"><li>Saisissez un nom d’utilisateur et un mot de passe valides. Remarquez que chacun de ces champs est sensible à la casse (différenciation des majuscules/minuscules).</li></ul></li></ul>, data=<QueryDict: {'csrfmiddlewaretoken': ['4kaqmMRTd4gjzXfbZcG2leObHO6baRSKNgkfakHv8BABKxSzQyuF6aSCRxGcb27H'], 'username': ['esso.daniel001'], 'password': ['05juin2006']}>
Login failed for username=esso.daniel001, errors=<ul class="errorlist"><li>__all__<ul class="errorlist nonfield"><li>Saisissez un nom d’utilisateur et un mot de passe valides. Remarquez que chacun de ces champs est sensible à la casse (différenciation des majuscules/minuscules).</li></ul></li></ul>, data=<QueryDict: {'csrfmiddlewaretoken': ['O3Vum8OokN27wKqV4COCu26KFFa1A4jsxZ5jaGE0fkmpHk3jVYCffYabPoK2Bfyp'], 'username': ['esso.daniel001'], 'password': ['05juiN2006']}>
Not Found: /favicon.ico
User logged in: akoumba.marylin001, first_login=False
Login failed for username=esso.daniel001, errors=<ul class="errorlist"><li>__all__<ul class="errorlist nonfield"><li>Saisissez un nom d’utilisateur et un mot de passe valides. Remarquez que chacun de ces champs est sensible à la casse (différenciation des majuscules/minuscules).</li></ul></li></ul>, data=<QueryDict: {'csrfmiddlewaretoken': ['3HHP1tHrHnBLac3BLhIkk3dG1n46qX33GceTNPPTblnJhKCfccPHqnFGGLF9ZNXV'], 'username': ['esso.daniel001'], 'password': ['05juin2006']}>
Login failed for username=esso.daniel001, errors=<ul class="errorlist"><li>__all__<ul class="errorlist nonfield"><li>Saisissez un nom d’utilisateur et un mot de passe valides. Remarquez que chacun de ces champs est sensible à la casse (différenciation des majuscules/minuscules).</li></ul></li></ul>, data=<QueryDict: {'csrfmiddlewaretoken': ['O3JgkA8J5rnph055cnJx4OF9PQTVOw9mrygk6Wgbzp9noyEJDiQUa879ueuYnm3e'], 'username': ['esso.daniel001'], 'password': ['05juin2006']}>
User logged in: admin_biblio, first_login=False
Notification count: total=0
Notification count: total=0
Login failed for username=ntima.rebecca001, errors=<ul class="errorlist"><li>__all__<ul class="errorlist nonfield"><li>Saisissez un nom d’utilisateur et un mot de passe valides. Remarquez que chacun de ces champs est sensible à la casse (différenciation des majuscules/minuscules).</li></ul></li></ul>, data=<QueryDict: {'csrfmiddlewaretoken': ['XzfWvAI8nU9MK9dCTUJBrMeN1JbjjoKJFysNcVIotKoBu6TGSgPYvfCOZZO22lbh'], 'username': ['ntima.rebecca001'], 'password': ['05juin2006']}>
User logged in: admin_biblio, first_login=False
Notification count: total=0
Notification count: total=0
Notification count: total=0
Notification count: total=0
Notification count: total=0
User created: esso.daniel001, password hash: pbkdf2_sha256$1000000$bydnvO194gmpEUckY6ygcN$wQWVLX+hBgFiDsCGhj/5jHHmI3MTDFD8gpXUcSWO22g=, first_login=True
Notification count: total=0
Notification count: total=0
Notification count: total=0
User created: ntima.merveille001, password hash: pbkdf2_sha256$1000000$RHdEOeF622cGfRoJVOIyBF$QKmjYwJzAVrxrSpo1QP4wKZK06FcNF+3ncNiJlrPE04=, first_login=True
Notification count: total=1
User logged in: ntima.merveille001, first_login=True
Notification count: total=0
User logged in: esso.daniel001, first_login=True
Notification count: total=0
User logged in: ntima.merveille001, first_login=False
User logged in: esso.daniel001, first_login=False
Watching for file changes with StatReloader
Not Found: /favicon.ico
User logged in: admin_biblio, first_login=False
Notification count: total=1
Notification count: total=1
Notification count: total=1
Notification count: total=1
Notification count: total=1
Notification count: total=1
Notification count: total=1
Notification count: total=1
Notification count: total=1
Notification count: total=1
Internal Server Error: /settings/
Traceback (most recent call last):
  File "C:\Users\T.SHIGARAKI\Desktop\Projet-Bibliotheque\Projet-bibliotheque-admin\venv_admin\Lib\site-packages\django\core\handlers\exception.py", line 55, in inner
    response = get_response(request)
  File "C:\Users\T.SHIGARAKI\Desktop\Projet-Bibliotheque\Projet-bibliotheque-admin\venv_admin\Lib\site-packages\django\core\handlers\base.py", line 197, in _get_response
    response = wrapped_callback(request, *callback_args, **callback_kwargs)
  File "C:\Users\T.SHIGARAKI\Desktop\Projet-Bibliotheque\Projet-bibliotheque-admin\venv_admin\Lib\site-packages\django\contrib\auth\decorators.py", line 59, in _view_wrapper
    return view_func(request, *args, **kwargs)
  File "C:\Users\T.SHIGARAKI\Desktop\Projet-Bibliotheque\Projet-bibliotheque-admin\settings_app\views.py", line 48, in settings_view
    return render(request, 'settings_app/settings_admin.html', {
        'profile_form': profile_form,
        'settings_form': settings_form,
        'password_form': password_form,
    })
  File "C:\Users\T.SHIGARAKI\Desktop\Projet-Bibliotheque\Projet-bibliotheque-admin\venv_admin\Lib\site-packages\django\shortcuts.py", line 25, in render
    content = loader.render_to_string(template_name, context, request, using=using)
  File "C:\Users\T.SHIGARAKI\Desktop\Projet-Bibliotheque\Projet-bibliotheque-admin\venv_admin\Lib\site-packages\django\template\loader.py", line 61, in render_to_string
    template = get_template(template_name, using=using)
  File "C:\Users\T.SHIGARAKI\Desktop\Projet-Bibliotheque\Projet-bibliotheque-admin\venv_admin\Lib\site-packages\django\template\loader.py", line 15, in get_template
    return engine.get_template(template_name)
           ~~~~~~~~~~~~~~~~~~~^^^^^^^^^^^^^^^
  File "C:\Users\T.SHIGARAKI\Desktop\Projet-Bibliotheque\Projet-bibliotheque-admin\venv_admin\Lib\site-packages\django\template\backends\django.py", line 79, in get_template
    return Template(self.engine.get_template(template_name), self)
                    ~~~~~~~~~~~~~~~~~~~~~~~~^^^^^^^^^^^^^^^
  File "C:\Users\T.SHIGARAKI\Desktop\Projet-Bibliotheque\Projet-bibliotheque-admin\venv_admin\Lib\site-packages\django\template\engine.py", line 177, in get_template
    template, origin = self.find_template(template_name)
                       ~~~~~~~~~~~~~~~~~~^^^^^^^^^^^^^^^
  File "C:\Users\T.SHIGARAKI\Desktop\Projet-Bibliotheque\Projet-bibliotheque-admin\venv_admin\Lib\site-packages\django\template\engine.py", line 159, in find_template
    template = loader.get_template(name, skip=skip)
  File "C:\Users\T.SHIGARAKI\Desktop\Projet-Bibliotheque\Projet-bibliotheque-admin\venv_admin\Lib\site-packages\django\template\loaders\cached.py", line 57, in get_template
    template = super().get_template(template_name, skip)
  File "C:\Users\T.SHIGARAKI\Desktop\Projet-Bibliotheque\Projet-bibliotheque-admin\venv_admin\Lib\site-packages\django\template\loaders\base.py", line 28, in get_template
    return Template(
        contents,
    ...<2 lines>...
        self.engine,
    )
  File "C:\Users\T.SHIGARAKI\Desktop\Projet-Bibliotheque\Projet-bibliotheque-admin\venv_admin\Lib\site-packages\django\template\base.py", line 154, in __init__
    self.nodelist = self.compile_nodelist()
                    ~~~~~~~~~~~~~~~~~~~~~^^
  File "C:\Users\T.SHIGARAKI\Desktop\Projet-Bibliotheque\Projet-bibliotheque-admin\venv_admin\Lib\site-packages\django\template\base.py", line 196, in compile_nodelist
    nodelist = parser.parse()
  File "C:\Users\T.SHIGARAKI\Desktop\Projet-Bibliotheque\Projet-bibliotheque-admin\venv_admin\Lib\site-packages\django\template\base.py", line 518, in parse
    raise self.error(token, e)
  File "C:\Users\T.SHIGARAKI\Desktop\Projet-Bibliotheque\Projet-bibliotheque-admin\venv_admin\Lib\site-packages\django\template\base.py", line 516, in parse
    compiled_result = compile_func(self, token)
  File "C:\Users\T.SHIGARAKI\Desktop\Projet-Bibliotheque\Projet-bibliotheque-admin\venv_admin\Lib\site-packages\django\template\loader_tags.py", line 299, in do_extends
    nodelist = parser.parse()
  File "C:\Users\T.SHIGARAKI\Desktop\Projet-Bibliotheque\Projet-bibliotheque-admin\venv_admin\Lib\site-packages\django\template\base.py", line 518, in parse
    raise self.error(token, e)
  File "C:\Users\T.SHIGARAKI\Desktop\Projet-Bibliotheque\Projet-bibliotheque-admin\venv_admin\Lib\site-packages\django\template\base.py", line 516, in parse
    compiled_result = compile_func(self, token)
  File "C:\Users\T.SHIGARAKI\Desktop\Projet-Bibliotheque\Projet-bibliotheque-admin\venv_admin\Lib\site-packages\django\template\loader_tags.py", line 234, in do_block
    nodelist = parser.parse(("endblock",))
  File "C:\Users\T.SHIGARAKI\Desktop\Projet-Bibliotheque\Projet-bibliotheque-admin\venv_admin\Lib\site-packages\django\template\base.py", line 489, in parse
    raise self.error(token, e)
  File "C:\Users\T.SHIGARAKI\Desktop\Projet-Bibliotheque\Projet-bibliotheque-admin\venv_admin\Lib\site-packages\django\template\base.py", line 487, in parse
    filter_expression = self.compile_filter(token.contents)
  File "C:\Users\T.SHIGARAKI\Desktop\Projet-Bibliotheque\Projet-bibliotheque-admin\venv_admin\Lib\site-packages\django\template\base.py", line 609, in compile_filter
    return FilterExpression(token, self)
  File "C:\Users\T.SHIGARAKI\Desktop\Projet-Bibliotheque\Projet-bibliotheque-admin\venv_admin\Lib\site-packages\django\template\base.py", line 705, in __init__
    filter_func = parser.find_filter(filter_name)
  File "C:\Users\T.SHIGARAKI\Desktop\Projet-Bibliotheque\Projet-bibliotheque-admin\venv_admin\Lib\site-packages\django\template\base.py", line 615, in find_filter
    raise TemplateSyntaxError("Invalid filter: '%s'" % filter_name)
django.template.exceptions.TemplateSyntaxError: Invalid filter: 'add_class'
Notification count: total=1
Notification count: total=1
Notification count: total=1
Notification count: total=1
Notification count: total=1
Internal Server Error: /settings/
Traceback (most recent call last):
  File "C:\Users\T.SHIGARAKI\Desktop\Projet-Bibliotheque\Projet-bibliotheque-admin\venv_admin\Lib\site-packages\django\core\handlers\exception.py", line 55, in inner
    response = get_response(request)
  File "C:\Users\T.SHIGARAKI\Desktop\Projet-Bibliotheque\Projet-bibliotheque-admin\venv_admin\Lib\site-packages\django\core\handlers\base.py", line 197, in _get_response
    response = wrapped_callback(request, *callback_args, **callback_kwargs)
  File "C:\Users\T.SHIGARAKI\Desktop\Projet-Bibliotheque\Projet-bibliotheque-admin\venv_admin\Lib\site-packages\django\contrib\auth\decorators.py", line 59, in _view_wrapper
    return view_func(request, *args, **kwargs)
  File "C:\Users\T.SHIGARAKI\Desktop\Projet-Bibliotheque\Projet-bibliotheque-admin\settings_app\views.py", line 48, in settings_view
    return render(request, 'settings_app/settings_admin.html', {
        'profile_form': profile_form,
        'settings_form': settings_form,
        'password_form': password_form,
    })
  File "C:\Users\T.SHIGARAKI\Desktop\Projet-Bibliotheque\Projet-bibliotheque-admin\venv_admin\Lib\site-packages\django\shortcuts.py", line 25, in render
    content = loader.render_to_string(template_name, context, request, using=using)
  File "C:\Users\T.SHIGARAKI\Desktop\Projet-Bibliotheque\Projet-bibliotheque-admin\venv_admin\Lib\site-packages\django\template\loader.py", line 61, in render_to_string
    template = get_template(template_name, using=using)
  File "C:\Users\T.SHIGARAKI\Desktop\Projet-Bibliotheque\Projet-bibliotheque-admin\venv_admin\Lib\site-packages\django\template\loader.py", line 15, in get_template
    return engine.get_template(template_name)
           ~~~~~~~~~~~~~~~~~~~^^^^^^^^^^^^^^^
  File "C:\Users\T.SHIGARAKI\Desktop\Projet-Bibliotheque\Projet-bibliotheque-admin\venv_admin\Lib\site-packages\django\template\backends\django.py", line 79, in get_template
    return Template(self.engine.get_template(template_name), self)
                    ~~~~~~~~~~~~~~~~~~~~~~~~^^^^^^^^^^^^^^^
  File "C:\Users\T.SHIGARAKI\Desktop\Projet-Bibliotheque\Projet-bibliotheque-admin\venv_admin\Lib\site-packages\django\template\engine.py", line 177, in get_template
    template, origin = self.find_template(template_name)
                       ~~~~~~~~~~~~~~~~~~^^^^^^^^^^^^^^^
  File "C:\Users\T.SHIGARAKI\Desktop\Projet-Bibliotheque\Projet-bibliotheque-admin\venv_admin\Lib\site-packages\django\template\engine.py", line 159, in find_template
    template = loader.get_template(name, skip=skip)
  File "C:\Users\T.SHIGARAKI\Desktop\Projet-Bibliotheque\Projet-bibliotheque-admin\venv_admin\Lib\site-packages\django\template\loaders\cached.py", line 57, in get_template
    template = super().get_template(template_name, skip)
  File "C:\Users\T.SHIGARAKI\Desktop\Projet-Bibliotheque\Projet-bibliotheque-admin\venv_admin\Lib\site-packages\django\template\loaders\base.py", line 28, in get_template
    return Template(
        contents,
    ...<2 lines>...
        self.engine,
    )
  File "C:\Users\T.SHIGARAKI\Desktop\Projet-Bibliotheque\Projet-bibliotheque-admin\venv_admin\Lib\site-packages\django\template\base.py", line 154, in __init__
    self.nodelist = self.compile_nodelist()
                    ~~~~~~~~~~~~~~~~~~~~~^^
  File "C:\Users\T.SHIGARAKI\Desktop\Projet-Bibliotheque\Projet-bibliotheque-admin\venv_admin\Lib\site-packages\django\template\base.py", line 196, in compile_nodelist
    nodelist = parser.parse()
  File "C:\Users\T.SHIGARAKI\Desktop\Projet-Bibliotheque\Projet-bibliotheque-admin\venv_admin\Lib\site-packages\django\template\base.py", line 518, in parse
    raise self.error(token, e)
  File "C:\Users\T.SHIGARAKI\Desktop\Projet-Bibliotheque\Projet-bibliotheque-admin\venv_admin\Lib\site-packages\django\template\base.py", line 516, in parse
    compiled_result = compile_func(self, token)
  File "C:\Users\T.SHIGARAKI\Desktop\Projet-Bibliotheque\Projet-bibliotheque-admin\venv_admin\Lib\site-packages\django\template\loader_tags.py", line 299, in do_extends
    nodelist = parser.parse()
  File "C:\Users\T.SHIGARAKI\Desktop\Projet-Bibliotheque\Projet-bibliotheque-admin\venv_admin\Lib\site-packages\django\template\base.py", line 518, in parse
    raise self.error(token, e)
  File "C:\Users\T.SHIGARAKI\Desktop\Projet-Bibliotheque\Projet-bibliotheque-admin\venv_admin\Lib\site-packages\django\template\base.py", line 516, in parse
    compiled_result = compile_func(self, token)
  File "C:\Users\T.SHIGARAKI\Desktop\Projet-Bibliotheque\Projet-bibliotheque-admin\venv_admin\Lib\site-packages\django\template\loader_tags.py", line 234, in do_block
    nodelist = parser.parse(("endblock",))
  File "C:\Users\T.SHIGARAKI\Desktop\Projet-Bibliotheque\Projet-bibliotheque-admin\venv_admin\Lib\site-packages\django\template\base.py", line 489, in parse
    raise self.error(token, e)
  File "C:\Users\T.SHIGARAKI\Desktop\Projet-Bibliotheque\Projet-bibliotheque-admin\venv_admin\Lib\site-packages\django\template\base.py", line 487, in parse
    filter_expression = self.compile_filter(token.contents)
  File "C:\Users\T.SHIGARAKI\Desktop\Projet-Bibliotheque\Projet-bibliotheque-admin\venv_admin\Lib\site-packages\django\template\base.py", line 609, in compile_filter
    return FilterExpression(token, self)
  File "C:\Users\T.SHIGARAKI\Desktop\Projet-Bibliotheque\Projet-bibliotheque-admin\venv_admin\Lib\site-packages\django\template\base.py", line 705, in __init__
    filter_func = parser.find_filter(filter_name)
  File "C:\Users\T.SHIGARAKI\Desktop\Projet-Bibliotheque\Projet-bibliotheque-admin\venv_admin\Lib\site-packages\django\template\base.py", line 615, in find_filter
    raise TemplateSyntaxError("Invalid filter: '%s'" % filter_name)
django.template.exceptions.TemplateSyntaxError: Invalid filter: 'add_class'
Not Found: /favicon.ico
Watching for file changes with StatReloader
Internal Server Error: /settings/
Traceback (most recent call last):
  File "C:\Users\T.SHIGARAKI\Desktop\Projet-Bibliotheque\Projet-bibliotheque-admin\venv_admin\Lib\site-packages\django\core\handlers\exception.py", line 55, in inner
    response = get_response(request)
  File "C:\Users\T.SHIGARAKI\Desktop\Projet-Bibliotheque\Projet-bibliotheque-admin\venv_admin\Lib\site-packages\django\core\handlers\base.py", line 197, in _get_response
    response = wrapped_callback(request, *callback_args, **callback_kwargs)
  File "C:\Users\T.SHIGARAKI\Desktop\Projet-Bibliotheque\Projet-bibliotheque-admin\venv_admin\Lib\site-packages\django\contrib\auth\decorators.py", line 59, in _view_wrapper
    return view_func(request, *args, **kwargs)
  File "C:\Users\T.SHIGARAKI\Desktop\Projet-Bibliotheque\Projet-bibliotheque-admin\settings_app\views.py", line 48, in settings_view
    return render(request, 'settings_app/settings_admin.html', {
        'profile_form': profile_form,
        'settings_form': settings_form,
        'password_form': password_form,
    })
  File "C:\Users\T.SHIGARAKI\Desktop\Projet-Bibliotheque\Projet-bibliotheque-admin\venv_admin\Lib\site-packages\django\shortcuts.py", line 25, in render
    content = loader.render_to_string(template_name, context, request, using=using)
  File "C:\Users\T.SHIGARAKI\Desktop\Projet-Bibliotheque\Projet-bibliotheque-admin\venv_admin\Lib\site-packages\django\template\loader.py", line 61, in render_to_string
    template = get_template(template_name, using=using)
  File "C:\Users\T.SHIGARAKI\Desktop\Projet-Bibliotheque\Projet-bibliotheque-admin\venv_admin\Lib\site-packages\django\template\loader.py", line 15, in get_template
    return engine.get_template(template_name)
           ~~~~~~~~~~~~~~~~~~~^^^^^^^^^^^^^^^
  File "C:\Users\T.SHIGARAKI\Desktop\Projet-Bibliotheque\Projet-bibliotheque-admin\venv_admin\Lib\site-packages\django\template\backends\django.py", line 79, in get_template
    return Template(self.engine.get_template(template_name), self)
                    ~~~~~~~~~~~~~~~~~~~~~~~~^^^^^^^^^^^^^^^
  File "C:\Users\T.SHIGARAKI\Desktop\Projet-Bibliotheque\Projet-bibliotheque-admin\venv_admin\Lib\site-packages\django\template\engine.py", line 177, in get_template
    template, origin = self.find_template(template_name)
                       ~~~~~~~~~~~~~~~~~~^^^^^^^^^^^^^^^
  File "C:\Users\T.SHIGARAKI\Desktop\Projet-Bibliotheque\Projet-bibliotheque-admin\venv_admin\Lib\site-packages\django\template\engine.py", line 159, in find_template
    template = loader.get_template(name, skip=skip)
  File "C:\Users\T.SHIGARAKI\Desktop\Projet-Bibliotheque\Projet-bibliotheque-admin\venv_admin\Lib\site-packages\django\template\loaders\cached.py", line 57, in get_template
    template = super().get_template(template_name, skip)
  File "C:\Users\T.SHIGARAKI\Desktop\Projet-Bibliotheque\Projet-bibliotheque-admin\venv_admin\Lib\site-packages\django\template\loaders\base.py", line 28, in get_template
    return Template(
        contents,
    ...<2 lines>...
        self.engine,
    )
  File "C:\Users\T.SHIGARAKI\Desktop\Projet-Bibliotheque\Projet-bibliotheque-admin\venv_admin\Lib\site-packages\django\template\base.py", line 154, in __init__
    self.nodelist = self.compile_nodelist()
                    ~~~~~~~~~~~~~~~~~~~~~^^
  File "C:\Users\T.SHIGARAKI\Desktop\Projet-Bibliotheque\Projet-bibliotheque-admin\venv_admin\Lib\site-packages\django\template\base.py", line 196, in compile_nodelist
    nodelist = parser.parse()
  File "C:\Users\T.SHIGARAKI\Desktop\Projet-Bibliotheque\Projet-bibliotheque-admin\venv_admin\Lib\site-packages\django\template\base.py", line 518, in parse
    raise self.error(token, e)
  File "C:\Users\T.SHIGARAKI\Desktop\Projet-Bibliotheque\Projet-bibliotheque-admin\venv_admin\Lib\site-packages\django\template\base.py", line 516, in parse
    compiled_result = compile_func(self, token)
  File "C:\Users\T.SHIGARAKI\Desktop\Projet-Bibliotheque\Projet-bibliotheque-admin\venv_admin\Lib\site-packages\django\template\loader_tags.py", line 299, in do_extends
    nodelist = parser.parse()
  File "C:\Users\T.SHIGARAKI\Desktop\Projet-Bibliotheque\Projet-bibliotheque-admin\venv_admin\Lib\site-packages\django\template\base.py", line 518, in parse
    raise self.error(token, e)
  File "C:\Users\T.SHIGARAKI\Desktop\Projet-Bibliotheque\Projet-bibliotheque-admin\venv_admin\Lib\site-packages\django\template\base.py", line 516, in parse
    compiled_result = compile_func(self, token)
  File "C:\Users\T.SHIGARAKI\Desktop\Projet-Bibliotheque\Projet-bibliotheque-admin\venv_admin\Lib\site-packages\django\template\loader_tags.py", line 234, in do_block
    nodelist = parser.parse(("endblock",))
  File "C:\Users\T.SHIGARAKI\Desktop\Projet-Bibliotheque\Projet-bibliotheque-admin\venv_admin\Lib\site-packages\django\template\base.py", line 489, in parse
    raise self.error(token, e)
  File "C:\Users\T.SHIGARAKI\Desktop\Projet-Bibliotheque\Projet-bibliotheque-admin\venv_admin\Lib\site-packages\django\template\base.py", line 487, in parse
    filter_expression = self.compile_filter(token.contents)
  File "C:\Users\T.SHIGARAKI\Desktop\Projet-Bibliotheque\Projet-bibliotheque-admin\venv_admin\Lib\site-packages\django\template\base.py", line 609, in compile_filter
    return FilterExpression(token, self)
  File "C:\Users\T.SHIGARAKI\Desktop\Projet-Bibliotheque\Projet-bibliotheque-admin\venv_admin\Lib\site-packages\django\template\base.py", line 705, in __init__
    filter_func = parser.find_filter(filter_name)
  File "C:\Users\T.SHIGARAKI\Desktop\Projet-Bibliotheque\Projet-bibliotheque-admin\venv_admin\Lib\site-packages\django\template\base.py", line 615, in find_filter
    raise TemplateSyntaxError("Invalid filter: '%s'" % filter_name)
django.template.exceptions.TemplateSyntaxError: Invalid filter: 'add_class'
Notification count: total=1
Watching for file changes with StatReloader
Notification count: total=1
Notification count: total=1
Notification count: total=1
Notification count: total=1
Notification count: total=1
Notification count: total=1
Not Found: /favicon.ico
Watching for file changes with StatReloader
Notification count: total=1
Total des notifications affichées: 2
Notification count: total=1
Tentative de suppression de toutes les notifications par l'utilisateur admin_biblio
2 notifications supprimées
Notification count: total=0
Notification count: total=0
Internal Server Error: /statistics/
Traceback (most recent call last):
  File "C:\Users\T.SHIGARAKI\Desktop\Projet-Bibliotheque\Projet-bibliotheque-admin\venv_admin\Lib\site-packages\django\template\backends\django.py", line 107, in render
    return self.template.render(context)
           ~~~~~~~~~~~~~~~~~~~~^^^^^^^^^
  File "C:\Users\T.SHIGARAKI\Desktop\Projet-Bibliotheque\Projet-bibliotheque-admin\venv_admin\Lib\site-packages\django\template\base.py", line 171, in render
    return self._render(context)
           ~~~~~~~~~~~~^^^^^^^^^
  File "C:\Users\T.SHIGARAKI\Desktop\Projet-Bibliotheque\Projet-bibliotheque-admin\venv_admin\Lib\site-packages\django\template\base.py", line 163, in _render
    return self.nodelist.render(context)
           ~~~~~~~~~~~~~~~~~~~~^^^^^^^^^
  File "C:\Users\T.SHIGARAKI\Desktop\Projet-Bibliotheque\Projet-bibliotheque-admin\venv_admin\Lib\site-packages\django\template\base.py", line 1016, in render
    return SafeString("".join([node.render_annotated(context) for node in self]))
                               ~~~~~~~~~~~~~~~~~~~~~^^^^^^^^^
  File "C:\Users\T.SHIGARAKI\Desktop\Projet-Bibliotheque\Projet-bibliotheque-admin\venv_admin\Lib\site-packages\django\template\base.py", line 977, in render_annotated
    return self.render(context)
           ~~~~~~~~~~~^^^^^^^^^
  File "C:\Users\T.SHIGARAKI\Desktop\Projet-Bibliotheque\Projet-bibliotheque-admin\venv_admin\Lib\site-packages\django\template\loader_tags.py", line 134, in render
    compiled_parent = self.get_parent(context)
  File "C:\Users\T.SHIGARAKI\Desktop\Projet-Bibliotheque\Projet-bibliotheque-admin\venv_admin\Lib\site-packages\django\template\loader_tags.py", line 131, in get_parent
    return self.find_template(parent, context)
           ~~~~~~~~~~~~~~~~~~^^^^^^^^^^^^^^^^^
  File "C:\Users\T.SHIGARAKI\Desktop\Projet-Bibliotheque\Projet-bibliotheque-admin\venv_admin\Lib\site-packages\django\template\loader_tags.py", line 109, in find_template
    template, origin = context.template.engine.find_template(
                       ~~~~~~~~~~~~~~~~~~~~~~~~~~~~~~~~~~~~~^
        template_name,
        ^^^^^^^^^^^^^^
        skip=history,
        ^^^^^^^^^^^^^
    )
    ^
  File "C:\Users\T.SHIGARAKI\Desktop\Projet-Bibliotheque\Projet-bibliotheque-admin\venv_admin\Lib\site-packages\django\template\engine.py", line 163, in find_template
    raise TemplateDoesNotExist(name, tried=tried)
django.template.exceptions.TemplateDoesNotExist: books/base.html

The above exception was the direct cause of the following exception:

Traceback (most recent call last):
  File "C:\Users\T.SHIGARAKI\Desktop\Projet-Bibliotheque\Projet-bibliotheque-admin\venv_admin\Lib\site-packages\django\core\handlers\exception.py", line 55, in inner
    response = get_response(request)
  File "C:\Users\T.SHIGARAKI\Desktop\Projet-Bibliotheque\Projet-bibliotheque-admin\venv_admin\Lib\site-packages\django\core\handlers\base.py", line 197, in _get_response
    response = wrapped_callback(request, *callback_args, **callback_kwargs)
  File "C:\Users\T.SHIGARAKI\Desktop\Projet-Bibliotheque\Projet-bibliotheque-admin\venv_admin\Lib\site-packages\django\contrib\auth\decorators.py", line 59, in _view_wrapper
    return view_func(request, *args, **kwargs)
  File "C:\Users\T.SHIGARAKI\Desktop\Projet-Bibliotheque\Projet-bibliotheque-admin\library_stats\views.py", line 58, in statistics
    return render(request, 'library_stats/statistics.html', context)
  File "C:\Users\T.SHIGARAKI\Desktop\Projet-Bibliotheque\Projet-bibliotheque-admin\venv_admin\Lib\site-packages\django\shortcuts.py", line 25, in render
    content = loader.render_to_string(template_name, context, request, using=using)
  File "C:\Users\T.SHIGARAKI\Desktop\Projet-Bibliotheque\Projet-bibliotheque-admin\venv_admin\Lib\site-packages\django\template\loader.py", line 62, in render_to_string
    return template.render(context, request)
           ~~~~~~~~~~~~~~~^^^^^^^^^^^^^^^^^^
  File "C:\Users\T.SHIGARAKI\Desktop\Projet-Bibliotheque\Projet-bibliotheque-admin\venv_admin\Lib\site-packages\django\template\backends\django.py", line 109, in render
    reraise(exc, self.backend)
    ~~~~~~~^^^^^^^^^^^^^^^^^^^
  File "C:\Users\T.SHIGARAKI\Desktop\Projet-Bibliotheque\Projet-bibliotheque-admin\venv_admin\Lib\site-packages\django\template\backends\django.py", line 130, in reraise
    raise new from exc
django.template.exceptions.TemplateDoesNotExist: books/base.html
Notification count: total=0
Notification count: total=0
User logged in: esso.daniel001, first_login=False
User logged in: admin_biblio, first_login=False
Notification count: total=0
Notification count: total=0
Notification count: total=1
User logged in: esso.daniel001, first_login=False
C:\Users\T.SHIGARAKI\Desktop\Projet-Bibliotheque\Projet-bibliotheque-admin\books\views.py changed, reloading.
Watching for file changes with StatReloader
C:\Users\T.SHIGARAKI\Desktop\Projet-Bibliotheque\Projet-bibliotheque-admin\books\urls.py changed, reloading.
Watching for file changes with StatReloader
C:\Users\T.SHIGARAKI\Desktop\Projet-Bibliotheque\Projet-bibliotheque-admin\books\models.py changed, reloading.
Watching for file changes with StatReloader
Internal Server Error: /books/new-arrivals/
Traceback (most recent call last):
  File "C:\Users\T.SHIGARAKI\Desktop\Projet-Bibliotheque\Projet-bibliotheque-admin\venv_admin\Lib\site-packages\django\core\handlers\exception.py", line 55, in inner
    response = get_response(request)
  File "C:\Users\T.SHIGARAKI\Desktop\Projet-Bibliotheque\Projet-bibliotheque-admin\venv_admin\Lib\site-packages\django\core\handlers\base.py", line 197, in _get_response
    response = wrapped_callback(request, *callback_args, **callback_kwargs)
  File "C:\Users\T.SHIGARAKI\Desktop\Projet-Bibliotheque\Projet-bibliotheque-admin\venv_admin\Lib\site-packages\django\contrib\auth\decorators.py", line 59, in _view_wrapper
    return view_func(request, *args, **kwargs)
  File "C:\Users\T.SHIGARAKI\Desktop\Projet-Bibliotheque\Projet-bibliotheque-admin\books\views.py", line 221, in new_arrivals_view
    return render(request, 'books/new_arrivals.html', context)
  File "C:\Users\T.SHIGARAKI\Desktop\Projet-Bibliotheque\Projet-bibliotheque-admin\venv_admin\Lib\site-packages\django\shortcuts.py", line 25, in render
    content = loader.render_to_string(template_name, context, request, using=using)
  File "C:\Users\T.SHIGARAKI\Desktop\Projet-Bibliotheque\Projet-bibliotheque-admin\venv_admin\Lib\site-packages\django\template\loader.py", line 61, in render_to_string
    template = get_template(template_name, using=using)
  File "C:\Users\T.SHIGARAKI\Desktop\Projet-Bibliotheque\Projet-bibliotheque-admin\venv_admin\Lib\site-packages\django\template\loader.py", line 19, in get_template
    raise TemplateDoesNotExist(template_name, chain=chain)
django.template.exceptions.TemplateDoesNotExist: books/new_arrivals.html
Internal Server Error: /books/new-arrivals/
Traceback (most recent call last):
  File "C:\Users\T.SHIGARAKI\Desktop\Projet-Bibliotheque\Projet-bibliotheque-admin\venv_admin\Lib\site-packages\django\core\handlers\exception.py", line 55, in inner
    response = get_response(request)
  File "C:\Users\T.SHIGARAKI\Desktop\Projet-Bibliotheque\Projet-bibliotheque-admin\venv_admin\Lib\site-packages\django\core\handlers\base.py", line 197, in _get_response
    response = wrapped_callback(request, *callback_args, **callback_kwargs)
  File "C:\Users\T.SHIGARAKI\Desktop\Projet-Bibliotheque\Projet-bibliotheque-admin\venv_admin\Lib\site-packages\django\contrib\auth\decorators.py", line 59, in _view_wrapper
    return view_func(request, *args, **kwargs)
  File "C:\Users\T.SHIGARAKI\Desktop\Projet-Bibliotheque\Projet-bibliotheque-admin\books\views.py", line 221, in new_arrivals_view
    return render(request, 'books/new_arrivals.html', context)
  File "C:\Users\T.SHIGARAKI\Desktop\Projet-Bibliotheque\Projet-bibliotheque-admin\venv_admin\Lib\site-packages\django\shortcuts.py", line 25, in render
    content = loader.render_to_string(template_name, context, request, using=using)
  File "C:\Users\T.SHIGARAKI\Desktop\Projet-Bibliotheque\Projet-bibliotheque-admin\venv_admin\Lib\site-packages\django\template\loader.py", line 61, in render_to_string
    template = get_template(template_name, using=using)
  File "C:\Users\T.SHIGARAKI\Desktop\Projet-Bibliotheque\Projet-bibliotheque-admin\venv_admin\Lib\site-packages\django\template\loader.py", line 19, in get_template
    raise TemplateDoesNotExist(template_name, chain=chain)
django.template.exceptions.TemplateDoesNotExist: books/new_arrivals.html
C:\Users\T.SHIGARAKI\Desktop\Projet-Bibliotheque\Projet-bibliotheque-admin\books\views.py changed, reloading.
Watching for file changes with StatReloader
Internal Server Error: /books/new-arrivals/
Traceback (most recent call last):
  File "C:\Users\T.SHIGARAKI\Desktop\Projet-Bibliotheque\Projet-bibliotheque-admin\venv_admin\Lib\site-packages\django\core\handlers\exception.py", line 55, in inner
    response = get_response(request)
  File "C:\Users\T.SHIGARAKI\Desktop\Projet-Bibliotheque\Projet-bibliotheque-admin\venv_admin\Lib\site-packages\django\core\handlers\base.py", line 197, in _get_response
    response = wrapped_callback(request, *callback_args, **callback_kwargs)
  File "C:\Users\T.SHIGARAKI\Desktop\Projet-Bibliotheque\Projet-bibliotheque-admin\venv_admin\Lib\site-packages\django\contrib\auth\decorators.py", line 59, in _view_wrapper
    return view_func(request, *args, **kwargs)
  File "C:\Users\T.SHIGARAKI\Desktop\Projet-Bibliotheque\Projet-bibliotheque-admin\books\views.py", line 221, in new_arrivals_view
    return render(request, 'books/new_arrivals_books_for_users.html', context)
  File "C:\Users\T.SHIGARAKI\Desktop\Projet-Bibliotheque\Projet-bibliotheque-admin\venv_admin\Lib\site-packages\django\shortcuts.py", line 25, in render
    content = loader.render_to_string(template_name, context, request, using=using)
  File "C:\Users\T.SHIGARAKI\Desktop\Projet-Bibliotheque\Projet-bibliotheque-admin\venv_admin\Lib\site-packages\django\template\loader.py", line 61, in render_to_string
    template = get_template(template_name, using=using)
  File "C:\Users\T.SHIGARAKI\Desktop\Projet-Bibliotheque\Projet-bibliotheque-admin\venv_admin\Lib\site-packages\django\template\loader.py", line 19, in get_template
    raise TemplateDoesNotExist(template_name, chain=chain)
django.template.exceptions.TemplateDoesNotExist: books/new_arrivals_books_for_users.html
C:\Users\T.SHIGARAKI\Desktop\Projet-Bibliotheque\Projet-bibliotheque-admin\books\views.py changed, reloading.
Watching for file changes with StatReloader
C:\Users\T.SHIGARAKI\Desktop\Projet-Bibliotheque\Projet-bibliotheque-admin\books\views.py changed, reloading.
Watching for file changes with StatReloader
Internal Server Error: /books/epreuves/
Traceback (most recent call last):
  File "C:\Users\T.SHIGARAKI\Desktop\Projet-Bibliotheque\Projet-bibliotheque-admin\venv_admin\Lib\site-packages\django\core\handlers\exception.py", line 55, in inner
    response = get_response(request)
  File "C:\Users\T.SHIGARAKI\Desktop\Projet-Bibliotheque\Projet-bibliotheque-admin\venv_admin\Lib\site-packages\django\core\handlers\base.py", line 197, in _get_response
    response = wrapped_callback(request, *callback_args, **callback_kwargs)
  File "C:\Users\T.SHIGARAKI\Desktop\Projet-Bibliotheque\Projet-bibliotheque-admin\venv_admin\Lib\site-packages\django\contrib\auth\decorators.py", line 59, in _view_wrapper
    return view_func(request, *args, **kwargs)
  File "C:\Users\T.SHIGARAKI\Desktop\Projet-Bibliotheque\Projet-bibliotheque-admin\books\views.py", line 231, in epreuves_view
    return render(request, 'books/epreuves.html', context)
  File "C:\Users\T.SHIGARAKI\Desktop\Projet-Bibliotheque\Projet-bibliotheque-admin\venv_admin\Lib\site-packages\django\shortcuts.py", line 25, in render
    content = loader.render_to_string(template_name, context, request, using=using)
  File "C:\Users\T.SHIGARAKI\Desktop\Projet-Bibliotheque\Projet-bibliotheque-admin\venv_admin\Lib\site-packages\django\template\loader.py", line 61, in render_to_string
    template = get_template(template_name, using=using)
  File "C:\Users\T.SHIGARAKI\Desktop\Projet-Bibliotheque\Projet-bibliotheque-admin\venv_admin\Lib\site-packages\django\template\loader.py", line 19, in get_template
    raise TemplateDoesNotExist(template_name, chain=chain)
django.template.exceptions.TemplateDoesNotExist: books/epreuves.html
C:\Users\T.SHIGARAKI\Desktop\Projet-Bibliotheque\Projet-bibliotheque-admin\books\views.py changed, reloading.
Watching for file changes with StatReloader
Watching for file changes with StatReloader
Not Found: /favicon.ico
User logged in: admin_biblio, first_login=False
Notification count: total=1
Notification count: total=1
Notification count: total=1
User created: junior.etoo001, password hash: pbkdf2_sha256$1000000$WoXj69UtYJUV47gtd2sk19$1alw/a/JqrmcKZxBoh/Rypn/OEBARZLl9qygUpJQOIE=, first_login=True
Notification count: total=2
User logged in: junior.etoo001, first_login=True
Notification count: total=0
User logged in: junior.etoo001, first_login=False
User logged in: admin_biblio, first_login=False
Notification count: total=2
Notification count: total=2
Notification count: total=2
Notification count: total=2
Notification count: total=2
Notification count: total=2
Total des notifications affichées: 2
Notification count: total=2
Notification count: total=2
Internal Server Error: /statistics/
Traceback (most recent call last):
  File "C:\Users\T.SHIGARAKI\Desktop\Projet-Bibliotheque\Projet-bibliotheque-admin\venv_admin\Lib\site-packages\django\template\backends\django.py", line 107, in render
    return self.template.render(context)
           ~~~~~~~~~~~~~~~~~~~~^^^^^^^^^
  File "C:\Users\T.SHIGARAKI\Desktop\Projet-Bibliotheque\Projet-bibliotheque-admin\venv_admin\Lib\site-packages\django\template\base.py", line 171, in render
    return self._render(context)
           ~~~~~~~~~~~~^^^^^^^^^
  File "C:\Users\T.SHIGARAKI\Desktop\Projet-Bibliotheque\Projet-bibliotheque-admin\venv_admin\Lib\site-packages\django\template\base.py", line 163, in _render
    return self.nodelist.render(context)
           ~~~~~~~~~~~~~~~~~~~~^^^^^^^^^
  File "C:\Users\T.SHIGARAKI\Desktop\Projet-Bibliotheque\Projet-bibliotheque-admin\venv_admin\Lib\site-packages\django\template\base.py", line 1016, in render
    return SafeString("".join([node.render_annotated(context) for node in self]))
                               ~~~~~~~~~~~~~~~~~~~~~^^^^^^^^^
  File "C:\Users\T.SHIGARAKI\Desktop\Projet-Bibliotheque\Projet-bibliotheque-admin\venv_admin\Lib\site-packages\django\template\base.py", line 977, in render_annotated
    return self.render(context)
           ~~~~~~~~~~~^^^^^^^^^
  File "C:\Users\T.SHIGARAKI\Desktop\Projet-Bibliotheque\Projet-bibliotheque-admin\venv_admin\Lib\site-packages\django\template\loader_tags.py", line 134, in render
    compiled_parent = self.get_parent(context)
  File "C:\Users\T.SHIGARAKI\Desktop\Projet-Bibliotheque\Projet-bibliotheque-admin\venv_admin\Lib\site-packages\django\template\loader_tags.py", line 131, in get_parent
    return self.find_template(parent, context)
           ~~~~~~~~~~~~~~~~~~^^^^^^^^^^^^^^^^^
  File "C:\Users\T.SHIGARAKI\Desktop\Projet-Bibliotheque\Projet-bibliotheque-admin\venv_admin\Lib\site-packages\django\template\loader_tags.py", line 109, in find_template
    template, origin = context.template.engine.find_template(
                       ~~~~~~~~~~~~~~~~~~~~~~~~~~~~~~~~~~~~~^
        template_name,
        ^^^^^^^^^^^^^^
        skip=history,
        ^^^^^^^^^^^^^
    )
    ^
  File "C:\Users\T.SHIGARAKI\Desktop\Projet-Bibliotheque\Projet-bibliotheque-admin\venv_admin\Lib\site-packages\django\template\engine.py", line 163, in find_template
    raise TemplateDoesNotExist(name, tried=tried)
django.template.exceptions.TemplateDoesNotExist: books/base.html

The above exception was the direct cause of the following exception:

Traceback (most recent call last):
  File "C:\Users\T.SHIGARAKI\Desktop\Projet-Bibliotheque\Projet-bibliotheque-admin\venv_admin\Lib\site-packages\django\core\handlers\exception.py", line 55, in inner
    response = get_response(request)
  File "C:\Users\T.SHIGARAKI\Desktop\Projet-Bibliotheque\Projet-bibliotheque-admin\venv_admin\Lib\site-packages\django\core\handlers\base.py", line 197, in _get_response
    response = wrapped_callback(request, *callback_args, **callback_kwargs)
  File "C:\Users\T.SHIGARAKI\Desktop\Projet-Bibliotheque\Projet-bibliotheque-admin\venv_admin\Lib\site-packages\django\contrib\auth\decorators.py", line 59, in _view_wrapper
    return view_func(request, *args, **kwargs)
  File "C:\Users\T.SHIGARAKI\Desktop\Projet-Bibliotheque\Projet-bibliotheque-admin\library_stats\views.py", line 58, in statistics
    return render(request, 'library_stats/statistics.html', context)
  File "C:\Users\T.SHIGARAKI\Desktop\Projet-Bibliotheque\Projet-bibliotheque-admin\venv_admin\Lib\site-packages\django\shortcuts.py", line 25, in render
    content = loader.render_to_string(template_name, context, request, using=using)
  File "C:\Users\T.SHIGARAKI\Desktop\Projet-Bibliotheque\Projet-bibliotheque-admin\venv_admin\Lib\site-packages\django\template\loader.py", line 62, in render_to_string
    return template.render(context, request)
           ~~~~~~~~~~~~~~~^^^^^^^^^^^^^^^^^^
  File "C:\Users\T.SHIGARAKI\Desktop\Projet-Bibliotheque\Projet-bibliotheque-admin\venv_admin\Lib\site-packages\django\template\backends\django.py", line 109, in render
    reraise(exc, self.backend)
    ~~~~~~~^^^^^^^^^^^^^^^^^^^
  File "C:\Users\T.SHIGARAKI\Desktop\Projet-Bibliotheque\Projet-bibliotheque-admin\venv_admin\Lib\site-packages\django\template\backends\django.py", line 130, in reraise
    raise new from exc
django.template.exceptions.TemplateDoesNotExist: books/base.html
Notification count: total=2
Notification count: total=2
Notification count: total=2
Notification count: total=2
Not Found: /favicon.ico
User logged in: admin_biblio, first_login=False
Notification count: total=2
Notification count: total=2
Notification count: total=3
Notification count: total=3
Watching for file changes with StatReloader
Not Found: /favicon.ico
User logged in: admin_biblio, first_login=False
Notification count: total=3
Notification count: total=3
Notification count: total=3
User created: porno.genius001, password hash: pbkdf2_sha256$1000000$lXU1SyuROytM9GQ9rqW1c9$arFPFUk3/PqQzsFw9lzd28KRn/GMAy5Fu4lefCgqaT4=, first_login=True
Notification count: total=4
User logged in: porno.genius001, first_login=True
Notification count: total=0
User logged in: porno.genius001, first_login=False
Watching for file changes with StatReloader
Not Found: /favicon.ico
User logged in: akoumba.marylin001, first_login=False
Not Found: /favicon.ico
C:\Users\T.SHIGARAKI\Desktop\Projet-Bibliotheque\Projet-bibliotheque-admin\books\views.py changed, reloading.
Watching for file changes with StatReloader
Not Found: /favicon.ico
C:\Users\T.SHIGARAKI\Desktop\Projet-Bibliotheque\Projet-bibliotheque-admin\users\models.py changed, reloading.
Watching for file changes with StatReloader
Watching for file changes with StatReloader
C:\Users\T.SHIGARAKI\Desktop\Projet-Bibliotheque\Projet-bibliotheque-admin\books\views.py changed, reloading.
Watching for file changes with StatReloader
Watching for file changes with StatReloader
Not Found: /favicon.ico
Watching for file changes with StatReloader
User logged in: admin_biblio, first_login=False
Notification count: total=4
Notification count: total=4
Notification count: total=4
C:\Users\T.SHIGARAKI\Desktop\Projet-Bibliotheque\Projet-bibliotheque-admin\books\models.py changed, reloading.
C:\Users\T.SHIGARAKI\Desktop\Projet-Bibliotheque\Projet-bibliotheque-admin\books\models.py changed, reloading.
Watching for file changes with StatReloader
Watching for file changes with StatReloader
C:\Users\T.SHIGARAKI\Desktop\Projet-Bibliotheque\Projet-bibliotheque-admin\books\forms.py changed, reloading.
C:\Users\T.SHIGARAKI\Desktop\Projet-Bibliotheque\Projet-bibliotheque-admin\books\forms.py changed, reloading.
Watching for file changes with StatReloader
Watching for file changes with StatReloader
Watching for file changes with StatReloader
Notification count: total=4
Notification count: total=4
Not Found: /favicon.ico
Notification count: total=4
Notification count: total=4
Notification count: total=4
C:\Users\T.SHIGARAKI\Desktop\Projet-Bibliotheque\Projet-bibliotheque-admin\books\forms.py changed, reloading.
C:\Users\T.SHIGARAKI\Desktop\Projet-Bibliotheque\Projet-bibliotheque-admin\books\forms.py changed, reloading.
Watching for file changes with StatReloader
Watching for file changes with StatReloader
Notification count: total=4
Notification count: total=4
Notification count: total=4
Notification count: total=4
C:\Users\T.SHIGARAKI\Desktop\Projet-Bibliotheque\Projet-bibliotheque-admin\books\models.py changed, reloading.
C:\Users\T.SHIGARAKI\Desktop\Projet-Bibliotheque\Projet-bibliotheque-admin\books\models.py changed, reloading.
Watching for file changes with StatReloader
Watching for file changes with StatReloader
Watching for file changes with StatReloader
Notification count: total=4
Internal Server Error: /books/add/
Traceback (most recent call last):
  File "C:\Users\T.SHIGARAKI\Desktop\Projet-Bibliotheque\Projet-bibliotheque-admin\venv_admin\Lib\site-packages\django\core\handlers\exception.py", line 55, in inner
    response = get_response(request)
  File "C:\Users\T.SHIGARAKI\Desktop\Projet-Bibliotheque\Projet-bibliotheque-admin\venv_admin\Lib\site-packages\django\core\handlers\base.py", line 197, in _get_response
    response = wrapped_callback(request, *callback_args, **callback_kwargs)
  File "C:\Users\T.SHIGARAKI\Desktop\Projet-Bibliotheque\Projet-bibliotheque-admin\books\views.py", line 163, in add_book
    form = BookForm(request.POST, request.FILES)
  File "C:\Users\T.SHIGARAKI\Desktop\Projet-Bibliotheque\Projet-bibliotheque-admin\books\forms.py", line 41, in __init__
    self.fields['category'].choices = [('', '---------')] + list(self.fields['category'].choices)
                                                                 ^^^^^^^^^^^^^^^^^^^^^^^^^^^^^^^
AttributeError: 'CharField' object has no attribute 'choices'
C:\Users\T.SHIGARAKI\Desktop\Projet-Bibliotheque\Projet-bibliotheque-admin\books\forms.py changed, reloading.
C:\Users\T.SHIGARAKI\Desktop\Projet-Bibliotheque\Projet-bibliotheque-admin\books\forms.py changed, reloading.
Watching for file changes with StatReloader
Watching for file changes with StatReloader
Notification count: total=4
Notification count: total=5
Notification count: total=5
Notification count: total=6
Notification count: total=6
Notification count: total=6
Notification count: total=6
User logged in: esso.daniel001, first_login=False
User logged in: esso.daniel001, first_login=False
User logged in: esso.daniel001, first_login=False
C:\Users\T.SHIGARAKI\Desktop\Projet-Bibliotheque\Projet-bibliotheque-admin\books\views.py changed, reloading.
Watching for file changes with StatReloader
C:\Users\T.SHIGARAKI\Desktop\Projet-Bibliotheque\Projet-bibliotheque-admin\books\urls.py changed, reloading.
Watching for file changes with StatReloader
Watching for file changes with StatReloader
Internal Server Error: /books/standard-user-dashboard/
Traceback (most recent call last):
  File "C:\Users\T.SHIGARAKI\Desktop\Projet-Bibliotheque\Projet-bibliotheque-admin\venv_admin\Lib\site-packages\django\core\handlers\exception.py", line 55, in inner
    response = get_response(request)
  File "C:\Users\T.SHIGARAKI\Desktop\Projet-Bibliotheque\Projet-bibliotheque-admin\venv_admin\Lib\site-packages\django\core\handlers\base.py", line 197, in _get_response
    response = wrapped_callback(request, *callback_args, **callback_kwargs)
  File "C:\Users\T.SHIGARAKI\Desktop\Projet-Bibliotheque\Projet-bibliotheque-admin\venv_admin\Lib\site-packages\django\contrib\auth\decorators.py", line 59, in _view_wrapper
    return view_func(request, *args, **kwargs)
  File "C:\Users\T.SHIGARAKI\Desktop\Projet-Bibliotheque\Projet-bibliotheque-admin\books\views.py", line 39, in standard_user_dashboard
    return render(request, 'books/standard_user_dashboard.html', {'loans_count': 0, 'notifications_count': 0, 'favorites_count': favorites_count, 'downloads_count': downloads_count})
  File "C:\Users\T.SHIGARAKI\Desktop\Projet-Bibliotheque\Projet-bibliotheque-admin\venv_admin\Lib\site-packages\django\shortcuts.py", line 25, in render
    content = loader.render_to_string(template_name, context, request, using=using)
  File "C:\Users\T.SHIGARAKI\Desktop\Projet-Bibliotheque\Projet-bibliotheque-admin\venv_admin\Lib\site-packages\django\template\loader.py", line 62, in render_to_string
    return template.render(context, request)
           ~~~~~~~~~~~~~~~^^^^^^^^^^^^^^^^^^
  File "C:\Users\T.SHIGARAKI\Desktop\Projet-Bibliotheque\Projet-bibliotheque-admin\venv_admin\Lib\site-packages\django\template\backends\django.py", line 107, in render
    return self.template.render(context)
           ~~~~~~~~~~~~~~~~~~~~^^^^^^^^^
  File "C:\Users\T.SHIGARAKI\Desktop\Projet-Bibliotheque\Projet-bibliotheque-admin\venv_admin\Lib\site-packages\django\template\base.py", line 171, in render
    return self._render(context)
           ~~~~~~~~~~~~^^^^^^^^^
  File "C:\Users\T.SHIGARAKI\Desktop\Projet-Bibliotheque\Projet-bibliotheque-admin\venv_admin\Lib\site-packages\django\template\base.py", line 163, in _render
    return self.nodelist.render(context)
           ~~~~~~~~~~~~~~~~~~~~^^^^^^^^^
  File "C:\Users\T.SHIGARAKI\Desktop\Projet-Bibliotheque\Projet-bibliotheque-admin\venv_admin\Lib\site-packages\django\template\base.py", line 1016, in render
    return SafeString("".join([node.render_annotated(context) for node in self]))
                               ~~~~~~~~~~~~~~~~~~~~~^^^^^^^^^
  File "C:\Users\T.SHIGARAKI\Desktop\Projet-Bibliotheque\Projet-bibliotheque-admin\venv_admin\Lib\site-packages\django\template\base.py", line 977, in render_annotated
    return self.render(context)
           ~~~~~~~~~~~^^^^^^^^^
  File "C:\Users\T.SHIGARAKI\Desktop\Projet-Bibliotheque\Projet-bibliotheque-admin\venv_admin\Lib\site-packages\django\template\loader_tags.py", line 159, in render
    return compiled_parent._render(context)
           ~~~~~~~~~~~~~~~~~~~~~~~^^^^^^^^^
  File "C:\Users\T.SHIGARAKI\Desktop\Projet-Bibliotheque\Projet-bibliotheque-admin\venv_admin\Lib\site-packages\django\template\base.py", line 163, in _render
    return self.nodelist.render(context)
           ~~~~~~~~~~~~~~~~~~~~^^^^^^^^^
  File "C:\Users\T.SHIGARAKI\Desktop\Projet-Bibliotheque\Projet-bibliotheque-admin\venv_admin\Lib\site-packages\django\template\base.py", line 1016, in render
    return SafeString("".join([node.render_annotated(context) for node in self]))
                               ~~~~~~~~~~~~~~~~~~~~~^^^^^^^^^
  File "C:\Users\T.SHIGARAKI\Desktop\Projet-Bibliotheque\Projet-bibliotheque-admin\venv_admin\Lib\site-packages\django\template\base.py", line 977, in render_annotated
    return self.render(context)
           ~~~~~~~~~~~^^^^^^^^^
  File "C:\Users\T.SHIGARAKI\Desktop\Projet-Bibliotheque\Projet-bibliotheque-admin\venv_admin\Lib\site-packages\django\template\loader_tags.py", line 65, in render
    result = block.nodelist.render(context)
  File "C:\Users\T.SHIGARAKI\Desktop\Projet-Bibliotheque\Projet-bibliotheque-admin\venv_admin\Lib\site-packages\django\template\base.py", line 1016, in render
    return SafeString("".join([node.render_annotated(context) for node in self]))
                               ~~~~~~~~~~~~~~~~~~~~~^^^^^^^^^
  File "C:\Users\T.SHIGARAKI\Desktop\Projet-Bibliotheque\Projet-bibliotheque-admin\venv_admin\Lib\site-packages\django\template\base.py", line 977, in render_annotated
    return self.render(context)
           ~~~~~~~~~~~^^^^^^^^^
  File "C:\Users\T.SHIGARAKI\Desktop\Projet-Bibliotheque\Projet-bibliotheque-admin\venv_admin\Lib\site-packages\django\template\defaulttags.py", line 480, in render
    url = reverse(view_name, args=args, kwargs=kwargs, current_app=current_app)
  File "C:\Users\T.SHIGARAKI\Desktop\Projet-Bibliotheque\Projet-bibliotheque-admin\venv_admin\Lib\site-packages\django\urls\base.py", line 98, in reverse
    resolved_url = resolver._reverse_with_prefix(view, prefix, *args, **kwargs)
  File "C:\Users\T.SHIGARAKI\Desktop\Projet-Bibliotheque\Projet-bibliotheque-admin\venv_admin\Lib\site-packages\django\urls\resolvers.py", line 831, in _reverse_with_prefix
    raise NoReverseMatch(msg)
django.urls.exceptions.NoReverseMatch: Reverse for 'recommendations_for_users' not found. 'recommendations_for_users' is not a valid view function or pattern name.
Not Found: /favicon.ico
Internal Server Error: /books/standard-user-dashboard/
Traceback (most recent call last):
  File "C:\Users\T.SHIGARAKI\Desktop\Projet-Bibliotheque\Projet-bibliotheque-admin\venv_admin\Lib\site-packages\django\core\handlers\exception.py", line 55, in inner
    response = get_response(request)
  File "C:\Users\T.SHIGARAKI\Desktop\Projet-Bibliotheque\Projet-bibliotheque-admin\venv_admin\Lib\site-packages\django\core\handlers\base.py", line 197, in _get_response
    response = wrapped_callback(request, *callback_args, **callback_kwargs)
  File "C:\Users\T.SHIGARAKI\Desktop\Projet-Bibliotheque\Projet-bibliotheque-admin\venv_admin\Lib\site-packages\django\contrib\auth\decorators.py", line 59, in _view_wrapper
    return view_func(request, *args, **kwargs)
  File "C:\Users\T.SHIGARAKI\Desktop\Projet-Bibliotheque\Projet-bibliotheque-admin\books\views.py", line 39, in standard_user_dashboard
    return render(request, 'books/standard_user_dashboard.html', {'loans_count': 0, 'notifications_count': 0, 'favorites_count': favorites_count, 'downloads_count': downloads_count})
  File "C:\Users\T.SHIGARAKI\Desktop\Projet-Bibliotheque\Projet-bibliotheque-admin\venv_admin\Lib\site-packages\django\shortcuts.py", line 25, in render
    content = loader.render_to_string(template_name, context, request, using=using)
  File "C:\Users\T.SHIGARAKI\Desktop\Projet-Bibliotheque\Projet-bibliotheque-admin\venv_admin\Lib\site-packages\django\template\loader.py", line 62, in render_to_string
    return template.render(context, request)
           ~~~~~~~~~~~~~~~^^^^^^^^^^^^^^^^^^
  File "C:\Users\T.SHIGARAKI\Desktop\Projet-Bibliotheque\Projet-bibliotheque-admin\venv_admin\Lib\site-packages\django\template\backends\django.py", line 107, in render
    return self.template.render(context)
           ~~~~~~~~~~~~~~~~~~~~^^^^^^^^^
  File "C:\Users\T.SHIGARAKI\Desktop\Projet-Bibliotheque\Projet-bibliotheque-admin\venv_admin\Lib\site-packages\django\template\base.py", line 171, in render
    return self._render(context)
           ~~~~~~~~~~~~^^^^^^^^^
  File "C:\Users\T.SHIGARAKI\Desktop\Projet-Bibliotheque\Projet-bibliotheque-admin\venv_admin\Lib\site-packages\django\template\base.py", line 163, in _render
    return self.nodelist.render(context)
           ~~~~~~~~~~~~~~~~~~~~^^^^^^^^^
  File "C:\Users\T.SHIGARAKI\Desktop\Projet-Bibliotheque\Projet-bibliotheque-admin\venv_admin\Lib\site-packages\django\template\base.py", line 1016, in render
    return SafeString("".join([node.render_annotated(context) for node in self]))
                               ~~~~~~~~~~~~~~~~~~~~~^^^^^^^^^
  File "C:\Users\T.SHIGARAKI\Desktop\Projet-Bibliotheque\Projet-bibliotheque-admin\venv_admin\Lib\site-packages\django\template\base.py", line 977, in render_annotated
    return self.render(context)
           ~~~~~~~~~~~^^^^^^^^^
  File "C:\Users\T.SHIGARAKI\Desktop\Projet-Bibliotheque\Projet-bibliotheque-admin\venv_admin\Lib\site-packages\django\template\loader_tags.py", line 159, in render
    return compiled_parent._render(context)
           ~~~~~~~~~~~~~~~~~~~~~~~^^^^^^^^^
  File "C:\Users\T.SHIGARAKI\Desktop\Projet-Bibliotheque\Projet-bibliotheque-admin\venv_admin\Lib\site-packages\django\template\base.py", line 163, in _render
    return self.nodelist.render(context)
           ~~~~~~~~~~~~~~~~~~~~^^^^^^^^^
  File "C:\Users\T.SHIGARAKI\Desktop\Projet-Bibliotheque\Projet-bibliotheque-admin\venv_admin\Lib\site-packages\django\template\base.py", line 1016, in render
    return SafeString("".join([node.render_annotated(context) for node in self]))
                               ~~~~~~~~~~~~~~~~~~~~~^^^^^^^^^
  File "C:\Users\T.SHIGARAKI\Desktop\Projet-Bibliotheque\Projet-bibliotheque-admin\venv_admin\Lib\site-packages\django\template\base.py", line 977, in render_annotated
    return self.render(context)
           ~~~~~~~~~~~^^^^^^^^^
  File "C:\Users\T.SHIGARAKI\Desktop\Projet-Bibliotheque\Projet-bibliotheque-admin\venv_admin\Lib\site-packages\django\template\loader_tags.py", line 65, in render
    result = block.nodelist.render(context)
  File "C:\Users\T.SHIGARAKI\Desktop\Projet-Bibliotheque\Projet-bibliotheque-admin\venv_admin\Lib\site-packages\django\template\base.py", line 1016, in render
    return SafeString("".join([node.render_annotated(context) for node in self]))
                               ~~~~~~~~~~~~~~~~~~~~~^^^^^^^^^
  File "C:\Users\T.SHIGARAKI\Desktop\Projet-Bibliotheque\Projet-bibliotheque-admin\venv_admin\Lib\site-packages\django\template\base.py", line 977, in render_annotated
    return self.render(context)
           ~~~~~~~~~~~^^^^^^^^^
  File "C:\Users\T.SHIGARAKI\Desktop\Projet-Bibliotheque\Projet-bibliotheque-admin\venv_admin\Lib\site-packages\django\template\defaulttags.py", line 480, in render
    url = reverse(view_name, args=args, kwargs=kwargs, current_app=current_app)
  File "C:\Users\T.SHIGARAKI\Desktop\Projet-Bibliotheque\Projet-bibliotheque-admin\venv_admin\Lib\site-packages\django\urls\base.py", line 98, in reverse
    resolved_url = resolver._reverse_with_prefix(view, prefix, *args, **kwargs)
  File "C:\Users\T.SHIGARAKI\Desktop\Projet-Bibliotheque\Projet-bibliotheque-admin\venv_admin\Lib\site-packages\django\urls\resolvers.py", line 831, in _reverse_with_prefix
    raise NoReverseMatch(msg)
django.urls.exceptions.NoReverseMatch: Reverse for 'recommendations_for_users' not found. 'recommendations_for_users' is not a valid view function or pattern name.
C:\Users\T.SHIGARAKI\Desktop\Projet-Bibliotheque\Projet-bibliotheque-admin\books\urls.py changed, reloading.
C:\Users\T.SHIGARAKI\Desktop\Projet-Bibliotheque\Projet-bibliotheque-admin\books\urls.py changed, reloading.
Watching for file changes with StatReloader
Watching for file changes with StatReloader
Internal Server Error: /books/standard-user-dashboard/
Traceback (most recent call last):
  File "C:\Users\T.SHIGARAKI\Desktop\Projet-Bibliotheque\Projet-bibliotheque-admin\venv_admin\Lib\site-packages\django\core\handlers\exception.py", line 55, in inner
    response = get_response(request)
  File "C:\Users\T.SHIGARAKI\Desktop\Projet-Bibliotheque\Projet-bibliotheque-admin\venv_admin\Lib\site-packages\django\core\handlers\base.py", line 197, in _get_response
    response = wrapped_callback(request, *callback_args, **callback_kwargs)
  File "C:\Users\T.SHIGARAKI\Desktop\Projet-Bibliotheque\Projet-bibliotheque-admin\venv_admin\Lib\site-packages\django\contrib\auth\decorators.py", line 59, in _view_wrapper
    return view_func(request, *args, **kwargs)
  File "C:\Users\T.SHIGARAKI\Desktop\Projet-Bibliotheque\Projet-bibliotheque-admin\books\views.py", line 39, in standard_user_dashboard
    return render(request, 'books/standard_user_dashboard.html', {'loans_count': 0, 'notifications_count': 0, 'favorites_count': favorites_count, 'downloads_count': downloads_count})
  File "C:\Users\T.SHIGARAKI\Desktop\Projet-Bibliotheque\Projet-bibliotheque-admin\venv_admin\Lib\site-packages\django\shortcuts.py", line 25, in render
    content = loader.render_to_string(template_name, context, request, using=using)
  File "C:\Users\T.SHIGARAKI\Desktop\Projet-Bibliotheque\Projet-bibliotheque-admin\venv_admin\Lib\site-packages\django\template\loader.py", line 62, in render_to_string
    return template.render(context, request)
           ~~~~~~~~~~~~~~~^^^^^^^^^^^^^^^^^^
  File "C:\Users\T.SHIGARAKI\Desktop\Projet-Bibliotheque\Projet-bibliotheque-admin\venv_admin\Lib\site-packages\django\template\backends\django.py", line 107, in render
    return self.template.render(context)
           ~~~~~~~~~~~~~~~~~~~~^^^^^^^^^
  File "C:\Users\T.SHIGARAKI\Desktop\Projet-Bibliotheque\Projet-bibliotheque-admin\venv_admin\Lib\site-packages\django\template\base.py", line 171, in render
    return self._render(context)
           ~~~~~~~~~~~~^^^^^^^^^
  File "C:\Users\T.SHIGARAKI\Desktop\Projet-Bibliotheque\Projet-bibliotheque-admin\venv_admin\Lib\site-packages\django\template\base.py", line 163, in _render
    return self.nodelist.render(context)
           ~~~~~~~~~~~~~~~~~~~~^^^^^^^^^
  File "C:\Users\T.SHIGARAKI\Desktop\Projet-Bibliotheque\Projet-bibliotheque-admin\venv_admin\Lib\site-packages\django\template\base.py", line 1016, in render
    return SafeString("".join([node.render_annotated(context) for node in self]))
                               ~~~~~~~~~~~~~~~~~~~~~^^^^^^^^^
  File "C:\Users\T.SHIGARAKI\Desktop\Projet-Bibliotheque\Projet-bibliotheque-admin\venv_admin\Lib\site-packages\django\template\base.py", line 977, in render_annotated
    return self.render(context)
           ~~~~~~~~~~~^^^^^^^^^
  File "C:\Users\T.SHIGARAKI\Desktop\Projet-Bibliotheque\Projet-bibliotheque-admin\venv_admin\Lib\site-packages\django\template\loader_tags.py", line 159, in render
    return compiled_parent._render(context)
           ~~~~~~~~~~~~~~~~~~~~~~~^^^^^^^^^
  File "C:\Users\T.SHIGARAKI\Desktop\Projet-Bibliotheque\Projet-bibliotheque-admin\venv_admin\Lib\site-packages\django\template\base.py", line 163, in _render
    return self.nodelist.render(context)
           ~~~~~~~~~~~~~~~~~~~~^^^^^^^^^
  File "C:\Users\T.SHIGARAKI\Desktop\Projet-Bibliotheque\Projet-bibliotheque-admin\venv_admin\Lib\site-packages\django\template\base.py", line 1016, in render
    return SafeString("".join([node.render_annotated(context) for node in self]))
                               ~~~~~~~~~~~~~~~~~~~~~^^^^^^^^^
  File "C:\Users\T.SHIGARAKI\Desktop\Projet-Bibliotheque\Projet-bibliotheque-admin\venv_admin\Lib\site-packages\django\template\base.py", line 977, in render_annotated
    return self.render(context)
           ~~~~~~~~~~~^^^^^^^^^
  File "C:\Users\T.SHIGARAKI\Desktop\Projet-Bibliotheque\Projet-bibliotheque-admin\venv_admin\Lib\site-packages\django\template\loader_tags.py", line 65, in render
    result = block.nodelist.render(context)
  File "C:\Users\T.SHIGARAKI\Desktop\Projet-Bibliotheque\Projet-bibliotheque-admin\venv_admin\Lib\site-packages\django\template\base.py", line 1016, in render
    return SafeString("".join([node.render_annotated(context) for node in self]))
                               ~~~~~~~~~~~~~~~~~~~~~^^^^^^^^^
  File "C:\Users\T.SHIGARAKI\Desktop\Projet-Bibliotheque\Projet-bibliotheque-admin\venv_admin\Lib\site-packages\django\template\base.py", line 977, in render_annotated
    return self.render(context)
           ~~~~~~~~~~~^^^^^^^^^
  File "C:\Users\T.SHIGARAKI\Desktop\Projet-Bibliotheque\Projet-bibliotheque-admin\venv_admin\Lib\site-packages\django\template\defaulttags.py", line 480, in render
    url = reverse(view_name, args=args, kwargs=kwargs, current_app=current_app)
  File "C:\Users\T.SHIGARAKI\Desktop\Projet-Bibliotheque\Projet-bibliotheque-admin\venv_admin\Lib\site-packages\django\urls\base.py", line 98, in reverse
    resolved_url = resolver._reverse_with_prefix(view, prefix, *args, **kwargs)
  File "C:\Users\T.SHIGARAKI\Desktop\Projet-Bibliotheque\Projet-bibliotheque-admin\venv_admin\Lib\site-packages\django\urls\resolvers.py", line 831, in _reverse_with_prefix
    raise NoReverseMatch(msg)
django.urls.exceptions.NoReverseMatch: Reverse for 'recommendations_for_users' not found. 'recommendations_for_users' is not a valid view function or pattern name.
Not Found: /favicon.ico
Internal Server Error: /books/recommendations/
Traceback (most recent call last):
  File "C:\Users\T.SHIGARAKI\Desktop\Projet-Bibliotheque\Projet-bibliotheque-admin\venv_admin\Lib\site-packages\django\core\handlers\exception.py", line 55, in inner
    response = get_response(request)
  File "C:\Users\T.SHIGARAKI\Desktop\Projet-Bibliotheque\Projet-bibliotheque-admin\venv_admin\Lib\site-packages\django\core\handlers\base.py", line 197, in _get_response
    response = wrapped_callback(request, *callback_args, **callback_kwargs)
  File "C:\Users\T.SHIGARAKI\Desktop\Projet-Bibliotheque\Projet-bibliotheque-admin\venv_admin\Lib\site-packages\django\contrib\auth\decorators.py", line 59, in _view_wrapper
    return view_func(request, *args, **kwargs)
  File "C:\Users\T.SHIGARAKI\Desktop\Projet-Bibliotheque\Projet-bibliotheque-admin\books\views.py", line 289, in recommendations_view
    return render(request, 'books/recommendations_for_user.html', context)
  File "C:\Users\T.SHIGARAKI\Desktop\Projet-Bibliotheque\Projet-bibliotheque-admin\venv_admin\Lib\site-packages\django\shortcuts.py", line 25, in render
    content = loader.render_to_string(template_name, context, request, using=using)
  File "C:\Users\T.SHIGARAKI\Desktop\Projet-Bibliotheque\Projet-bibliotheque-admin\venv_admin\Lib\site-packages\django\template\loader.py", line 61, in render_to_string
    template = get_template(template_name, using=using)
  File "C:\Users\T.SHIGARAKI\Desktop\Projet-Bibliotheque\Projet-bibliotheque-admin\venv_admin\Lib\site-packages\django\template\loader.py", line 19, in get_template
    raise TemplateDoesNotExist(template_name, chain=chain)
django.template.exceptions.TemplateDoesNotExist: books/recommendations_for_user.html
C:\Users\T.SHIGARAKI\Desktop\Projet-Bibliotheque\Projet-bibliotheque-admin\books\views.py changed, reloading.
C:\Users\T.SHIGARAKI\Desktop\Projet-Bibliotheque\Projet-bibliotheque-admin\books\views.py changed, reloading.
Watching for file changes with StatReloader
Watching for file changes with StatReloader
Internal Server Error: /books/recommendations/
Traceback (most recent call last):
  File "C:\Users\T.SHIGARAKI\Desktop\Projet-Bibliotheque\Projet-bibliotheque-admin\venv_admin\Lib\site-packages\django\core\handlers\exception.py", line 55, in inner
    response = get_response(request)
  File "C:\Users\T.SHIGARAKI\Desktop\Projet-Bibliotheque\Projet-bibliotheque-admin\venv_admin\Lib\site-packages\django\core\handlers\base.py", line 197, in _get_response
    response = wrapped_callback(request, *callback_args, **callback_kwargs)
  File "C:\Users\T.SHIGARAKI\Desktop\Projet-Bibliotheque\Projet-bibliotheque-admin\venv_admin\Lib\site-packages\django\contrib\auth\decorators.py", line 59, in _view_wrapper
    return view_func(request, *args, **kwargs)
  File "C:\Users\T.SHIGARAKI\Desktop\Projet-Bibliotheque\Projet-bibliotheque-admin\books\views.py", line 289, in recommendations_view
    return render(request, 'books:recommendations_for_user.html', context)
  File "C:\Users\T.SHIGARAKI\Desktop\Projet-Bibliotheque\Projet-bibliotheque-admin\venv_admin\Lib\site-packages\django\shortcuts.py", line 25, in render
    content = loader.render_to_string(template_name, context, request, using=using)
  File "C:\Users\T.SHIGARAKI\Desktop\Projet-Bibliotheque\Projet-bibliotheque-admin\venv_admin\Lib\site-packages\django\template\loader.py", line 61, in render_to_string
    template = get_template(template_name, using=using)
  File "C:\Users\T.SHIGARAKI\Desktop\Projet-Bibliotheque\Projet-bibliotheque-admin\venv_admin\Lib\site-packages\django\template\loader.py", line 19, in get_template
    raise TemplateDoesNotExist(template_name, chain=chain)
django.template.exceptions.TemplateDoesNotExist: books:recommendations_for_user.html
C:\Users\T.SHIGARAKI\Desktop\Projet-Bibliotheque\Projet-bibliotheque-admin\books\views.py changed, reloading.
C:\Users\T.SHIGARAKI\Desktop\Projet-Bibliotheque\Projet-bibliotheque-admin\books\views.py changed, reloading.
Watching for file changes with StatReloader
Watching for file changes with StatReloader
C:\Users\T.SHIGARAKI\Desktop\Projet-Bibliotheque\Projet-bibliotheque-admin\books\views.py changed, reloading.
C:\Users\T.SHIGARAKI\Desktop\Projet-Bibliotheque\Projet-bibliotheque-admin\books\views.py changed, reloading.
Watching for file changes with StatReloader
Watching for file changes with StatReloader
Watching for file changes with StatReloader
User logged in: esso.daniel001, first_login=False
Not Found: /favicon.ico
Watching for file changes with StatReloader
Not Found: /favicon.ico
User logged in: admin_biblio, first_login=False
Notification count: total=6
Notification count: total=6
Notification count: total=6
Notification count: total=6
Notification count: total=6
C:\Users\T.SHIGARAKI\Desktop\Projet-Bibliotheque\Projet-bibliotheque-admin\books\models.py changed, reloading.
Watching for file changes with StatReloader
C:\Users\T.SHIGARAKI\Desktop\Projet-Bibliotheque\Projet-bibliotheque-admin\users\forms.py changed, reloading.
Watching for file changes with StatReloader
C:\Users\T.SHIGARAKI\Desktop\Projet-Bibliotheque\Projet-bibliotheque-admin\books\views.py changed, reloading.
Watching for file changes with StatReloader
Watching for file changes with StatReloader
Watching for file changes with StatReloader
Not Found: /favicon.ico
User logged in: admin_biblio, first_login=False
Notification count: total=6
Not Found: /favicon.ico
Login failed for username=admin_biblio, errors=<ul class="errorlist"><li>__all__<ul class="errorlist nonfield"><li>Saisissez un nom d’utilisateur et un mot de passe valides. Remarquez que chacun de ces champs est sensible à la casse (différenciation des majuscules/minuscules).</li></ul></li></ul>, data=<QueryDict: {'csrfmiddlewaretoken': ['zFtDmpGdtt0loI4qSkbE4NEiqdXufBprokCwlDcCBuNsUQlgGwvGlBFU96P9gICh'], 'username': ['admin_biblio'], 'password': ['admin_biblio']}>
User logged in: admin_biblio, first_login=False
Notification count: total=6
User logged in: admin_biblio, first_login=False
Notification count: total=6
Notification count: total=6
Notification count: total=6
Notification count: total=6
Notification count: total=6
Notification count: total=6
Notification count: total=6
Notification count: total=6
Notification count: total=6
Notification count: total=6
Notification count: total=6
Notification count: total=6
Notification count: total=6
Notification count: total=6
Notification count: total=6
Notification count: total=6
Notification count: total=6
Notification count: total=6
Notification count: total=6
Notification count: total=6
Notification count: total=6
Notification count: total=6
Notification count: total=6
Notification count: total=6
Notification count: total=6
Notification count: total=6
Notification count: total=6
Notification count: total=6
Notification count: total=6
Notification count: total=6
Notification count: total=6
Notification count: total=6
Notification count: total=6
Notification count: total=6
Notification count: total=6
Notification count: total=6
Notification count: total=6
Notification count: total=6
Notification count: total=6
Notification count: total=6
Notification count: total=6
Notification count: total=6
Notification count: total=6
Notification count: total=6
Notification count: total=6
Not Found: /.well-known/appspecific/com.chrome.devtools.json
Notification count: total=6
Notification count: total=6
Notification count: total=6
Notification count: total=6
Notification count: total=6
Login failed for username=esso.daniel001, errors=<ul class="errorlist"><li>__all__<ul class="errorlist nonfield"><li>Saisissez un nom d’utilisateur et un mot de passe valides. Remarquez que chacun de ces champs est sensible à la casse (différenciation des majuscules/minuscules).</li></ul></li></ul>, data=<QueryDict: {'csrfmiddlewaretoken': ['Y7VBLpD1h6i6BaoZpUwBXHPUsLowQsdv0BqDlzu94dzbZnsTsmtYcqHDm6XO8CMt'], 'username': ['esso.daniel001'], 'password': ['05juin2006']}>
Login failed for username=esso.daniel001, errors=<ul class="errorlist"><li>__all__<ul class="errorlist nonfield"><li>Saisissez un nom d’utilisateur et un mot de passe valides. Remarquez que chacun de ces champs est sensible à la casse (différenciation des majuscules/minuscules).</li></ul></li></ul>, data=<QueryDict: {'csrfmiddlewaretoken': ['FBkcxBHhsWoAf4nGxNeNKq1G6i34BKwcH5Pe7Lypf3FFDhrAAfbaZ9Tp0DCmTU5a'], 'username': ['esso.daniel001'], 'password': ['05juin2006']}>
Login failed for username=esso.daniel001, errors=<ul class="errorlist"><li>__all__<ul class="errorlist nonfield"><li>Saisissez un nom d’utilisateur et un mot de passe valides. Remarquez que chacun de ces champs est sensible à la casse (différenciation des majuscules/minuscules).</li></ul></li></ul>, data=<QueryDict: {'csrfmiddlewaretoken': ['14uxm44C2RPohCOm7YCATIbrLsemVKwZ3yZzWeVKPY6tFPSgaqzX8r3aFNNEdU5X'], 'username': ['esso.daniel001'], 'password': ['05juiN2006']}>
Login failed for username=esso.daniel001, errors=<ul class="errorlist"><li>__all__<ul class="errorlist nonfield"><li>Saisissez un nom d’utilisateur et un mot de passe valides. Remarquez que chacun de ces champs est sensible à la casse (différenciation des majuscules/minuscules).</li></ul></li></ul>, data=<QueryDict: {'csrfmiddlewaretoken': ['yETk8pbHwP1zUJ0gBqHoU3o1WC4YP3yJz0L25ACLjzq190BwH8JpgaeyebQOnV7T'], 'username': ['esso.daniel001'], 'password': ['05juin2006']}>
User logged in: admin_biblio, first_login=False
Notification count: total=6
Notification count: total=6
User logged in: ntima.merveille001, first_login=False
Notification count: total=6
Notification count: total=6
Notification count: total=6
Notification count: total=6
Notification count: total=6
Notification count: total=6
Notification count: total=6
Notification count: total=6
Notification count: total=6
Notification count: total=6
Notification count: total=6
Notification count: total=6
Notification count: total=6
Notification count: total=7
Notification count: total=7
Notification count: total=7
Notification count: total=7
Notification count: total=7
Notification count: total=7
Notification count: total=7
Notification count: total=7
Notification count: total=7
Notification count: total=7
Notification count: total=7
Notification count: total=7
Notification count: total=8
Notification count: total=8
Notification count: total=8
Notification count: total=8
Notification count: total=8
Notification count: total=8
Notification count: total=8
Notification count: total=8
Notification count: total=8
Notification count: total=8
Notification count: total=8
Notification count: total=8
Notification count: total=8
Notification count: total=8
Notification count: total=8
Notification count: total=8
Notification count: total=8
Notification count: total=8
Notification count: total=8
Notification count: total=8
Notification count: total=8
Notification count: total=8
Notification count: total=8
Notification count: total=8
Notification count: total=8
Notification count: total=8
Notification count: total=8
Notification count: total=8
Notification count: total=8
Notification count: total=9
User logged in: admin_biblio, first_login=False
Notification count: total=9
Notification count: total=9
User logged in: akoumba.marylin001, first_login=False
User logged in: admin_biblio, first_login=False
Notification count: total=9
Notification count: total=10
Notification count: total=11
Notification count: total=12
Notification count: total=13
Notification count: total=14
Notification count: total=14
Notification count: total=14
Notification count: total=14
Notification count: total=14
Notification count: total=14
Notification count: total=14
Notification count: total=14
Notification count: total=14
Notification count: total=14
Notification count: total=14
Notification count: total=14
Notification count: total=14
Notification count: total=14
Notification count: total=14
Notification count: total=14
Notification count: total=14
Notification count: total=14
Notification count: total=14
Notification count: total=14
Notification count: total=14
Notification count: total=14
Notification count: total=14
Not Found: /.well-known/appspecific/com.chrome.devtools.json
Not Found: /.well-known/appspecific/com.chrome.devtools.json
Not Found: /.well-known/appspecific/com.chrome.devtools.json
Not Found: /.well-known/appspecific/com.chrome.devtools.json
Not Found: /.well-known/appspecific/com.chrome.devtools.json
Not Found: /.well-known/appspecific/com.chrome.devtools.json
Not Found: /.well-known/appspecific/com.chrome.devtools.json
Not Found: /.well-known/appspecific/com.chrome.devtools.json
Notification count: total=14
Notification count: total=14
Notification count: total=14
Notification count: total=14
Notification count: total=14
Notification count: total=14
Notification count: total=14
User logged in: akoumba.marylin001, first_login=False
Not Found: /.well-known/appspecific/com.chrome.devtools.json
User logged in: admin_biblio, first_login=False
Notification count: total=14
Not Found: /.well-known/appspecific/com.chrome.devtools.json
Not Found: /.well-known/appspecific/com.chrome.devtools.json
Notification count: total=14
Not Found: /.well-known/appspecific/com.chrome.devtools.json
Notification count: total=14
Not Found: /.well-known/appspecific/com.chrome.devtools.json
Notification count: total=14
Not Found: /.well-known/appspecific/com.chrome.devtools.json
User logged in: admin_biblio, first_login=False
Not Found: /.well-known/appspecific/com.chrome.devtools.json
Notification count: total=14
Not Found: /.well-known/appspecific/com.chrome.devtools.json
Notification count: total=14
Not Found: /.well-known/appspecific/com.chrome.devtools.json
Notification count: total=15
Not Found: /.well-known/appspecific/com.chrome.devtools.json
Notification count: total=15
Not Found: /.well-known/appspecific/com.chrome.devtools.json
Notification count: total=15
Not Found: /.well-known/appspecific/com.chrome.devtools.json
Notification count: total=15
Not Found: /.well-known/appspecific/com.chrome.devtools.json
Notification count: total=16
Not Found: /.well-known/appspecific/com.chrome.devtools.json
Notification count: total=17
Not Found: /.well-known/appspecific/com.chrome.devtools.json
Notification count: total=17
Internal Server Error: /statistics/
Traceback (most recent call last):
  File "C:\Users\T.SHIGARAKI\Desktop\Projet-Bibliotheque\Projet-bibliotheque-admin\venv_admin\Lib\site-packages\django\template\backends\django.py", line 107, in render
    return self.template.render(context)
           ~~~~~~~~~~~~~~~~~~~~^^^^^^^^^
  File "C:\Users\T.SHIGARAKI\Desktop\Projet-Bibliotheque\Projet-bibliotheque-admin\venv_admin\Lib\site-packages\django\template\base.py", line 171, in render
    return self._render(context)
           ~~~~~~~~~~~~^^^^^^^^^
  File "C:\Users\T.SHIGARAKI\Desktop\Projet-Bibliotheque\Projet-bibliotheque-admin\venv_admin\Lib\site-packages\django\template\base.py", line 163, in _render
    return self.nodelist.render(context)
           ~~~~~~~~~~~~~~~~~~~~^^^^^^^^^
  File "C:\Users\T.SHIGARAKI\Desktop\Projet-Bibliotheque\Projet-bibliotheque-admin\venv_admin\Lib\site-packages\django\template\base.py", line 1016, in render
    return SafeString("".join([node.render_annotated(context) for node in self]))
                               ~~~~~~~~~~~~~~~~~~~~~^^^^^^^^^
  File "C:\Users\T.SHIGARAKI\Desktop\Projet-Bibliotheque\Projet-bibliotheque-admin\venv_admin\Lib\site-packages\django\template\base.py", line 977, in render_annotated
    return self.render(context)
           ~~~~~~~~~~~^^^^^^^^^
  File "C:\Users\T.SHIGARAKI\Desktop\Projet-Bibliotheque\Projet-bibliotheque-admin\venv_admin\Lib\site-packages\django\template\loader_tags.py", line 134, in render
    compiled_parent = self.get_parent(context)
  File "C:\Users\T.SHIGARAKI\Desktop\Projet-Bibliotheque\Projet-bibliotheque-admin\venv_admin\Lib\site-packages\django\template\loader_tags.py", line 131, in get_parent
    return self.find_template(parent, context)
           ~~~~~~~~~~~~~~~~~~^^^^^^^^^^^^^^^^^
  File "C:\Users\T.SHIGARAKI\Desktop\Projet-Bibliotheque\Projet-bibliotheque-admin\venv_admin\Lib\site-packages\django\template\loader_tags.py", line 109, in find_template
    template, origin = context.template.engine.find_template(
                       ~~~~~~~~~~~~~~~~~~~~~~~~~~~~~~~~~~~~~^
        template_name,
        ^^^^^^^^^^^^^^
        skip=history,
        ^^^^^^^^^^^^^
    )
    ^
  File "C:\Users\T.SHIGARAKI\Desktop\Projet-Bibliotheque\Projet-bibliotheque-admin\venv_admin\Lib\site-packages\django\template\engine.py", line 163, in find_template
    raise TemplateDoesNotExist(name, tried=tried)
django.template.exceptions.TemplateDoesNotExist: books/base.html

The above exception was the direct cause of the following exception:

Traceback (most recent call last):
  File "C:\Users\T.SHIGARAKI\Desktop\Projet-Bibliotheque\Projet-bibliotheque-admin\venv_admin\Lib\site-packages\django\core\handlers\exception.py", line 55, in inner
    response = get_response(request)
  File "C:\Users\T.SHIGARAKI\Desktop\Projet-Bibliotheque\Projet-bibliotheque-admin\venv_admin\Lib\site-packages\django\core\handlers\base.py", line 197, in _get_response
    response = wrapped_callback(request, *callback_args, **callback_kwargs)
  File "C:\Users\T.SHIGARAKI\Desktop\Projet-Bibliotheque\Projet-bibliotheque-admin\venv_admin\Lib\site-packages\django\contrib\auth\decorators.py", line 59, in _view_wrapper
    return view_func(request, *args, **kwargs)
  File "C:\Users\T.SHIGARAKI\Desktop\Projet-Bibliotheque\Projet-bibliotheque-admin\library_stats\views.py", line 58, in statistics
    return render(request, 'library_stats/statistics.html', context)
  File "C:\Users\T.SHIGARAKI\Desktop\Projet-Bibliotheque\Projet-bibliotheque-admin\venv_admin\Lib\site-packages\django\shortcuts.py", line 25, in render
    content = loader.render_to_string(template_name, context, request, using=using)
  File "C:\Users\T.SHIGARAKI\Desktop\Projet-Bibliotheque\Projet-bibliotheque-admin\venv_admin\Lib\site-packages\django\template\loader.py", line 62, in render_to_string
    return template.render(context, request)
           ~~~~~~~~~~~~~~~^^^^^^^^^^^^^^^^^^
  File "C:\Users\T.SHIGARAKI\Desktop\Projet-Bibliotheque\Projet-bibliotheque-admin\venv_admin\Lib\site-packages\django\template\backends\django.py", line 109, in render
    reraise(exc, self.backend)
    ~~~~~~~^^^^^^^^^^^^^^^^^^^
  File "C:\Users\T.SHIGARAKI\Desktop\Projet-Bibliotheque\Projet-bibliotheque-admin\venv_admin\Lib\site-packages\django\template\backends\django.py", line 130, in reraise
    raise new from exc
django.template.exceptions.TemplateDoesNotExist: books/base.html
Notification count: total=17
Notification count: total=17
Notification count: total=17
Notification count: total=17
Notification count: total=17
Notification count: total=17
Internal Server Error: /books/librarian-dashboard/
Traceback (most recent call last):
  File "C:\Users\T.SHIGARAKI\Desktop\Projet-Bibliotheque\Projet-bibliotheque-admin\venv_admin\Lib\site-packages\django\core\handlers\exception.py", line 55, in inner
    response = get_response(request)
  File "C:\Users\T.SHIGARAKI\Desktop\Projet-Bibliotheque\Projet-bibliotheque-admin\venv_admin\Lib\site-packages\django\core\handlers\base.py", line 197, in _get_response
    response = wrapped_callback(request, *callback_args, **callback_kwargs)
  File "C:\Users\T.SHIGARAKI\Desktop\Projet-Bibliotheque\Projet-bibliotheque-admin\venv_admin\Lib\site-packages\django\contrib\auth\decorators.py", line 59, in _view_wrapper
    return view_func(request, *args, **kwargs)
  File "C:\Users\T.SHIGARAKI\Desktop\Projet-Bibliotheque\Projet-bibliotheque-admin\books\views.py", line 30, in librarian_dashboard
    return render(request, 'books/librarian_dashboard.html', {'books': books, 'document_types': document_types, 'academic_levels': academic_levels})
  File "C:\Users\T.SHIGARAKI\Desktop\Projet-Bibliotheque\Projet-bibliotheque-admin\venv_admin\Lib\site-packages\django\shortcuts.py", line 25, in render
    content = loader.render_to_string(template_name, context, request, using=using)
  File "C:\Users\T.SHIGARAKI\Desktop\Projet-Bibliotheque\Projet-bibliotheque-admin\venv_admin\Lib\site-packages\django\template\loader.py", line 62, in render_to_string
    return template.render(context, request)
           ~~~~~~~~~~~~~~~^^^^^^^^^^^^^^^^^^
  File "C:\Users\T.SHIGARAKI\Desktop\Projet-Bibliotheque\Projet-bibliotheque-admin\venv_admin\Lib\site-packages\django\template\backends\django.py", line 107, in render
    return self.template.render(context)
           ~~~~~~~~~~~~~~~~~~~~^^^^^^^^^
  File "C:\Users\T.SHIGARAKI\Desktop\Projet-Bibliotheque\Projet-bibliotheque-admin\venv_admin\Lib\site-packages\django\template\base.py", line 171, in render
    return self._render(context)
           ~~~~~~~~~~~~^^^^^^^^^
  File "C:\Users\T.SHIGARAKI\Desktop\Projet-Bibliotheque\Projet-bibliotheque-admin\venv_admin\Lib\site-packages\django\template\base.py", line 163, in _render
    return self.nodelist.render(context)
           ~~~~~~~~~~~~~~~~~~~~^^^^^^^^^
  File "C:\Users\T.SHIGARAKI\Desktop\Projet-Bibliotheque\Projet-bibliotheque-admin\venv_admin\Lib\site-packages\django\template\base.py", line 1016, in render
    return SafeString("".join([node.render_annotated(context) for node in self]))
                               ~~~~~~~~~~~~~~~~~~~~~^^^^^^^^^
  File "C:\Users\T.SHIGARAKI\Desktop\Projet-Bibliotheque\Projet-bibliotheque-admin\venv_admin\Lib\site-packages\django\template\base.py", line 977, in render_annotated
    return self.render(context)
           ~~~~~~~~~~~^^^^^^^^^
  File "C:\Users\T.SHIGARAKI\Desktop\Projet-Bibliotheque\Projet-bibliotheque-admin\venv_admin\Lib\site-packages\django\template\loader_tags.py", line 159, in render
    return compiled_parent._render(context)
           ~~~~~~~~~~~~~~~~~~~~~~~^^^^^^^^^
  File "C:\Users\T.SHIGARAKI\Desktop\Projet-Bibliotheque\Projet-bibliotheque-admin\venv_admin\Lib\site-packages\django\template\base.py", line 163, in _render
    return self.nodelist.render(context)
           ~~~~~~~~~~~~~~~~~~~~^^^^^^^^^
  File "C:\Users\T.SHIGARAKI\Desktop\Projet-Bibliotheque\Projet-bibliotheque-admin\venv_admin\Lib\site-packages\django\template\base.py", line 1016, in render
    return SafeString("".join([node.render_annotated(context) for node in self]))
                               ~~~~~~~~~~~~~~~~~~~~~^^^^^^^^^
  File "C:\Users\T.SHIGARAKI\Desktop\Projet-Bibliotheque\Projet-bibliotheque-admin\venv_admin\Lib\site-packages\django\template\base.py", line 977, in render_annotated
    return self.render(context)
           ~~~~~~~~~~~^^^^^^^^^
  File "C:\Users\T.SHIGARAKI\Desktop\Projet-Bibliotheque\Projet-bibliotheque-admin\venv_admin\Lib\site-packages\django\template\loader_tags.py", line 65, in render
    result = block.nodelist.render(context)
  File "C:\Users\T.SHIGARAKI\Desktop\Projet-Bibliotheque\Projet-bibliotheque-admin\venv_admin\Lib\site-packages\django\template\base.py", line 1016, in render
    return SafeString("".join([node.render_annotated(context) for node in self]))
                               ~~~~~~~~~~~~~~~~~~~~~^^^^^^^^^
  File "C:\Users\T.SHIGARAKI\Desktop\Projet-Bibliotheque\Projet-bibliotheque-admin\venv_admin\Lib\site-packages\django\template\base.py", line 977, in render_annotated
    return self.render(context)
           ~~~~~~~~~~~^^^^^^^^^
  File "C:\Users\T.SHIGARAKI\Desktop\Projet-Bibliotheque\Projet-bibliotheque-admin\venv_admin\Lib\site-packages\django\template\defaulttags.py", line 480, in render
    url = reverse(view_name, args=args, kwargs=kwargs, current_app=current_app)
  File "C:\Users\T.SHIGARAKI\Desktop\Projet-Bibliotheque\Projet-bibliotheque-admin\venv_admin\Lib\site-packages\django\urls\base.py", line 98, in reverse
    resolved_url = resolver._reverse_with_prefix(view, prefix, *args, **kwargs)
  File "C:\Users\T.SHIGARAKI\Desktop\Projet-Bibliotheque\Projet-bibliotheque-admin\venv_admin\Lib\site-packages\django\urls\resolvers.py", line 831, in _reverse_with_prefix
    raise NoReverseMatch(msg)
django.urls.exceptions.NoReverseMatch: Reverse for 'choose-type' not found. 'choose-type' is not a valid view function or pattern name.
Notification count: total=17
Notification count: total=17
Notification count: total=17
Notification count: total=17
Notification count: total=17
Notification count: total=17
Notification count: total=17
Notification count: total=17
Notification count: total=17
Notification count: total=17
Notification count: total=17
Notification count: total=17
Notification count: total=17
Notification count: total=17
Notification count: total=17
Notification count: total=17
Notification count: total=17
Notification count: total=17
Notification count: total=17
Notification count: total=17
Notification count: total=17
Notification count: total=17
Notification count: total=17
Notification count: total=17
Notification count: total=17
Notification count: total=17
Total des notifications affichées: 17
Notification count: total=17
Tentative de suppression de toutes les notifications par l'utilisateur admin_biblio
17 notifications supprimées
Notification count: total=0
Tentative de marquage de toutes les notifications comme lues par l'utilisateur admin_biblio
0 notifications marquées comme lues
Notification count: total=0
Notification count: total=0
Notification count: total=0
Not Found: /.well-known/appspecific/com.chrome.devtools.json
Not Found: /.well-known/appspecific/com.chrome.devtools.json
Notification count: total=0
Notification count: total=0
Not Found: /.well-known/appspecific/com.chrome.devtools.json
Notification count: total=0
Internal Server Error: /statistics/
Traceback (most recent call last):
  File "C:\Users\T.SHIGARAKI\Desktop\Projet-Bibliotheque\Projet-bibliotheque-admin\venv_admin\Lib\site-packages\django\template\backends\django.py", line 107, in render
    return self.template.render(context)
           ~~~~~~~~~~~~~~~~~~~~^^^^^^^^^
  File "C:\Users\T.SHIGARAKI\Desktop\Projet-Bibliotheque\Projet-bibliotheque-admin\venv_admin\Lib\site-packages\django\template\base.py", line 171, in render
    return self._render(context)
           ~~~~~~~~~~~~^^^^^^^^^
  File "C:\Users\T.SHIGARAKI\Desktop\Projet-Bibliotheque\Projet-bibliotheque-admin\venv_admin\Lib\site-packages\django\template\base.py", line 163, in _render
    return self.nodelist.render(context)
           ~~~~~~~~~~~~~~~~~~~~^^^^^^^^^
  File "C:\Users\T.SHIGARAKI\Desktop\Projet-Bibliotheque\Projet-bibliotheque-admin\venv_admin\Lib\site-packages\django\template\base.py", line 1016, in render
    return SafeString("".join([node.render_annotated(context) for node in self]))
                               ~~~~~~~~~~~~~~~~~~~~~^^^^^^^^^
  File "C:\Users\T.SHIGARAKI\Desktop\Projet-Bibliotheque\Projet-bibliotheque-admin\venv_admin\Lib\site-packages\django\template\base.py", line 977, in render_annotated
    return self.render(context)
           ~~~~~~~~~~~^^^^^^^^^
  File "C:\Users\T.SHIGARAKI\Desktop\Projet-Bibliotheque\Projet-bibliotheque-admin\venv_admin\Lib\site-packages\django\template\loader_tags.py", line 134, in render
    compiled_parent = self.get_parent(context)
  File "C:\Users\T.SHIGARAKI\Desktop\Projet-Bibliotheque\Projet-bibliotheque-admin\venv_admin\Lib\site-packages\django\template\loader_tags.py", line 131, in get_parent
    return self.find_template(parent, context)
           ~~~~~~~~~~~~~~~~~~^^^^^^^^^^^^^^^^^
  File "C:\Users\T.SHIGARAKI\Desktop\Projet-Bibliotheque\Projet-bibliotheque-admin\venv_admin\Lib\site-packages\django\template\loader_tags.py", line 109, in find_template
    template, origin = context.template.engine.find_template(
                       ~~~~~~~~~~~~~~~~~~~~~~~~~~~~~~~~~~~~~^
        template_name,
        ^^^^^^^^^^^^^^
        skip=history,
        ^^^^^^^^^^^^^
    )
    ^
  File "C:\Users\T.SHIGARAKI\Desktop\Projet-Bibliotheque\Projet-bibliotheque-admin\venv_admin\Lib\site-packages\django\template\engine.py", line 163, in find_template
    raise TemplateDoesNotExist(name, tried=tried)
django.template.exceptions.TemplateDoesNotExist: books/base.html

The above exception was the direct cause of the following exception:

Traceback (most recent call last):
  File "C:\Users\T.SHIGARAKI\Desktop\Projet-Bibliotheque\Projet-bibliotheque-admin\venv_admin\Lib\site-packages\django\core\handlers\exception.py", line 55, in inner
    response = get_response(request)
  File "C:\Users\T.SHIGARAKI\Desktop\Projet-Bibliotheque\Projet-bibliotheque-admin\venv_admin\Lib\site-packages\django\core\handlers\base.py", line 197, in _get_response
    response = wrapped_callback(request, *callback_args, **callback_kwargs)
  File "C:\Users\T.SHIGARAKI\Desktop\Projet-Bibliotheque\Projet-bibliotheque-admin\venv_admin\Lib\site-packages\django\contrib\auth\decorators.py", line 59, in _view_wrapper
    return view_func(request, *args, **kwargs)
  File "C:\Users\T.SHIGARAKI\Desktop\Projet-Bibliotheque\Projet-bibliotheque-admin\library_stats\views.py", line 58, in statistics
    return render(request, 'library_stats/statistics.html', context)
  File "C:\Users\T.SHIGARAKI\Desktop\Projet-Bibliotheque\Projet-bibliotheque-admin\venv_admin\Lib\site-packages\django\shortcuts.py", line 25, in render
    content = loader.render_to_string(template_name, context, request, using=using)
  File "C:\Users\T.SHIGARAKI\Desktop\Projet-Bibliotheque\Projet-bibliotheque-admin\venv_admin\Lib\site-packages\django\template\loader.py", line 62, in render_to_string
    return template.render(context, request)
           ~~~~~~~~~~~~~~~^^^^^^^^^^^^^^^^^^
  File "C:\Users\T.SHIGARAKI\Desktop\Projet-Bibliotheque\Projet-bibliotheque-admin\venv_admin\Lib\site-packages\django\template\backends\django.py", line 109, in render
    reraise(exc, self.backend)
    ~~~~~~~^^^^^^^^^^^^^^^^^^^
  File "C:\Users\T.SHIGARAKI\Desktop\Projet-Bibliotheque\Projet-bibliotheque-admin\venv_admin\Lib\site-packages\django\template\backends\django.py", line 130, in reraise
    raise new from exc
django.template.exceptions.TemplateDoesNotExist: books/base.html
Internal Server Error: /statistics/
Traceback (most recent call last):
  File "C:\Users\T.SHIGARAKI\Desktop\Projet-Bibliotheque\Projet-bibliotheque-admin\venv_admin\Lib\site-packages\django\template\backends\django.py", line 107, in render
    return self.template.render(context)
           ~~~~~~~~~~~~~~~~~~~~^^^^^^^^^
  File "C:\Users\T.SHIGARAKI\Desktop\Projet-Bibliotheque\Projet-bibliotheque-admin\venv_admin\Lib\site-packages\django\template\base.py", line 171, in render
    return self._render(context)
           ~~~~~~~~~~~~^^^^^^^^^
  File "C:\Users\T.SHIGARAKI\Desktop\Projet-Bibliotheque\Projet-bibliotheque-admin\venv_admin\Lib\site-packages\django\template\base.py", line 163, in _render
    return self.nodelist.render(context)
           ~~~~~~~~~~~~~~~~~~~~^^^^^^^^^
  File "C:\Users\T.SHIGARAKI\Desktop\Projet-Bibliotheque\Projet-bibliotheque-admin\venv_admin\Lib\site-packages\django\template\base.py", line 1016, in render
    return SafeString("".join([node.render_annotated(context) for node in self]))
                               ~~~~~~~~~~~~~~~~~~~~~^^^^^^^^^
  File "C:\Users\T.SHIGARAKI\Desktop\Projet-Bibliotheque\Projet-bibliotheque-admin\venv_admin\Lib\site-packages\django\template\base.py", line 977, in render_annotated
    return self.render(context)
           ~~~~~~~~~~~^^^^^^^^^
  File "C:\Users\T.SHIGARAKI\Desktop\Projet-Bibliotheque\Projet-bibliotheque-admin\venv_admin\Lib\site-packages\django\template\loader_tags.py", line 134, in render
    compiled_parent = self.get_parent(context)
  File "C:\Users\T.SHIGARAKI\Desktop\Projet-Bibliotheque\Projet-bibliotheque-admin\venv_admin\Lib\site-packages\django\template\loader_tags.py", line 131, in get_parent
    return self.find_template(parent, context)
           ~~~~~~~~~~~~~~~~~~^^^^^^^^^^^^^^^^^
  File "C:\Users\T.SHIGARAKI\Desktop\Projet-Bibliotheque\Projet-bibliotheque-admin\venv_admin\Lib\site-packages\django\template\loader_tags.py", line 109, in find_template
    template, origin = context.template.engine.find_template(
                       ~~~~~~~~~~~~~~~~~~~~~~~~~~~~~~~~~~~~~^
        template_name,
        ^^^^^^^^^^^^^^
        skip=history,
        ^^^^^^^^^^^^^
    )
    ^
  File "C:\Users\T.SHIGARAKI\Desktop\Projet-Bibliotheque\Projet-bibliotheque-admin\venv_admin\Lib\site-packages\django\template\engine.py", line 163, in find_template
    raise TemplateDoesNotExist(name, tried=tried)
django.template.exceptions.TemplateDoesNotExist: books/base.html

The above exception was the direct cause of the following exception:

Traceback (most recent call last):
  File "C:\Users\T.SHIGARAKI\Desktop\Projet-Bibliotheque\Projet-bibliotheque-admin\venv_admin\Lib\site-packages\django\core\handlers\exception.py", line 55, in inner
    response = get_response(request)
  File "C:\Users\T.SHIGARAKI\Desktop\Projet-Bibliotheque\Projet-bibliotheque-admin\venv_admin\Lib\site-packages\django\core\handlers\base.py", line 197, in _get_response
    response = wrapped_callback(request, *callback_args, **callback_kwargs)
  File "C:\Users\T.SHIGARAKI\Desktop\Projet-Bibliotheque\Projet-bibliotheque-admin\venv_admin\Lib\site-packages\django\contrib\auth\decorators.py", line 59, in _view_wrapper
    return view_func(request, *args, **kwargs)
  File "C:\Users\T.SHIGARAKI\Desktop\Projet-Bibliotheque\Projet-bibliotheque-admin\library_stats\views.py", line 58, in statistics
    return render(request, 'library_stats/statistics.html', context)
  File "C:\Users\T.SHIGARAKI\Desktop\Projet-Bibliotheque\Projet-bibliotheque-admin\venv_admin\Lib\site-packages\django\shortcuts.py", line 25, in render
    content = loader.render_to_string(template_name, context, request, using=using)
  File "C:\Users\T.SHIGARAKI\Desktop\Projet-Bibliotheque\Projet-bibliotheque-admin\venv_admin\Lib\site-packages\django\template\loader.py", line 62, in render_to_string
    return template.render(context, request)
           ~~~~~~~~~~~~~~~^^^^^^^^^^^^^^^^^^
  File "C:\Users\T.SHIGARAKI\Desktop\Projet-Bibliotheque\Projet-bibliotheque-admin\venv_admin\Lib\site-packages\django\template\backends\django.py", line 109, in render
    reraise(exc, self.backend)
    ~~~~~~~^^^^^^^^^^^^^^^^^^^
  File "C:\Users\T.SHIGARAKI\Desktop\Projet-Bibliotheque\Projet-bibliotheque-admin\venv_admin\Lib\site-packages\django\template\backends\django.py", line 130, in reraise
    raise new from exc
django.template.exceptions.TemplateDoesNotExist: books/base.html
Internal Server Error: /statistics/
Traceback (most recent call last):
  File "C:\Users\T.SHIGARAKI\Desktop\Projet-Bibliotheque\Projet-bibliotheque-admin\venv_admin\Lib\site-packages\django\template\backends\django.py", line 107, in render
    return self.template.render(context)
           ~~~~~~~~~~~~~~~~~~~~^^^^^^^^^
  File "C:\Users\T.SHIGARAKI\Desktop\Projet-Bibliotheque\Projet-bibliotheque-admin\venv_admin\Lib\site-packages\django\template\base.py", line 171, in render
    return self._render(context)
           ~~~~~~~~~~~~^^^^^^^^^
  File "C:\Users\T.SHIGARAKI\Desktop\Projet-Bibliotheque\Projet-bibliotheque-admin\venv_admin\Lib\site-packages\django\template\base.py", line 163, in _render
    return self.nodelist.render(context)
           ~~~~~~~~~~~~~~~~~~~~^^^^^^^^^
  File "C:\Users\T.SHIGARAKI\Desktop\Projet-Bibliotheque\Projet-bibliotheque-admin\venv_admin\Lib\site-packages\django\template\base.py", line 1016, in render
    return SafeString("".join([node.render_annotated(context) for node in self]))
                               ~~~~~~~~~~~~~~~~~~~~~^^^^^^^^^
  File "C:\Users\T.SHIGARAKI\Desktop\Projet-Bibliotheque\Projet-bibliotheque-admin\venv_admin\Lib\site-packages\django\template\base.py", line 977, in render_annotated
    return self.render(context)
           ~~~~~~~~~~~^^^^^^^^^
  File "C:\Users\T.SHIGARAKI\Desktop\Projet-Bibliotheque\Projet-bibliotheque-admin\venv_admin\Lib\site-packages\django\template\loader_tags.py", line 134, in render
    compiled_parent = self.get_parent(context)
  File "C:\Users\T.SHIGARAKI\Desktop\Projet-Bibliotheque\Projet-bibliotheque-admin\venv_admin\Lib\site-packages\django\template\loader_tags.py", line 131, in get_parent
    return self.find_template(parent, context)
           ~~~~~~~~~~~~~~~~~~^^^^^^^^^^^^^^^^^
  File "C:\Users\T.SHIGARAKI\Desktop\Projet-Bibliotheque\Projet-bibliotheque-admin\venv_admin\Lib\site-packages\django\template\loader_tags.py", line 109, in find_template
    template, origin = context.template.engine.find_template(
                       ~~~~~~~~~~~~~~~~~~~~~~~~~~~~~~~~~~~~~^
        template_name,
        ^^^^^^^^^^^^^^
        skip=history,
        ^^^^^^^^^^^^^
    )
    ^
  File "C:\Users\T.SHIGARAKI\Desktop\Projet-Bibliotheque\Projet-bibliotheque-admin\venv_admin\Lib\site-packages\django\template\engine.py", line 163, in find_template
    raise TemplateDoesNotExist(name, tried=tried)
django.template.exceptions.TemplateDoesNotExist: books/base.html

The above exception was the direct cause of the following exception:

Traceback (most recent call last):
  File "C:\Users\T.SHIGARAKI\Desktop\Projet-Bibliotheque\Projet-bibliotheque-admin\venv_admin\Lib\site-packages\django\core\handlers\exception.py", line 55, in inner
    response = get_response(request)
  File "C:\Users\T.SHIGARAKI\Desktop\Projet-Bibliotheque\Projet-bibliotheque-admin\venv_admin\Lib\site-packages\django\core\handlers\base.py", line 197, in _get_response
    response = wrapped_callback(request, *callback_args, **callback_kwargs)
  File "C:\Users\T.SHIGARAKI\Desktop\Projet-Bibliotheque\Projet-bibliotheque-admin\venv_admin\Lib\site-packages\django\contrib\auth\decorators.py", line 59, in _view_wrapper
    return view_func(request, *args, **kwargs)
  File "C:\Users\T.SHIGARAKI\Desktop\Projet-Bibliotheque\Projet-bibliotheque-admin\library_stats\views.py", line 58, in statistics
    return render(request, 'library_stats/statistics.html', context)
  File "C:\Users\T.SHIGARAKI\Desktop\Projet-Bibliotheque\Projet-bibliotheque-admin\venv_admin\Lib\site-packages\django\shortcuts.py", line 25, in render
    content = loader.render_to_string(template_name, context, request, using=using)
  File "C:\Users\T.SHIGARAKI\Desktop\Projet-Bibliotheque\Projet-bibliotheque-admin\venv_admin\Lib\site-packages\django\template\loader.py", line 62, in render_to_string
    return template.render(context, request)
           ~~~~~~~~~~~~~~~^^^^^^^^^^^^^^^^^^
  File "C:\Users\T.SHIGARAKI\Desktop\Projet-Bibliotheque\Projet-bibliotheque-admin\venv_admin\Lib\site-packages\django\template\backends\django.py", line 109, in render
    reraise(exc, self.backend)
    ~~~~~~~^^^^^^^^^^^^^^^^^^^
  File "C:\Users\T.SHIGARAKI\Desktop\Projet-Bibliotheque\Projet-bibliotheque-admin\venv_admin\Lib\site-packages\django\template\backends\django.py", line 130, in reraise
    raise new from exc
django.template.exceptions.TemplateDoesNotExist: books/base.html
Notification count: total=0
Notification count: total=0
Notification count: total=0
Notification count: total=0
Notification count: total=0
Notification count: total=0
Notification count: total=0
Notification count: total=0
Notification count: total=0
Notification count: total=0
Notification count: total=0
Notification count: total=0
Notification count: total=0
Notification count: total=0
Login failed for username=esso.daniel001, errors=<ul class="errorlist"><li>__all__<ul class="errorlist nonfield"><li>Saisissez un nom d’utilisateur et un mot de passe valides. Remarquez que chacun de ces champs est sensible à la casse (différenciation des majuscules/minuscules).</li></ul></li></ul>, data=<QueryDict: {'csrfmiddlewaretoken': ['8mleLVKqzKeOZKoePoH4UhEzUCO7wkHcqgVNQ5q6q9YlLMg1DVGOAEJG3bRjb98c'], 'username': ['esso.daniel001'], 'password': ['05juin2006']}>
Login failed for username=akoumba.marylin001, errors=<ul class="errorlist"><li>__all__<ul class="errorlist nonfield"><li>Saisissez un nom d’utilisateur et un mot de passe valides. Remarquez que chacun de ces champs est sensible à la casse (différenciation des majuscules/minuscules).</li></ul></li></ul>, data=<QueryDict: {'csrfmiddlewaretoken': ['XP3DLnKVUmCu2ihe58ODusDugd6RhYdLfJDcQxqBLLm1Ok91TFNnaPIBpM93WNEL'], 'username': ['akoumba.marylin001'], 'password': ['05juin206']}>
User logged in: akoumba.marylin001, first_login=False
Not Found: /.well-known/appspecific/com.chrome.devtools.json
Not Found: /.well-known/appspecific/com.chrome.devtools.json
Not Found: /.well-known/appspecific/com.chrome.devtools.json
Watching for file changes with StatReloader
User logged in: akoumba.marylin001, first_login=False
Not Found: /favicon.ico
C:\Users\T.SHIGARAKI\Desktop\Projet-Bibliotheque\Projet-bibliotheque-admin\books\views.py changed, reloading.
Watching for file changes with StatReloader
Not Found: /favicon.ico
Internal Server Error: /books/search/
Traceback (most recent call last):
  File "C:\Users\T.SHIGARAKI\Desktop\Projet-Bibliotheque\Projet-bibliotheque-admin\venv_admin\Lib\site-packages\django\core\handlers\exception.py", line 55, in inner
    response = get_response(request)
  File "C:\Users\T.SHIGARAKI\Desktop\Projet-Bibliotheque\Projet-bibliotheque-admin\venv_admin\Lib\site-packages\django\core\handlers\base.py", line 197, in _get_response
    response = wrapped_callback(request, *callback_args, **callback_kwargs)
  File "C:\Users\T.SHIGARAKI\Desktop\Projet-Bibliotheque\Projet-bibliotheque-admin\books\views.py", line 212, in search_view
    return render(request, 'books/search_books_for_standard_users.html', context)
  File "C:\Users\T.SHIGARAKI\Desktop\Projet-Bibliotheque\Projet-bibliotheque-admin\venv_admin\Lib\site-packages\django\shortcuts.py", line 25, in render
    content = loader.render_to_string(template_name, context, request, using=using)
  File "C:\Users\T.SHIGARAKI\Desktop\Projet-Bibliotheque\Projet-bibliotheque-admin\venv_admin\Lib\site-packages\django\template\loader.py", line 61, in render_to_string
    template = get_template(template_name, using=using)
  File "C:\Users\T.SHIGARAKI\Desktop\Projet-Bibliotheque\Projet-bibliotheque-admin\venv_admin\Lib\site-packages\django\template\loader.py", line 15, in get_template
    return engine.get_template(template_name)
           ~~~~~~~~~~~~~~~~~~~^^^^^^^^^^^^^^^
  File "C:\Users\T.SHIGARAKI\Desktop\Projet-Bibliotheque\Projet-bibliotheque-admin\venv_admin\Lib\site-packages\django\template\backends\django.py", line 79, in get_template
    return Template(self.engine.get_template(template_name), self)
                    ~~~~~~~~~~~~~~~~~~~~~~~~^^^^^^^^^^^^^^^
  File "C:\Users\T.SHIGARAKI\Desktop\Projet-Bibliotheque\Projet-bibliotheque-admin\venv_admin\Lib\site-packages\django\template\engine.py", line 177, in get_template
    template, origin = self.find_template(template_name)
                       ~~~~~~~~~~~~~~~~~~^^^^^^^^^^^^^^^
  File "C:\Users\T.SHIGARAKI\Desktop\Projet-Bibliotheque\Projet-bibliotheque-admin\venv_admin\Lib\site-packages\django\template\engine.py", line 159, in find_template
    template = loader.get_template(name, skip=skip)
  File "C:\Users\T.SHIGARAKI\Desktop\Projet-Bibliotheque\Projet-bibliotheque-admin\venv_admin\Lib\site-packages\django\template\loaders\cached.py", line 57, in get_template
    template = super().get_template(template_name, skip)
  File "C:\Users\T.SHIGARAKI\Desktop\Projet-Bibliotheque\Projet-bibliotheque-admin\venv_admin\Lib\site-packages\django\template\loaders\base.py", line 28, in get_template
    return Template(
        contents,
    ...<2 lines>...
        self.engine,
    )
  File "C:\Users\T.SHIGARAKI\Desktop\Projet-Bibliotheque\Projet-bibliotheque-admin\venv_admin\Lib\site-packages\django\template\base.py", line 154, in __init__
    self.nodelist = self.compile_nodelist()
                    ~~~~~~~~~~~~~~~~~~~~~^^
  File "C:\Users\T.SHIGARAKI\Desktop\Projet-Bibliotheque\Projet-bibliotheque-admin\venv_admin\Lib\site-packages\django\template\base.py", line 196, in compile_nodelist
    nodelist = parser.parse()
  File "C:\Users\T.SHIGARAKI\Desktop\Projet-Bibliotheque\Projet-bibliotheque-admin\venv_admin\Lib\site-packages\django\template\base.py", line 518, in parse
    raise self.error(token, e)
  File "C:\Users\T.SHIGARAKI\Desktop\Projet-Bibliotheque\Projet-bibliotheque-admin\venv_admin\Lib\site-packages\django\template\base.py", line 516, in parse
    compiled_result = compile_func(self, token)
  File "C:\Users\T.SHIGARAKI\Desktop\Projet-Bibliotheque\Projet-bibliotheque-admin\venv_admin\Lib\site-packages\django\template\loader_tags.py", line 299, in do_extends
    nodelist = parser.parse()
  File "C:\Users\T.SHIGARAKI\Desktop\Projet-Bibliotheque\Projet-bibliotheque-admin\venv_admin\Lib\site-packages\django\template\base.py", line 518, in parse
    raise self.error(token, e)
  File "C:\Users\T.SHIGARAKI\Desktop\Projet-Bibliotheque\Projet-bibliotheque-admin\venv_admin\Lib\site-packages\django\template\base.py", line 516, in parse
    compiled_result = compile_func(self, token)
  File "C:\Users\T.SHIGARAKI\Desktop\Projet-Bibliotheque\Projet-bibliotheque-admin\venv_admin\Lib\site-packages\django\template\loader_tags.py", line 234, in do_block
    nodelist = parser.parse(("endblock",))
  File "C:\Users\T.SHIGARAKI\Desktop\Projet-Bibliotheque\Projet-bibliotheque-admin\venv_admin\Lib\site-packages\django\template\base.py", line 518, in parse
    raise self.error(token, e)
  File "C:\Users\T.SHIGARAKI\Desktop\Projet-Bibliotheque\Projet-bibliotheque-admin\venv_admin\Lib\site-packages\django\template\base.py", line 516, in parse
    compiled_result = compile_func(self, token)
  File "C:\Users\T.SHIGARAKI\Desktop\Projet-Bibliotheque\Projet-bibliotheque-admin\venv_admin\Lib\site-packages\django\template\loader_tags.py", line 228, in do_block
    raise TemplateSyntaxError(
        "'%s' tag with name '%s' appears more than once" % (bits[0], block_name)
    )
django.template.exceptions.TemplateSyntaxError: 'block' tag with name 'extra_js' appears more than once
C:\Users\T.SHIGARAKI\Desktop\Projet-Bibliotheque\Projet-bibliotheque-admin\books\views.py changed, reloading.
Watching for file changes with StatReloader
C:\Users\T.SHIGARAKI\Desktop\Projet-Bibliotheque\Projet-bibliotheque-admin\books\urls.py changed, reloading.
Watching for file changes with StatReloader
C:\Users\T.SHIGARAKI\Desktop\Projet-Bibliotheque\Projet-bibliotheque-admin\books\views.py changed, reloading.
Watching for file changes with StatReloader
C:\Users\T.SHIGARAKI\Desktop\Projet-Bibliotheque\Projet-bibliotheque-admin\books\views.py changed, reloading.
Watching for file changes with StatReloader
Watching for file changes with StatReloader
Internal Server Error: /books/search/
Traceback (most recent call last):
  File "C:\Users\T.SHIGARAKI\Desktop\Projet-Bibliotheque\Projet-bibliotheque-admin\venv_admin\Lib\site-packages\django\core\handlers\exception.py", line 55, in inner
    response = get_response(request)
  File "C:\Users\T.SHIGARAKI\Desktop\Projet-Bibliotheque\Projet-bibliotheque-admin\venv_admin\Lib\site-packages\django\core\handlers\base.py", line 197, in _get_response
    response = wrapped_callback(request, *callback_args, **callback_kwargs)
  File "C:\Users\T.SHIGARAKI\Desktop\Projet-Bibliotheque\Projet-bibliotheque-admin\venv_admin\Lib\site-packages\django\contrib\auth\decorators.py", line 59, in _view_wrapper
    return view_func(request, *args, **kwargs)
  File "C:\Users\T.SHIGARAKI\Desktop\Projet-Bibliotheque\Projet-bibliotheque-admin\books\views.py", line 218, in search_view
    return render(request, 'books/search_books_for_standard_users.html', context)
  File "C:\Users\T.SHIGARAKI\Desktop\Projet-Bibliotheque\Projet-bibliotheque-admin\venv_admin\Lib\site-packages\django\shortcuts.py", line 25, in render
    content = loader.render_to_string(template_name, context, request, using=using)
  File "C:\Users\T.SHIGARAKI\Desktop\Projet-Bibliotheque\Projet-bibliotheque-admin\venv_admin\Lib\site-packages\django\template\loader.py", line 62, in render_to_string
    return template.render(context, request)
           ~~~~~~~~~~~~~~~^^^^^^^^^^^^^^^^^^
  File "C:\Users\T.SHIGARAKI\Desktop\Projet-Bibliotheque\Projet-bibliotheque-admin\venv_admin\Lib\site-packages\django\template\backends\django.py", line 107, in render
    return self.template.render(context)
           ~~~~~~~~~~~~~~~~~~~~^^^^^^^^^
  File "C:\Users\T.SHIGARAKI\Desktop\Projet-Bibliotheque\Projet-bibliotheque-admin\venv_admin\Lib\site-packages\django\template\base.py", line 171, in render
    return self._render(context)
           ~~~~~~~~~~~~^^^^^^^^^
  File "C:\Users\T.SHIGARAKI\Desktop\Projet-Bibliotheque\Projet-bibliotheque-admin\venv_admin\Lib\site-packages\django\template\base.py", line 163, in _render
    return self.nodelist.render(context)
           ~~~~~~~~~~~~~~~~~~~~^^^^^^^^^
  File "C:\Users\T.SHIGARAKI\Desktop\Projet-Bibliotheque\Projet-bibliotheque-admin\venv_admin\Lib\site-packages\django\template\base.py", line 1016, in render
    return SafeString("".join([node.render_annotated(context) for node in self]))
                               ~~~~~~~~~~~~~~~~~~~~~^^^^^^^^^
  File "C:\Users\T.SHIGARAKI\Desktop\Projet-Bibliotheque\Projet-bibliotheque-admin\venv_admin\Lib\site-packages\django\template\base.py", line 977, in render_annotated
    return self.render(context)
           ~~~~~~~~~~~^^^^^^^^^
  File "C:\Users\T.SHIGARAKI\Desktop\Projet-Bibliotheque\Projet-bibliotheque-admin\venv_admin\Lib\site-packages\django\template\loader_tags.py", line 159, in render
    return compiled_parent._render(context)
           ~~~~~~~~~~~~~~~~~~~~~~~^^^^^^^^^
  File "C:\Users\T.SHIGARAKI\Desktop\Projet-Bibliotheque\Projet-bibliotheque-admin\venv_admin\Lib\site-packages\django\template\base.py", line 163, in _render
    return self.nodelist.render(context)
           ~~~~~~~~~~~~~~~~~~~~^^^^^^^^^
  File "C:\Users\T.SHIGARAKI\Desktop\Projet-Bibliotheque\Projet-bibliotheque-admin\venv_admin\Lib\site-packages\django\template\base.py", line 1016, in render
    return SafeString("".join([node.render_annotated(context) for node in self]))
                               ~~~~~~~~~~~~~~~~~~~~~^^^^^^^^^
  File "C:\Users\T.SHIGARAKI\Desktop\Projet-Bibliotheque\Projet-bibliotheque-admin\venv_admin\Lib\site-packages\django\template\base.py", line 977, in render_annotated
    return self.render(context)
           ~~~~~~~~~~~^^^^^^^^^
  File "C:\Users\T.SHIGARAKI\Desktop\Projet-Bibliotheque\Projet-bibliotheque-admin\venv_admin\Lib\site-packages\django\template\loader_tags.py", line 65, in render
    result = block.nodelist.render(context)
  File "C:\Users\T.SHIGARAKI\Desktop\Projet-Bibliotheque\Projet-bibliotheque-admin\venv_admin\Lib\site-packages\django\template\base.py", line 1016, in render
    return SafeString("".join([node.render_annotated(context) for node in self]))
                               ~~~~~~~~~~~~~~~~~~~~~^^^^^^^^^
  File "C:\Users\T.SHIGARAKI\Desktop\Projet-Bibliotheque\Projet-bibliotheque-admin\venv_admin\Lib\site-packages\django\template\base.py", line 977, in render_annotated
    return self.render(context)
           ~~~~~~~~~~~^^^^^^^^^
  File "C:\Users\T.SHIGARAKI\Desktop\Projet-Bibliotheque\Projet-bibliotheque-admin\venv_admin\Lib\site-packages\django\template\defaulttags.py", line 327, in render
    return nodelist.render(context)
           ~~~~~~~~~~~~~~~^^^^^^^^^
  File "C:\Users\T.SHIGARAKI\Desktop\Projet-Bibliotheque\Projet-bibliotheque-admin\venv_admin\Lib\site-packages\django\template\base.py", line 1016, in render
    return SafeString("".join([node.render_annotated(context) for node in self]))
                               ~~~~~~~~~~~~~~~~~~~~~^^^^^^^^^
  File "C:\Users\T.SHIGARAKI\Desktop\Projet-Bibliotheque\Projet-bibliotheque-admin\venv_admin\Lib\site-packages\django\template\base.py", line 977, in render_annotated
    return self.render(context)
           ~~~~~~~~~~~^^^^^^^^^
  File "C:\Users\T.SHIGARAKI\Desktop\Projet-Bibliotheque\Projet-bibliotheque-admin\venv_admin\Lib\site-packages\django\template\defaulttags.py", line 243, in render
    nodelist.append(node.render_annotated(context))
                    ~~~~~~~~~~~~~~~~~~~~~^^^^^^^^^
  File "C:\Users\T.SHIGARAKI\Desktop\Projet-Bibliotheque\Projet-bibliotheque-admin\venv_admin\Lib\site-packages\django\template\base.py", line 977, in render_annotated
    return self.render(context)
           ~~~~~~~~~~~^^^^^^^^^
  File "C:\Users\T.SHIGARAKI\Desktop\Projet-Bibliotheque\Projet-bibliotheque-admin\venv_admin\Lib\site-packages\django\template\defaulttags.py", line 327, in render
    return nodelist.render(context)
           ~~~~~~~~~~~~~~~^^^^^^^^^
  File "C:\Users\T.SHIGARAKI\Desktop\Projet-Bibliotheque\Projet-bibliotheque-admin\venv_admin\Lib\site-packages\django\template\base.py", line 1016, in render
    return SafeString("".join([node.render_annotated(context) for node in self]))
                               ~~~~~~~~~~~~~~~~~~~~~^^^^^^^^^
  File "C:\Users\T.SHIGARAKI\Desktop\Projet-Bibliotheque\Projet-bibliotheque-admin\venv_admin\Lib\site-packages\django\template\base.py", line 977, in render_annotated
    return self.render(context)
           ~~~~~~~~~~~^^^^^^^^^
  File "C:\Users\T.SHIGARAKI\Desktop\Projet-Bibliotheque\Projet-bibliotheque-admin\venv_admin\Lib\site-packages\django\template\defaulttags.py", line 327, in render
    return nodelist.render(context)
           ~~~~~~~~~~~~~~~^^^^^^^^^
  File "C:\Users\T.SHIGARAKI\Desktop\Projet-Bibliotheque\Projet-bibliotheque-admin\venv_admin\Lib\site-packages\django\template\base.py", line 1016, in render
    return SafeString("".join([node.render_annotated(context) for node in self]))
                               ~~~~~~~~~~~~~~~~~~~~~^^^^^^^^^
  File "C:\Users\T.SHIGARAKI\Desktop\Projet-Bibliotheque\Projet-bibliotheque-admin\venv_admin\Lib\site-packages\django\template\base.py", line 977, in render_annotated
    return self.render(context)
           ~~~~~~~~~~~^^^^^^^^^
  File "C:\Users\T.SHIGARAKI\Desktop\Projet-Bibliotheque\Projet-bibliotheque-admin\venv_admin\Lib\site-packages\django\template\defaulttags.py", line 480, in render
    url = reverse(view_name, args=args, kwargs=kwargs, current_app=current_app)
  File "C:\Users\T.SHIGARAKI\Desktop\Projet-Bibliotheque\Projet-bibliotheque-admin\venv_admin\Lib\site-packages\django\urls\base.py", line 98, in reverse
    resolved_url = resolver._reverse_with_prefix(view, prefix, *args, **kwargs)
  File "C:\Users\T.SHIGARAKI\Desktop\Projet-Bibliotheque\Projet-bibliotheque-admin\venv_admin\Lib\site-packages\django\urls\resolvers.py", line 831, in _reverse_with_prefix
    raise NoReverseMatch(msg)
django.urls.exceptions.NoReverseMatch: Reverse for 'consult_book' not found. 'consult_book' is not a valid view function or pattern name.
C:\Users\T.SHIGARAKI\Desktop\Projet-Bibliotheque\Projet-bibliotheque-admin\books\views.py changed, reloading.
Watching for file changes with StatReloader
C:\Users\T.SHIGARAKI\Desktop\Projet-Bibliotheque\Projet-bibliotheque-admin\books\views.py changed, reloading.
Watching for file changes with StatReloader
C:\Users\T.SHIGARAKI\Desktop\Projet-Bibliotheque\Projet-bibliotheque-admin\books\views.py changed, reloading.
Watching for file changes with StatReloader
C:\Users\T.SHIGARAKI\Desktop\Projet-Bibliotheque\Projet-bibliotheque-admin\books\views.py changed, reloading.
Watching for file changes with StatReloader
C:\Users\T.SHIGARAKI\Desktop\Projet-Bibliotheque\Projet-bibliotheque-admin\books\views.py changed, reloading.
Watching for file changes with StatReloader
Not Found: /favicon.ico
C:\Users\T.SHIGARAKI\Desktop\Projet-Bibliotheque\Projet-bibliotheque-admin\books\views.py changed, reloading.
Watching for file changes with StatReloader
Not Found: /favicon.ico
Not Found: /favicon.ico
Watching for file changes with StatReloader
Watching for file changes with StatReloader
Not Found: /favicon.ico
User logged in: akoumba.marylin001, first_login=False
C:\Users\T.SHIGARAKI\Desktop\Projet-Bibliotheque\Projet-bibliotheque-admin\books\views.py changed, reloading.
Watching for file changes with StatReloader
Not Found: /favicon.ico
Internal Server Error: /books/search/
Traceback (most recent call last):
  File "C:\Users\T.SHIGARAKI\Desktop\Projet-Bibliotheque\Projet-bibliotheque-admin\venv_admin\Lib\site-packages\django\core\handlers\exception.py", line 55, in inner
    response = get_response(request)
  File "C:\Users\T.SHIGARAKI\Desktop\Projet-Bibliotheque\Projet-bibliotheque-admin\venv_admin\Lib\site-packages\django\core\handlers\base.py", line 197, in _get_response
    response = wrapped_callback(request, *callback_args, **callback_kwargs)
  File "C:\Users\T.SHIGARAKI\Desktop\Projet-Bibliotheque\Projet-bibliotheque-admin\venv_admin\Lib\site-packages\django\contrib\auth\decorators.py", line 59, in _view_wrapper
    return view_func(request, *args, **kwargs)
  File "C:\Users\T.SHIGARAKI\Desktop\Projet-Bibliotheque\Projet-bibliotheque-admin\books\views.py", line 218, in search_view
    return render(request, 'books/search_books_for_standard_users.html', context)
  File "C:\Users\T.SHIGARAKI\Desktop\Projet-Bibliotheque\Projet-bibliotheque-admin\venv_admin\Lib\site-packages\django\shortcuts.py", line 25, in render
    content = loader.render_to_string(template_name, context, request, using=using)
  File "C:\Users\T.SHIGARAKI\Desktop\Projet-Bibliotheque\Projet-bibliotheque-admin\venv_admin\Lib\site-packages\django\template\loader.py", line 61, in render_to_string
    template = get_template(template_name, using=using)
  File "C:\Users\T.SHIGARAKI\Desktop\Projet-Bibliotheque\Projet-bibliotheque-admin\venv_admin\Lib\site-packages\django\template\loader.py", line 15, in get_template
    return engine.get_template(template_name)
           ~~~~~~~~~~~~~~~~~~~^^^^^^^^^^^^^^^
  File "C:\Users\T.SHIGARAKI\Desktop\Projet-Bibliotheque\Projet-bibliotheque-admin\venv_admin\Lib\site-packages\django\template\backends\django.py", line 79, in get_template
    return Template(self.engine.get_template(template_name), self)
                    ~~~~~~~~~~~~~~~~~~~~~~~~^^^^^^^^^^^^^^^
  File "C:\Users\T.SHIGARAKI\Desktop\Projet-Bibliotheque\Projet-bibliotheque-admin\venv_admin\Lib\site-packages\django\template\engine.py", line 177, in get_template
    template, origin = self.find_template(template_name)
                       ~~~~~~~~~~~~~~~~~~^^^^^^^^^^^^^^^
  File "C:\Users\T.SHIGARAKI\Desktop\Projet-Bibliotheque\Projet-bibliotheque-admin\venv_admin\Lib\site-packages\django\template\engine.py", line 159, in find_template
    template = loader.get_template(name, skip=skip)
  File "C:\Users\T.SHIGARAKI\Desktop\Projet-Bibliotheque\Projet-bibliotheque-admin\venv_admin\Lib\site-packages\django\template\loaders\cached.py", line 57, in get_template
    template = super().get_template(template_name, skip)
  File "C:\Users\T.SHIGARAKI\Desktop\Projet-Bibliotheque\Projet-bibliotheque-admin\venv_admin\Lib\site-packages\django\template\loaders\base.py", line 28, in get_template
    return Template(
        contents,
    ...<2 lines>...
        self.engine,
    )
  File "C:\Users\T.SHIGARAKI\Desktop\Projet-Bibliotheque\Projet-bibliotheque-admin\venv_admin\Lib\site-packages\django\template\base.py", line 154, in __init__
    self.nodelist = self.compile_nodelist()
                    ~~~~~~~~~~~~~~~~~~~~~^^
  File "C:\Users\T.SHIGARAKI\Desktop\Projet-Bibliotheque\Projet-bibliotheque-admin\venv_admin\Lib\site-packages\django\template\base.py", line 196, in compile_nodelist
    nodelist = parser.parse()
  File "C:\Users\T.SHIGARAKI\Desktop\Projet-Bibliotheque\Projet-bibliotheque-admin\venv_admin\Lib\site-packages\django\template\base.py", line 518, in parse
    raise self.error(token, e)
  File "C:\Users\T.SHIGARAKI\Desktop\Projet-Bibliotheque\Projet-bibliotheque-admin\venv_admin\Lib\site-packages\django\template\base.py", line 516, in parse
    compiled_result = compile_func(self, token)
  File "C:\Users\T.SHIGARAKI\Desktop\Projet-Bibliotheque\Projet-bibliotheque-admin\venv_admin\Lib\site-packages\django\template\loader_tags.py", line 299, in do_extends
    nodelist = parser.parse()
  File "C:\Users\T.SHIGARAKI\Desktop\Projet-Bibliotheque\Projet-bibliotheque-admin\venv_admin\Lib\site-packages\django\template\base.py", line 518, in parse
    raise self.error(token, e)
  File "C:\Users\T.SHIGARAKI\Desktop\Projet-Bibliotheque\Projet-bibliotheque-admin\venv_admin\Lib\site-packages\django\template\base.py", line 516, in parse
    compiled_result = compile_func(self, token)
  File "C:\Users\T.SHIGARAKI\Desktop\Projet-Bibliotheque\Projet-bibliotheque-admin\venv_admin\Lib\site-packages\django\template\loader_tags.py", line 234, in do_block
    nodelist = parser.parse(("endblock",))
  File "C:\Users\T.SHIGARAKI\Desktop\Projet-Bibliotheque\Projet-bibliotheque-admin\venv_admin\Lib\site-packages\django\template\base.py", line 518, in parse
    raise self.error(token, e)
  File "C:\Users\T.SHIGARAKI\Desktop\Projet-Bibliotheque\Projet-bibliotheque-admin\venv_admin\Lib\site-packages\django\template\base.py", line 516, in parse
    compiled_result = compile_func(self, token)
  File "C:\Users\T.SHIGARAKI\Desktop\Projet-Bibliotheque\Projet-bibliotheque-admin\venv_admin\Lib\site-packages\django\template\defaulttags.py", line 962, in do_if
    nodelist = parser.parse(("elif", "else", "endif"))
  File "C:\Users\T.SHIGARAKI\Desktop\Projet-Bibliotheque\Projet-bibliotheque-admin\venv_admin\Lib\site-packages\django\template\base.py", line 518, in parse
    raise self.error(token, e)
  File "C:\Users\T.SHIGARAKI\Desktop\Projet-Bibliotheque\Projet-bibliotheque-admin\venv_admin\Lib\site-packages\django\template\base.py", line 516, in parse
    compiled_result = compile_func(self, token)
  File "C:\Users\T.SHIGARAKI\Desktop\Projet-Bibliotheque\Projet-bibliotheque-admin\venv_admin\Lib\site-packages\django\template\loader_tags.py", line 299, in do_extends
    nodelist = parser.parse()
  File "C:\Users\T.SHIGARAKI\Desktop\Projet-Bibliotheque\Projet-bibliotheque-admin\venv_admin\Lib\site-packages\django\template\base.py", line 518, in parse
    raise self.error(token, e)
  File "C:\Users\T.SHIGARAKI\Desktop\Projet-Bibliotheque\Projet-bibliotheque-admin\venv_admin\Lib\site-packages\django\template\base.py", line 516, in parse
    compiled_result = compile_func(self, token)
  File "C:\Users\T.SHIGARAKI\Desktop\Projet-Bibliotheque\Projet-bibliotheque-admin\venv_admin\Lib\site-packages\django\template\loader_tags.py", line 228, in do_block
    raise TemplateSyntaxError(
        "'%s' tag with name '%s' appears more than once" % (bits[0], block_name)
    )
django.template.exceptions.TemplateSyntaxError: 'block' tag with name 'title' appears more than once
Not Found: /.well-known/appspecific/com.chrome.devtools.json
C:\Users\T.SHIGARAKI\Desktop\Projet-Bibliotheque\Projet-bibliotheque-admin\books\models.py changed, reloading.
Watching for file changes with StatReloader
Not Found: /.well-known/appspecific/com.chrome.devtools.json
Not Found: /.well-known/appspecific/com.chrome.devtools.json
C:\Users\T.SHIGARAKI\Desktop\Projet-Bibliotheque\Projet-bibliotheque-admin\books\views.py changed, reloading.
Watching for file changes with StatReloader
C:\Users\T.SHIGARAKI\Desktop\Projet-Bibliotheque\Projet-bibliotheque-admin\books\views.py changed, reloading.
Watching for file changes with StatReloader
C:\Users\T.SHIGARAKI\Desktop\Projet-Bibliotheque\Projet-bibliotheque-admin\books\views.py changed, reloading.
Watching for file changes with StatReloader
C:\Users\T.SHIGARAKI\Desktop\Projet-Bibliotheque\Projet-bibliotheque-admin\books\views.py changed, reloading.
Watching for file changes with StatReloader
User logged in: admin_biblio, first_login=False
Notification count: total=0
Notification count: total=0
Notification count: total=0
Notification count: total=1
Notification count: total=1
Notification count: total=1
Notification count: total=1
Notification count: total=2
User logged in: akoumba.marylin001, first_login=False
C:\Users\T.SHIGARAKI\Desktop\Projet-Bibliotheque\Projet-bibliotheque-admin\books\views.py changed, reloading.
Watching for file changes with StatReloader
C:\Users\T.SHIGARAKI\Desktop\Projet-Bibliotheque\Projet-bibliotheque-admin\books\views.py changed, reloading.
Watching for file changes with StatReloader
C:\Users\T.SHIGARAKI\Desktop\Projet-Bibliotheque\Projet-bibliotheque-admin\books\views.py changed, reloading.
Watching for file changes with StatReloader
Watching for file changes with StatReloader
Not Found: /books/toggle-favorite/
Not Found: /books/toggle-favorite/
Not Found: /books/toggle-favorite/
Not Found: /books/toggle-favorite/
Watching for file changes with StatReloader
C:\Users\T.SHIGARAKI\Desktop\Projet-Bibliotheque\Projet-bibliotheque-admin\books\views.py changed, reloading.
Watching for file changes with StatReloader
C:\Users\T.SHIGARAKI\Desktop\Projet-Bibliotheque\Projet-bibliotheque-admin\books\urls.py changed, reloading.
Watching for file changes with StatReloader
C:\Users\T.SHIGARAKI\Desktop\Projet-Bibliotheque\Projet-bibliotheque-admin\books\views.py changed, reloading.
Watching for file changes with StatReloader
C:\Users\T.SHIGARAKI\Desktop\Projet-Bibliotheque\Projet-bibliotheque-admin\books\views.py changed, reloading.
Watching for file changes with StatReloader
Watching for file changes with StatReloader
Internal Server Error: /books/toggle-favorite/
Traceback (most recent call last):
  File "C:\Users\T.SHIGARAKI\Desktop\Projet-Bibliotheque\Projet-bibliotheque-admin\venv_admin\Lib\site-packages\django\core\handlers\exception.py", line 55, in inner
    response = get_response(request)
  File "C:\Users\T.SHIGARAKI\Desktop\Projet-Bibliotheque\Projet-bibliotheque-admin\venv_admin\Lib\site-packages\django\core\handlers\base.py", line 197, in _get_response
    response = wrapped_callback(request, *callback_args, **callback_kwargs)
  File "C:\Users\T.SHIGARAKI\Desktop\Projet-Bibliotheque\Projet-bibliotheque-admin\venv_admin\Lib\site-packages\django\views\decorators\http.py", line 64, in inner
    return func(request, *args, **kwargs)
  File "C:\Users\T.SHIGARAKI\Desktop\Projet-Bibliotheque\Projet-bibliotheque-admin\venv_admin\Lib\site-packages\django\contrib\auth\decorators.py", line 59, in _view_wrapper
    return view_func(request, *args, **kwargs)
  File "C:\Users\T.SHIGARAKI\Desktop\Projet-Bibliotheque\Projet-bibliotheque-admin\books\views.py", line 306, in toggle_favorite
    favorite, created = UserFavorite.objects.get_or_create(user=request.user, book=book)
                        ~~~~~~~~~~~~~~~~~~~~~~~~~~~~~~~~~~^^^^^^^^^^^^^^^^^^^^^^^^^^^^^^
  File "C:\Users\T.SHIGARAKI\Desktop\Projet-Bibliotheque\Projet-bibliotheque-admin\venv_admin\Lib\site-packages\django\db\models\manager.py", line 87, in manager_method
    return getattr(self.get_queryset(), name)(*args, **kwargs)
           ~~~~~~~~~~~~~~~~~~~~~~~~~~~~~~~~~~^^^^^^^^^^^^^^^^^
  File "C:\Users\T.SHIGARAKI\Desktop\Projet-Bibliotheque\Projet-bibliotheque-admin\venv_admin\Lib\site-packages\django\db\models\query.py", line 946, in get_or_create
    return self.get(**kwargs), False
           ~~~~~~~~^^^^^^^^^^
  File "C:\Users\T.SHIGARAKI\Desktop\Projet-Bibliotheque\Projet-bibliotheque-admin\venv_admin\Lib\site-packages\django\db\models\query.py", line 619, in get
    clone = self._chain() if self.query.combinator else self.filter(*args, **kwargs)
                                                        ~~~~~~~~~~~^^^^^^^^^^^^^^^^^
  File "C:\Users\T.SHIGARAKI\Desktop\Projet-Bibliotheque\Projet-bibliotheque-admin\venv_admin\Lib\site-packages\django\db\models\query.py", line 1491, in filter
    return self._filter_or_exclude(False, args, kwargs)
           ~~~~~~~~~~~~~~~~~~~~~~~^^^^^^^^^^^^^^^^^^^^^
  File "C:\Users\T.SHIGARAKI\Desktop\Projet-Bibliotheque\Projet-bibliotheque-admin\venv_admin\Lib\site-packages\django\db\models\query.py", line 1509, in _filter_or_exclude
    clone._filter_or_exclude_inplace(negate, args, kwargs)
    ~~~~~~~~~~~~~~~~~~~~~~~~~~~~~~~~^^^^^^^^^^^^^^^^^^^^^^
  File "C:\Users\T.SHIGARAKI\Desktop\Projet-Bibliotheque\Projet-bibliotheque-admin\venv_admin\Lib\site-packages\django\db\models\query.py", line 1516, in _filter_or_exclude_inplace
    self._query.add_q(Q(*args, **kwargs))
    ~~~~~~~~~~~~~~~~~^^^^^^^^^^^^^^^^^^^^
  File "C:\Users\T.SHIGARAKI\Desktop\Projet-Bibliotheque\Projet-bibliotheque-admin\venv_admin\Lib\site-packages\django\db\models\sql\query.py", line 1643, in add_q
    clause, _ = self._add_q(q_object, can_reuse)
                ~~~~~~~~~~~^^^^^^^^^^^^^^^^^^^^^
  File "C:\Users\T.SHIGARAKI\Desktop\Projet-Bibliotheque\Projet-bibliotheque-admin\venv_admin\Lib\site-packages\django\db\models\sql\query.py", line 1675, in _add_q
    child_clause, needed_inner = self.build_filter(
                                 ~~~~~~~~~~~~~~~~~^
        child,
        ^^^^^^
    ...<7 lines>...
        update_join_types=update_join_types,
        ^^^^^^^^^^^^^^^^^^^^^^^^^^^^^^^^^^^^
    )
    ^
  File "C:\Users\T.SHIGARAKI\Desktop\Projet-Bibliotheque\Projet-bibliotheque-admin\venv_admin\Lib\site-packages\django\db\models\sql\query.py", line 1560, in build_filter
    self.check_related_objects(join_info.final_field, value, join_info.opts)
    ~~~~~~~~~~~~~~~~~~~~~~~~~~^^^^^^^^^^^^^^^^^^^^^^^^^^^^^^^^^^^^^^^^^^^^^^
  File "C:\Users\T.SHIGARAKI\Desktop\Projet-Bibliotheque\Projet-bibliotheque-admin\venv_admin\Lib\site-packages\django\db\models\sql\query.py", line 1369, in check_related_objects
    self.check_query_object_type(value, opts, field)
    ~~~~~~~~~~~~~~~~~~~~~~~~~~~~^^^^^^^^^^^^^^^^^^^^
  File "C:\Users\T.SHIGARAKI\Desktop\Projet-Bibliotheque\Projet-bibliotheque-admin\venv_admin\Lib\site-packages\django\db\models\sql\query.py", line 1346, in check_query_object_type
    raise ValueError(
    ...<2 lines>...
    )
ValueError: Cannot query "Article 1 (Article)": Must be "Book" instance.
Watching for file changes with StatReloader
Watching for file changes with StatReloader
Not Found: /favicon.ico
User logged in: akoumba.marylin001, first_login=False
Watching for file changes with StatReloader
Watching for file changes with StatReloader
Watching for file changes with StatReloader
Watching for file changes with StatReloader
Not Found: /favicon.ico
User logged in: akoumba.marylin001, first_login=False
User logged in: admin_biblio, first_login=False
Notification count: total=2
Notification count: total=2
Notification count: total=2
User created: porno.genius001, password hash: pbkdf2_sha256$1000000$PflzsSt8hxbwdFRP3uDypI$rnECXsC0KmvIwa0fGR8+bwbzUeyJ0YiLPaLtIAA82HI=, first_login=True
Notification count: total=2
User logged in: porno.genius001, first_login=True
Notification count: total=0
User logged in: porno.genius001, first_login=False
Watching for file changes with StatReloader
Not Found: /favicon.ico
User logged in: akoumba.marylin001, first_login=False
Not Found: /favicon.ico
Internal Server Error: /books/toggle-favorite/
Traceback (most recent call last):
  File "C:\Users\T.SHIGARAKI\Desktop\Projet-Bibliotheque\Projet-bibliotheque-admin\venv_admin\Lib\site-packages\django\core\handlers\exception.py", line 55, in inner
    response = get_response(request)
  File "C:\Users\T.SHIGARAKI\Desktop\Projet-Bibliotheque\Projet-bibliotheque-admin\venv_admin\Lib\site-packages\django\core\handlers\base.py", line 197, in _get_response
    response = wrapped_callback(request, *callback_args, **callback_kwargs)
  File "C:\Users\T.SHIGARAKI\Desktop\Projet-Bibliotheque\Projet-bibliotheque-admin\venv_admin\Lib\site-packages\django\views\decorators\http.py", line 64, in inner
    return func(request, *args, **kwargs)
  File "C:\Users\T.SHIGARAKI\Desktop\Projet-Bibliotheque\Projet-bibliotheque-admin\venv_admin\Lib\site-packages\django\contrib\auth\decorators.py", line 59, in _view_wrapper
    return view_func(request, *args, **kwargs)
  File "C:\Users\T.SHIGARAKI\Desktop\Projet-Bibliotheque\Projet-bibliotheque-admin\books\views.py", line 306, in toggle_favorite
    favorite, created = UserFavorite.objects.get_or_create(user=request.user, book=book)
                        ~~~~~~~~~~~~~~~~~~~~~~~~~~~~~~~~~~^^^^^^^^^^^^^^^^^^^^^^^^^^^^^^
  File "C:\Users\T.SHIGARAKI\Desktop\Projet-Bibliotheque\Projet-bibliotheque-admin\venv_admin\Lib\site-packages\django\db\models\manager.py", line 87, in manager_method
    return getattr(self.get_queryset(), name)(*args, **kwargs)
           ~~~~~~~~~~~~~~~~~~~~~~~~~~~~~~~~~~^^^^^^^^^^^^^^^^^
  File "C:\Users\T.SHIGARAKI\Desktop\Projet-Bibliotheque\Projet-bibliotheque-admin\venv_admin\Lib\site-packages\django\db\models\query.py", line 946, in get_or_create
    return self.get(**kwargs), False
           ~~~~~~~~^^^^^^^^^^
  File "C:\Users\T.SHIGARAKI\Desktop\Projet-Bibliotheque\Projet-bibliotheque-admin\venv_admin\Lib\site-packages\django\db\models\query.py", line 619, in get
    clone = self._chain() if self.query.combinator else self.filter(*args, **kwargs)
                                                        ~~~~~~~~~~~^^^^^^^^^^^^^^^^^
  File "C:\Users\T.SHIGARAKI\Desktop\Projet-Bibliotheque\Projet-bibliotheque-admin\venv_admin\Lib\site-packages\django\db\models\query.py", line 1491, in filter
    return self._filter_or_exclude(False, args, kwargs)
           ~~~~~~~~~~~~~~~~~~~~~~~^^^^^^^^^^^^^^^^^^^^^
  File "C:\Users\T.SHIGARAKI\Desktop\Projet-Bibliotheque\Projet-bibliotheque-admin\venv_admin\Lib\site-packages\django\db\models\query.py", line 1509, in _filter_or_exclude
    clone._filter_or_exclude_inplace(negate, args, kwargs)
    ~~~~~~~~~~~~~~~~~~~~~~~~~~~~~~~~^^^^^^^^^^^^^^^^^^^^^^
  File "C:\Users\T.SHIGARAKI\Desktop\Projet-Bibliotheque\Projet-bibliotheque-admin\venv_admin\Lib\site-packages\django\db\models\query.py", line 1516, in _filter_or_exclude_inplace
    self._query.add_q(Q(*args, **kwargs))
    ~~~~~~~~~~~~~~~~~^^^^^^^^^^^^^^^^^^^^
  File "C:\Users\T.SHIGARAKI\Desktop\Projet-Bibliotheque\Projet-bibliotheque-admin\venv_admin\Lib\site-packages\django\db\models\sql\query.py", line 1643, in add_q
    clause, _ = self._add_q(q_object, can_reuse)
                ~~~~~~~~~~~^^^^^^^^^^^^^^^^^^^^^
  File "C:\Users\T.SHIGARAKI\Desktop\Projet-Bibliotheque\Projet-bibliotheque-admin\venv_admin\Lib\site-packages\django\db\models\sql\query.py", line 1675, in _add_q
    child_clause, needed_inner = self.build_filter(
                                 ~~~~~~~~~~~~~~~~~^
        child,
        ^^^^^^
    ...<7 lines>...
        update_join_types=update_join_types,
        ^^^^^^^^^^^^^^^^^^^^^^^^^^^^^^^^^^^^
    )
    ^
  File "C:\Users\T.SHIGARAKI\Desktop\Projet-Bibliotheque\Projet-bibliotheque-admin\venv_admin\Lib\site-packages\django\db\models\sql\query.py", line 1560, in build_filter
    self.check_related_objects(join_info.final_field, value, join_info.opts)
    ~~~~~~~~~~~~~~~~~~~~~~~~~~^^^^^^^^^^^^^^^^^^^^^^^^^^^^^^^^^^^^^^^^^^^^^^
  File "C:\Users\T.SHIGARAKI\Desktop\Projet-Bibliotheque\Projet-bibliotheque-admin\venv_admin\Lib\site-packages\django\db\models\sql\query.py", line 1369, in check_related_objects
    self.check_query_object_type(value, opts, field)
    ~~~~~~~~~~~~~~~~~~~~~~~~~~~~^^^^^^^^^^^^^^^^^^^^
  File "C:\Users\T.SHIGARAKI\Desktop\Projet-Bibliotheque\Projet-bibliotheque-admin\venv_admin\Lib\site-packages\django\db\models\sql\query.py", line 1346, in check_query_object_type
    raise ValueError(
    ...<2 lines>...
    )
ValueError: Cannot query "Fiche 1 (Support de cours)": Must be "Book" instance.
C:\Users\T.SHIGARAKI\Desktop\Projet-Bibliotheque\Projet-bibliotheque-admin\users\views.py changed, reloading.
Watching for file changes with StatReloader
C:\Users\T.SHIGARAKI\Desktop\Projet-Bibliotheque\Projet-bibliotheque-admin\users\views.py changed, reloading.
Watching for file changes with StatReloader
C:\Users\T.SHIGARAKI\Desktop\Projet-Bibliotheque\Projet-bibliotheque-admin\users\forms.py changed, reloading.
Watching for file changes with StatReloader
C:\Users\T.SHIGARAKI\Desktop\Projet-Bibliotheque\Projet-bibliotheque-admin\users\forms.py changed, reloading.
Watching for file changes with StatReloader
C:\Users\T.SHIGARAKI\Desktop\Projet-Bibliotheque\Projet-bibliotheque-admin\users\views.py changed, reloading.
Watching for file changes with StatReloader
C:\Users\T.SHIGARAKI\Desktop\Projet-Bibliotheque\Projet-bibliotheque-admin\users\views.py changed, reloading.
Watching for file changes with StatReloader
C:\Users\T.SHIGARAKI\Desktop\Projet-Bibliotheque\Projet-bibliotheque-admin\users\views.py changed, reloading.
Watching for file changes with StatReloader
C:\Users\T.SHIGARAKI\Desktop\Projet-Bibliotheque\Projet-bibliotheque-admin\users\views.py changed, reloading.
Watching for file changes with StatReloader
C:\Users\T.SHIGARAKI\Desktop\Projet-Bibliotheque\Projet-bibliotheque-admin\users\urls.py changed, reloading.
Watching for file changes with StatReloader
Not Found: /favicon.ico
C:\Users\T.SHIGARAKI\Desktop\Projet-Bibliotheque\Projet-bibliotheque-admin\users\forms.py changed, reloading.
Watching for file changes with StatReloader
C:\Users\T.SHIGARAKI\Desktop\Projet-Bibliotheque\Projet-bibliotheque-admin\users\views.py changed, reloading.
Watching for file changes with StatReloader
C:\Users\T.SHIGARAKI\Desktop\Projet-Bibliotheque\Projet-bibliotheque-admin\users\views.py changed, reloading.
Watching for file changes with StatReloader
C:\Users\T.SHIGARAKI\Desktop\Projet-Bibliotheque\Projet-bibliotheque-admin\users\forms.py changed, reloading.
Watching for file changes with StatReloader
C:\Users\T.SHIGARAKI\Desktop\Projet-Bibliotheque\Projet-bibliotheque-admin\users\forms.py changed, reloading.
Watching for file changes with StatReloader
Not Found: /favicon.ico
Watching for file changes with StatReloader
Watching for file changes with StatReloader
Not Found: /favicon.ico
Not Found: /users/login/http://127.0.0.1:8000/users/login/
Not Found: /favicon.ico
Watching for file changes with StatReloader
User logged in: admin_biblio, first_login=False
Notification count: total=0
Notification count: total=0
Notification count: total=0
Notification count: total=0
Notification count: total=0
Notification count: total=0
Notification count: total=0
Notification count: total=0
Notification count: total=0
Notification count: total=0
Notification count: total=0
Notification count: total=0
Notification count: total=0
Notification count: total=0
Notification count: total=0
Notification count: total=0
Notification count: total=0
Notification count: total=0
Notification count: total=0
Notification count: total=0
Notification count: total=0
Notification count: total=0
Not Found: /favicon.ico
User logged in: admin_biblio, first_login=False
Notification count: total=0
Notification count: total=0
Notification count: total=0
Notification count: total=0
Notification count: total=1
Notification count: total=1
Total des notifications affichées: 1
Notification count: total=1
Notification count: total=1
Notification count: total=1
Notification count: total=1
C:\Users\T.SHIGARAKI\Desktop\Projet-Bibliotheque-daniel\Projet-Bibliotheque-daniel\Projet-bibliotheque-admin\books\urls.py changed, reloading.
Watching for file changes with StatReloader
Notification count: total=1
Notification count: total=1
Notification count: total=1
Total des notifications affichées: 1
Notification count: total=1
Notification count: total=1
Notification count: total=1
User created: esso.daniel001, password hash: pbkdf2_sha256$1000000$AeCVHIpNbNQHGBPIyOSKAh$pUHgla2/q6CJICKuT9ZXGLrICqfYLxvvz7snK15QNz8=, first_login=True
Notification count: total=2
Internal Server Error: /statistics/
Traceback (most recent call last):
  File "C:\Users\T.SHIGARAKI\Desktop\Projet-Bibliotheque-daniel\Projet-Bibliotheque-daniel\Projet-bibliotheque-admin\venv_admin\Lib\site-packages\django\template\backends\django.py", line 107, in render
    return self.template.render(context)
           ~~~~~~~~~~~~~~~~~~~~^^^^^^^^^
  File "C:\Users\T.SHIGARAKI\Desktop\Projet-Bibliotheque-daniel\Projet-Bibliotheque-daniel\Projet-bibliotheque-admin\venv_admin\Lib\site-packages\django\template\base.py", line 171, in render
    return self._render(context)
           ~~~~~~~~~~~~^^^^^^^^^
  File "C:\Users\T.SHIGARAKI\Desktop\Projet-Bibliotheque-daniel\Projet-Bibliotheque-daniel\Projet-bibliotheque-admin\venv_admin\Lib\site-packages\django\template\base.py", line 163, in _render
    return self.nodelist.render(context)
           ~~~~~~~~~~~~~~~~~~~~^^^^^^^^^
  File "C:\Users\T.SHIGARAKI\Desktop\Projet-Bibliotheque-daniel\Projet-Bibliotheque-daniel\Projet-bibliotheque-admin\venv_admin\Lib\site-packages\django\template\base.py", line 1016, in render
    return SafeString("".join([node.render_annotated(context) for node in self]))
                               ~~~~~~~~~~~~~~~~~~~~~^^^^^^^^^
  File "C:\Users\T.SHIGARAKI\Desktop\Projet-Bibliotheque-daniel\Projet-Bibliotheque-daniel\Projet-bibliotheque-admin\venv_admin\Lib\site-packages\django\template\base.py", line 977, in render_annotated
    return self.render(context)
           ~~~~~~~~~~~^^^^^^^^^
  File "C:\Users\T.SHIGARAKI\Desktop\Projet-Bibliotheque-daniel\Projet-Bibliotheque-daniel\Projet-bibliotheque-admin\venv_admin\Lib\site-packages\django\template\loader_tags.py", line 134, in render
    compiled_parent = self.get_parent(context)
  File "C:\Users\T.SHIGARAKI\Desktop\Projet-Bibliotheque-daniel\Projet-Bibliotheque-daniel\Projet-bibliotheque-admin\venv_admin\Lib\site-packages\django\template\loader_tags.py", line 131, in get_parent
    return self.find_template(parent, context)
           ~~~~~~~~~~~~~~~~~~^^^^^^^^^^^^^^^^^
  File "C:\Users\T.SHIGARAKI\Desktop\Projet-Bibliotheque-daniel\Projet-Bibliotheque-daniel\Projet-bibliotheque-admin\venv_admin\Lib\site-packages\django\template\loader_tags.py", line 109, in find_template
    template, origin = context.template.engine.find_template(
                       ~~~~~~~~~~~~~~~~~~~~~~~~~~~~~~~~~~~~~^
        template_name,
        ^^^^^^^^^^^^^^
        skip=history,
        ^^^^^^^^^^^^^
    )
    ^
  File "C:\Users\T.SHIGARAKI\Desktop\Projet-Bibliotheque-daniel\Projet-Bibliotheque-daniel\Projet-bibliotheque-admin\venv_admin\Lib\site-packages\django\template\engine.py", line 163, in find_template
    raise TemplateDoesNotExist(name, tried=tried)
django.template.exceptions.TemplateDoesNotExist: books/base.html

The above exception was the direct cause of the following exception:

Traceback (most recent call last):
  File "C:\Users\T.SHIGARAKI\Desktop\Projet-Bibliotheque-daniel\Projet-Bibliotheque-daniel\Projet-bibliotheque-admin\venv_admin\Lib\site-packages\django\core\handlers\exception.py", line 55, in inner
    response = get_response(request)
  File "C:\Users\T.SHIGARAKI\Desktop\Projet-Bibliotheque-daniel\Projet-Bibliotheque-daniel\Projet-bibliotheque-admin\venv_admin\Lib\site-packages\django\core\handlers\base.py", line 197, in _get_response
    response = wrapped_callback(request, *callback_args, **callback_kwargs)
  File "C:\Users\T.SHIGARAKI\Desktop\Projet-Bibliotheque-daniel\Projet-Bibliotheque-daniel\Projet-bibliotheque-admin\venv_admin\Lib\site-packages\django\contrib\auth\decorators.py", line 59, in _view_wrapper
    return view_func(request, *args, **kwargs)
  File "C:\Users\T.SHIGARAKI\Desktop\Projet-Bibliotheque-daniel\Projet-Bibliotheque-daniel\Projet-bibliotheque-admin\library_stats\views.py", line 58, in statistics
    return render(request, 'library_stats/statistics.html', context)
  File "C:\Users\T.SHIGARAKI\Desktop\Projet-Bibliotheque-daniel\Projet-Bibliotheque-daniel\Projet-bibliotheque-admin\venv_admin\Lib\site-packages\django\shortcuts.py", line 25, in render
    content = loader.render_to_string(template_name, context, request, using=using)
  File "C:\Users\T.SHIGARAKI\Desktop\Projet-Bibliotheque-daniel\Projet-Bibliotheque-daniel\Projet-bibliotheque-admin\venv_admin\Lib\site-packages\django\template\loader.py", line 62, in render_to_string
    return template.render(context, request)
           ~~~~~~~~~~~~~~~^^^^^^^^^^^^^^^^^^
  File "C:\Users\T.SHIGARAKI\Desktop\Projet-Bibliotheque-daniel\Projet-Bibliotheque-daniel\Projet-bibliotheque-admin\venv_admin\Lib\site-packages\django\template\backends\django.py", line 109, in render
    reraise(exc, self.backend)
    ~~~~~~~^^^^^^^^^^^^^^^^^^^
  File "C:\Users\T.SHIGARAKI\Desktop\Projet-Bibliotheque-daniel\Projet-Bibliotheque-daniel\Projet-bibliotheque-admin\venv_admin\Lib\site-packages\django\template\backends\django.py", line 130, in reraise
    raise new from exc
django.template.exceptions.TemplateDoesNotExist: books/base.html
Notification count: total=2
Internal Server Error: /statistics/
Traceback (most recent call last):
  File "C:\Users\T.SHIGARAKI\Desktop\Projet-Bibliotheque-daniel\Projet-Bibliotheque-daniel\Projet-bibliotheque-admin\venv_admin\Lib\site-packages\django\template\backends\django.py", line 107, in render
    return self.template.render(context)
           ~~~~~~~~~~~~~~~~~~~~^^^^^^^^^
  File "C:\Users\T.SHIGARAKI\Desktop\Projet-Bibliotheque-daniel\Projet-Bibliotheque-daniel\Projet-bibliotheque-admin\venv_admin\Lib\site-packages\django\template\base.py", line 171, in render
    return self._render(context)
           ~~~~~~~~~~~~^^^^^^^^^
  File "C:\Users\T.SHIGARAKI\Desktop\Projet-Bibliotheque-daniel\Projet-Bibliotheque-daniel\Projet-bibliotheque-admin\venv_admin\Lib\site-packages\django\template\base.py", line 163, in _render
    return self.nodelist.render(context)
           ~~~~~~~~~~~~~~~~~~~~^^^^^^^^^
  File "C:\Users\T.SHIGARAKI\Desktop\Projet-Bibliotheque-daniel\Projet-Bibliotheque-daniel\Projet-bibliotheque-admin\venv_admin\Lib\site-packages\django\template\base.py", line 1016, in render
    return SafeString("".join([node.render_annotated(context) for node in self]))
                               ~~~~~~~~~~~~~~~~~~~~~^^^^^^^^^
  File "C:\Users\T.SHIGARAKI\Desktop\Projet-Bibliotheque-daniel\Projet-Bibliotheque-daniel\Projet-bibliotheque-admin\venv_admin\Lib\site-packages\django\template\base.py", line 977, in render_annotated
    return self.render(context)
           ~~~~~~~~~~~^^^^^^^^^
  File "C:\Users\T.SHIGARAKI\Desktop\Projet-Bibliotheque-daniel\Projet-Bibliotheque-daniel\Projet-bibliotheque-admin\venv_admin\Lib\site-packages\django\template\loader_tags.py", line 134, in render
    compiled_parent = self.get_parent(context)
  File "C:\Users\T.SHIGARAKI\Desktop\Projet-Bibliotheque-daniel\Projet-Bibliotheque-daniel\Projet-bibliotheque-admin\venv_admin\Lib\site-packages\django\template\loader_tags.py", line 131, in get_parent
    return self.find_template(parent, context)
           ~~~~~~~~~~~~~~~~~~^^^^^^^^^^^^^^^^^
  File "C:\Users\T.SHIGARAKI\Desktop\Projet-Bibliotheque-daniel\Projet-Bibliotheque-daniel\Projet-bibliotheque-admin\venv_admin\Lib\site-packages\django\template\loader_tags.py", line 109, in find_template
    template, origin = context.template.engine.find_template(
                       ~~~~~~~~~~~~~~~~~~~~~~~~~~~~~~~~~~~~~^
        template_name,
        ^^^^^^^^^^^^^^
        skip=history,
        ^^^^^^^^^^^^^
    )
    ^
  File "C:\Users\T.SHIGARAKI\Desktop\Projet-Bibliotheque-daniel\Projet-Bibliotheque-daniel\Projet-bibliotheque-admin\venv_admin\Lib\site-packages\django\template\engine.py", line 163, in find_template
    raise TemplateDoesNotExist(name, tried=tried)
django.template.exceptions.TemplateDoesNotExist: books/base.html

The above exception was the direct cause of the following exception:

Traceback (most recent call last):
  File "C:\Users\T.SHIGARAKI\Desktop\Projet-Bibliotheque-daniel\Projet-Bibliotheque-daniel\Projet-bibliotheque-admin\venv_admin\Lib\site-packages\django\core\handlers\exception.py", line 55, in inner
    response = get_response(request)
  File "C:\Users\T.SHIGARAKI\Desktop\Projet-Bibliotheque-daniel\Projet-Bibliotheque-daniel\Projet-bibliotheque-admin\venv_admin\Lib\site-packages\django\core\handlers\base.py", line 197, in _get_response
    response = wrapped_callback(request, *callback_args, **callback_kwargs)
  File "C:\Users\T.SHIGARAKI\Desktop\Projet-Bibliotheque-daniel\Projet-Bibliotheque-daniel\Projet-bibliotheque-admin\venv_admin\Lib\site-packages\django\contrib\auth\decorators.py", line 59, in _view_wrapper
    return view_func(request, *args, **kwargs)
  File "C:\Users\T.SHIGARAKI\Desktop\Projet-Bibliotheque-daniel\Projet-Bibliotheque-daniel\Projet-bibliotheque-admin\library_stats\views.py", line 58, in statistics
    return render(request, 'library_stats/statistics.html', context)
  File "C:\Users\T.SHIGARAKI\Desktop\Projet-Bibliotheque-daniel\Projet-Bibliotheque-daniel\Projet-bibliotheque-admin\venv_admin\Lib\site-packages\django\shortcuts.py", line 25, in render
    content = loader.render_to_string(template_name, context, request, using=using)
  File "C:\Users\T.SHIGARAKI\Desktop\Projet-Bibliotheque-daniel\Projet-Bibliotheque-daniel\Projet-bibliotheque-admin\venv_admin\Lib\site-packages\django\template\loader.py", line 62, in render_to_string
    return template.render(context, request)
           ~~~~~~~~~~~~~~~^^^^^^^^^^^^^^^^^^
  File "C:\Users\T.SHIGARAKI\Desktop\Projet-Bibliotheque-daniel\Projet-Bibliotheque-daniel\Projet-bibliotheque-admin\venv_admin\Lib\site-packages\django\template\backends\django.py", line 109, in render
    reraise(exc, self.backend)
    ~~~~~~~^^^^^^^^^^^^^^^^^^^
  File "C:\Users\T.SHIGARAKI\Desktop\Projet-Bibliotheque-daniel\Projet-Bibliotheque-daniel\Projet-bibliotheque-admin\venv_admin\Lib\site-packages\django\template\backends\django.py", line 130, in reraise
    raise new from exc
django.template.exceptions.TemplateDoesNotExist: books/base.html
Notification count: total=2
Login failed for username=esso.daniel001, errors=<ul class="errorlist"><li>__all__<ul class="errorlist nonfield"><li>Saisissez un nom d’utilisateur et un mot de passe valides. Remarquez que chacun de ces champs est sensible à la casse (différenciation des majuscules/minuscules).</li></ul></li></ul>, data=<QueryDict: {'csrfmiddlewaretoken': ['YnjUDEGfUpjC1D6E23Ip1LaVa6NnL97KvOm28pgsKtvYJWXPqTd5moV54kvGSqYo'], 'username': ['esso.daniel001'], 'password': ['05juin2006']}>
User logged in: esso.daniel001, first_login=True
Notification count: total=0
User logged in: esso.daniel001, first_login=False
Internal Server Error: /books/search/
Traceback (most recent call last):
  File "C:\Users\T.SHIGARAKI\Desktop\Projet-Bibliotheque-daniel\Projet-Bibliotheque-daniel\Projet-bibliotheque-admin\venv_admin\Lib\site-packages\django\db\models\sql\query.py", line 2234, in add_fields
    join_info = self.setup_joins(
        name.split(LOOKUP_SEP), opts, alias, allow_many=allow_m2m
    )
  File "C:\Users\T.SHIGARAKI\Desktop\Projet-Bibliotheque-daniel\Projet-Bibliotheque-daniel\Projet-bibliotheque-admin\venv_admin\Lib\site-packages\django\db\models\sql\query.py", line 1897, in setup_joins
    path, final_field, targets, rest = self.names_to_path(
                                       ~~~~~~~~~~~~~~~~~~^
        names[:pivot],
        ^^^^^^^^^^^^^^
    ...<2 lines>...
        fail_on_missing=True,
        ^^^^^^^^^^^^^^^^^^^^^
    )
    ^
  File "C:\Users\T.SHIGARAKI\Desktop\Projet-Bibliotheque-daniel\Projet-Bibliotheque-daniel\Projet-bibliotheque-admin\venv_admin\Lib\site-packages\django\db\models\sql\query.py", line 1802, in names_to_path
    raise FieldError(
    ...<2 lines>...
    )
django.core.exceptions.FieldError: Cannot resolve keyword 'book_id' into field. Choices are: added_at, content_object, content_type, content_type_id, id, object_id, user, user_id

During handling of the above exception, another exception occurred:

Traceback (most recent call last):
  File "C:\Users\T.SHIGARAKI\Desktop\Projet-Bibliotheque-daniel\Projet-Bibliotheque-daniel\Projet-bibliotheque-admin\venv_admin\Lib\site-packages\django\core\handlers\exception.py", line 55, in inner
    response = get_response(request)
  File "C:\Users\T.SHIGARAKI\Desktop\Projet-Bibliotheque-daniel\Projet-Bibliotheque-daniel\Projet-bibliotheque-admin\venv_admin\Lib\site-packages\django\core\handlers\base.py", line 197, in _get_response
    response = wrapped_callback(request, *callback_args, **callback_kwargs)
  File "C:\Users\T.SHIGARAKI\Desktop\Projet-Bibliotheque-daniel\Projet-Bibliotheque-daniel\Projet-bibliotheque-admin\venv_admin\Lib\site-packages\django\contrib\auth\decorators.py", line 59, in _view_wrapper
    return view_func(request, *args, **kwargs)
  File "C:\Users\T.SHIGARAKI\Desktop\Projet-Bibliotheque-daniel\Projet-Bibliotheque-daniel\Projet-bibliotheque-admin\books\views.py", line 213, in search_view
    favorite_ids = UserFavorite.objects.filter(user=request.user).values_list('book_id', flat=True)
  File "C:\Users\T.SHIGARAKI\Desktop\Projet-Bibliotheque-daniel\Projet-Bibliotheque-daniel\Projet-bibliotheque-admin\venv_admin\Lib\site-packages\django\db\models\query.py", line 1407, in values_list
    clone = self._values(*_fields, **expressions)
  File "C:\Users\T.SHIGARAKI\Desktop\Projet-Bibliotheque-daniel\Projet-Bibliotheque-daniel\Projet-bibliotheque-admin\venv_admin\Lib\site-packages\django\db\models\query.py", line 1361, in _values
    clone.query.set_values(fields)
    ~~~~~~~~~~~~~~~~~~~~~~^^^^^^^^
  File "C:\Users\T.SHIGARAKI\Desktop\Projet-Bibliotheque-daniel\Projet-Bibliotheque-daniel\Projet-bibliotheque-admin\venv_admin\Lib\site-packages\django\db\models\sql\query.py", line 2560, in set_values
    self.add_fields(field_names, True)
    ~~~~~~~~~~~~~~~^^^^^^^^^^^^^^^^^^^
  File "C:\Users\T.SHIGARAKI\Desktop\Projet-Bibliotheque-daniel\Projet-Bibliotheque-daniel\Projet-bibliotheque-admin\venv_admin\Lib\site-packages\django\db\models\sql\query.py", line 2262, in add_fields
    raise FieldError(
    ...<2 lines>...
    )
django.core.exceptions.FieldError: Cannot resolve keyword 'book_id' into field. Choices are: added_at, content_object, content_type, content_type_id, id, object_id, user, user_id
Internal Server Error: /books/search/
Traceback (most recent call last):
  File "C:\Users\T.SHIGARAKI\Desktop\Projet-Bibliotheque-daniel\Projet-Bibliotheque-daniel\Projet-bibliotheque-admin\venv_admin\Lib\site-packages\django\db\models\sql\query.py", line 2234, in add_fields
    join_info = self.setup_joins(
        name.split(LOOKUP_SEP), opts, alias, allow_many=allow_m2m
    )
  File "C:\Users\T.SHIGARAKI\Desktop\Projet-Bibliotheque-daniel\Projet-Bibliotheque-daniel\Projet-bibliotheque-admin\venv_admin\Lib\site-packages\django\db\models\sql\query.py", line 1897, in setup_joins
    path, final_field, targets, rest = self.names_to_path(
                                       ~~~~~~~~~~~~~~~~~~^
        names[:pivot],
        ^^^^^^^^^^^^^^
    ...<2 lines>...
        fail_on_missing=True,
        ^^^^^^^^^^^^^^^^^^^^^
    )
    ^
  File "C:\Users\T.SHIGARAKI\Desktop\Projet-Bibliotheque-daniel\Projet-Bibliotheque-daniel\Projet-bibliotheque-admin\venv_admin\Lib\site-packages\django\db\models\sql\query.py", line 1802, in names_to_path
    raise FieldError(
    ...<2 lines>...
    )
django.core.exceptions.FieldError: Cannot resolve keyword 'book_id' into field. Choices are: added_at, content_object, content_type, content_type_id, id, object_id, user, user_id

During handling of the above exception, another exception occurred:

Traceback (most recent call last):
  File "C:\Users\T.SHIGARAKI\Desktop\Projet-Bibliotheque-daniel\Projet-Bibliotheque-daniel\Projet-bibliotheque-admin\venv_admin\Lib\site-packages\django\core\handlers\exception.py", line 55, in inner
    response = get_response(request)
  File "C:\Users\T.SHIGARAKI\Desktop\Projet-Bibliotheque-daniel\Projet-Bibliotheque-daniel\Projet-bibliotheque-admin\venv_admin\Lib\site-packages\django\core\handlers\base.py", line 197, in _get_response
    response = wrapped_callback(request, *callback_args, **callback_kwargs)
  File "C:\Users\T.SHIGARAKI\Desktop\Projet-Bibliotheque-daniel\Projet-Bibliotheque-daniel\Projet-bibliotheque-admin\venv_admin\Lib\site-packages\django\contrib\auth\decorators.py", line 59, in _view_wrapper
    return view_func(request, *args, **kwargs)
  File "C:\Users\T.SHIGARAKI\Desktop\Projet-Bibliotheque-daniel\Projet-Bibliotheque-daniel\Projet-bibliotheque-admin\books\views.py", line 213, in search_view
    favorite_ids = UserFavorite.objects.filter(user=request.user).values_list('book_id', flat=True)
  File "C:\Users\T.SHIGARAKI\Desktop\Projet-Bibliotheque-daniel\Projet-Bibliotheque-daniel\Projet-bibliotheque-admin\venv_admin\Lib\site-packages\django\db\models\query.py", line 1407, in values_list
    clone = self._values(*_fields, **expressions)
  File "C:\Users\T.SHIGARAKI\Desktop\Projet-Bibliotheque-daniel\Projet-Bibliotheque-daniel\Projet-bibliotheque-admin\venv_admin\Lib\site-packages\django\db\models\query.py", line 1361, in _values
    clone.query.set_values(fields)
    ~~~~~~~~~~~~~~~~~~~~~~^^^^^^^^
  File "C:\Users\T.SHIGARAKI\Desktop\Projet-Bibliotheque-daniel\Projet-Bibliotheque-daniel\Projet-bibliotheque-admin\venv_admin\Lib\site-packages\django\db\models\sql\query.py", line 2560, in set_values
    self.add_fields(field_names, True)
    ~~~~~~~~~~~~~~~^^^^^^^^^^^^^^^^^^^
  File "C:\Users\T.SHIGARAKI\Desktop\Projet-Bibliotheque-daniel\Projet-Bibliotheque-daniel\Projet-bibliotheque-admin\venv_admin\Lib\site-packages\django\db\models\sql\query.py", line 2262, in add_fields
    raise FieldError(
    ...<2 lines>...
    )
django.core.exceptions.FieldError: Cannot resolve keyword 'book_id' into field. Choices are: added_at, content_object, content_type, content_type_id, id, object_id, user, user_id
Internal Server Error: /books/documents/
Traceback (most recent call last):
  File "C:\Users\T.SHIGARAKI\Desktop\Projet-Bibliotheque-daniel\Projet-Bibliotheque-daniel\Projet-bibliotheque-admin\venv_admin\Lib\site-packages\django\db\models\sql\query.py", line 2234, in add_fields
    join_info = self.setup_joins(
        name.split(LOOKUP_SEP), opts, alias, allow_many=allow_m2m
    )
  File "C:\Users\T.SHIGARAKI\Desktop\Projet-Bibliotheque-daniel\Projet-Bibliotheque-daniel\Projet-bibliotheque-admin\venv_admin\Lib\site-packages\django\db\models\sql\query.py", line 1897, in setup_joins
    path, final_field, targets, rest = self.names_to_path(
                                       ~~~~~~~~~~~~~~~~~~^
        names[:pivot],
        ^^^^^^^^^^^^^^
    ...<2 lines>...
        fail_on_missing=True,
        ^^^^^^^^^^^^^^^^^^^^^
    )
    ^
  File "C:\Users\T.SHIGARAKI\Desktop\Projet-Bibliotheque-daniel\Projet-Bibliotheque-daniel\Projet-bibliotheque-admin\venv_admin\Lib\site-packages\django\db\models\sql\query.py", line 1802, in names_to_path
    raise FieldError(
    ...<2 lines>...
    )
django.core.exceptions.FieldError: Cannot resolve keyword 'book_id' into field. Choices are: added_at, content_object, content_type, content_type_id, id, object_id, user, user_id

During handling of the above exception, another exception occurred:

Traceback (most recent call last):
  File "C:\Users\T.SHIGARAKI\Desktop\Projet-Bibliotheque-daniel\Projet-Bibliotheque-daniel\Projet-bibliotheque-admin\venv_admin\Lib\site-packages\django\core\handlers\exception.py", line 55, in inner
    response = get_response(request)
  File "C:\Users\T.SHIGARAKI\Desktop\Projet-Bibliotheque-daniel\Projet-Bibliotheque-daniel\Projet-bibliotheque-admin\venv_admin\Lib\site-packages\django\core\handlers\base.py", line 197, in _get_response
    response = wrapped_callback(request, *callback_args, **callback_kwargs)
  File "C:\Users\T.SHIGARAKI\Desktop\Projet-Bibliotheque-daniel\Projet-Bibliotheque-daniel\Projet-bibliotheque-admin\venv_admin\Lib\site-packages\django\contrib\auth\decorators.py", line 59, in _view_wrapper
    return view_func(request, *args, **kwargs)
  File "C:\Users\T.SHIGARAKI\Desktop\Projet-Bibliotheque-daniel\Projet-Bibliotheque-daniel\Projet-bibliotheque-admin\books\views.py", line 272, in documents_view
    favorite_ids = UserFavorite.objects.filter(user=request.user).values_list('book_id', flat=True)
  File "C:\Users\T.SHIGARAKI\Desktop\Projet-Bibliotheque-daniel\Projet-Bibliotheque-daniel\Projet-bibliotheque-admin\venv_admin\Lib\site-packages\django\db\models\query.py", line 1407, in values_list
    clone = self._values(*_fields, **expressions)
  File "C:\Users\T.SHIGARAKI\Desktop\Projet-Bibliotheque-daniel\Projet-Bibliotheque-daniel\Projet-bibliotheque-admin\venv_admin\Lib\site-packages\django\db\models\query.py", line 1361, in _values
    clone.query.set_values(fields)
    ~~~~~~~~~~~~~~~~~~~~~~^^^^^^^^
  File "C:\Users\T.SHIGARAKI\Desktop\Projet-Bibliotheque-daniel\Projet-Bibliotheque-daniel\Projet-bibliotheque-admin\venv_admin\Lib\site-packages\django\db\models\sql\query.py", line 2560, in set_values
    self.add_fields(field_names, True)
    ~~~~~~~~~~~~~~~^^^^^^^^^^^^^^^^^^^
  File "C:\Users\T.SHIGARAKI\Desktop\Projet-Bibliotheque-daniel\Projet-Bibliotheque-daniel\Projet-bibliotheque-admin\venv_admin\Lib\site-packages\django\db\models\sql\query.py", line 2262, in add_fields
    raise FieldError(
    ...<2 lines>...
    )
django.core.exceptions.FieldError: Cannot resolve keyword 'book_id' into field. Choices are: added_at, content_object, content_type, content_type_id, id, object_id, user, user_id
Internal Server Error: /books/documents/
Traceback (most recent call last):
  File "C:\Users\T.SHIGARAKI\Desktop\Projet-Bibliotheque-daniel\Projet-Bibliotheque-daniel\Projet-bibliotheque-admin\venv_admin\Lib\site-packages\django\db\models\sql\query.py", line 2234, in add_fields
    join_info = self.setup_joins(
        name.split(LOOKUP_SEP), opts, alias, allow_many=allow_m2m
    )
  File "C:\Users\T.SHIGARAKI\Desktop\Projet-Bibliotheque-daniel\Projet-Bibliotheque-daniel\Projet-bibliotheque-admin\venv_admin\Lib\site-packages\django\db\models\sql\query.py", line 1897, in setup_joins
    path, final_field, targets, rest = self.names_to_path(
                                       ~~~~~~~~~~~~~~~~~~^
        names[:pivot],
        ^^^^^^^^^^^^^^
    ...<2 lines>...
        fail_on_missing=True,
        ^^^^^^^^^^^^^^^^^^^^^
    )
    ^
  File "C:\Users\T.SHIGARAKI\Desktop\Projet-Bibliotheque-daniel\Projet-Bibliotheque-daniel\Projet-bibliotheque-admin\venv_admin\Lib\site-packages\django\db\models\sql\query.py", line 1802, in names_to_path
    raise FieldError(
    ...<2 lines>...
    )
django.core.exceptions.FieldError: Cannot resolve keyword 'book_id' into field. Choices are: added_at, content_object, content_type, content_type_id, id, object_id, user, user_id

During handling of the above exception, another exception occurred:

Traceback (most recent call last):
  File "C:\Users\T.SHIGARAKI\Desktop\Projet-Bibliotheque-daniel\Projet-Bibliotheque-daniel\Projet-bibliotheque-admin\venv_admin\Lib\site-packages\django\core\handlers\exception.py", line 55, in inner
    response = get_response(request)
  File "C:\Users\T.SHIGARAKI\Desktop\Projet-Bibliotheque-daniel\Projet-Bibliotheque-daniel\Projet-bibliotheque-admin\venv_admin\Lib\site-packages\django\core\handlers\base.py", line 197, in _get_response
    response = wrapped_callback(request, *callback_args, **callback_kwargs)
  File "C:\Users\T.SHIGARAKI\Desktop\Projet-Bibliotheque-daniel\Projet-Bibliotheque-daniel\Projet-bibliotheque-admin\venv_admin\Lib\site-packages\django\contrib\auth\decorators.py", line 59, in _view_wrapper
    return view_func(request, *args, **kwargs)
  File "C:\Users\T.SHIGARAKI\Desktop\Projet-Bibliotheque-daniel\Projet-Bibliotheque-daniel\Projet-bibliotheque-admin\books\views.py", line 272, in documents_view
    favorite_ids = UserFavorite.objects.filter(user=request.user).values_list('book_id', flat=True)
  File "C:\Users\T.SHIGARAKI\Desktop\Projet-Bibliotheque-daniel\Projet-Bibliotheque-daniel\Projet-bibliotheque-admin\venv_admin\Lib\site-packages\django\db\models\query.py", line 1407, in values_list
    clone = self._values(*_fields, **expressions)
  File "C:\Users\T.SHIGARAKI\Desktop\Projet-Bibliotheque-daniel\Projet-Bibliotheque-daniel\Projet-bibliotheque-admin\venv_admin\Lib\site-packages\django\db\models\query.py", line 1361, in _values
    clone.query.set_values(fields)
    ~~~~~~~~~~~~~~~~~~~~~~^^^^^^^^
  File "C:\Users\T.SHIGARAKI\Desktop\Projet-Bibliotheque-daniel\Projet-Bibliotheque-daniel\Projet-bibliotheque-admin\venv_admin\Lib\site-packages\django\db\models\sql\query.py", line 2560, in set_values
    self.add_fields(field_names, True)
    ~~~~~~~~~~~~~~~^^^^^^^^^^^^^^^^^^^
  File "C:\Users\T.SHIGARAKI\Desktop\Projet-Bibliotheque-daniel\Projet-Bibliotheque-daniel\Projet-bibliotheque-admin\venv_admin\Lib\site-packages\django\db\models\sql\query.py", line 2262, in add_fields
    raise FieldError(
    ...<2 lines>...
    )
django.core.exceptions.FieldError: Cannot resolve keyword 'book_id' into field. Choices are: added_at, content_object, content_type, content_type_id, id, object_id, user, user_id
Internal Server Error: /books/favorites/
Traceback (most recent call last):
  File "C:\Users\T.SHIGARAKI\Desktop\Projet-Bibliotheque-daniel\Projet-Bibliotheque-daniel\Projet-bibliotheque-admin\venv_admin\Lib\site-packages\django\core\handlers\exception.py", line 55, in inner
    response = get_response(request)
  File "C:\Users\T.SHIGARAKI\Desktop\Projet-Bibliotheque-daniel\Projet-Bibliotheque-daniel\Projet-bibliotheque-admin\venv_admin\Lib\site-packages\django\core\handlers\base.py", line 197, in _get_response
    response = wrapped_callback(request, *callback_args, **callback_kwargs)
  File "C:\Users\T.SHIGARAKI\Desktop\Projet-Bibliotheque-daniel\Projet-Bibliotheque-daniel\Projet-bibliotheque-admin\venv_admin\Lib\site-packages\django\contrib\auth\decorators.py", line 59, in _view_wrapper
    return view_func(request, *args, **kwargs)
  File "C:\Users\T.SHIGARAKI\Desktop\Projet-Bibliotheque-daniel\Projet-Bibliotheque-daniel\Projet-bibliotheque-admin\books\views.py", line 291, in favorites_view
    favorite_books = Book.objects.filter(favorited_by__user=request.user)
  File "C:\Users\T.SHIGARAKI\Desktop\Projet-Bibliotheque-daniel\Projet-Bibliotheque-daniel\Projet-bibliotheque-admin\venv_admin\Lib\site-packages\django\db\models\manager.py", line 87, in manager_method
    return getattr(self.get_queryset(), name)(*args, **kwargs)
           ~~~~~~~~~~~~~~~~~~~~~~~~~~~~~~~~~~^^^^^^^^^^^^^^^^^
  File "C:\Users\T.SHIGARAKI\Desktop\Projet-Bibliotheque-daniel\Projet-Bibliotheque-daniel\Projet-bibliotheque-admin\venv_admin\Lib\site-packages\django\db\models\query.py", line 1491, in filter
    return self._filter_or_exclude(False, args, kwargs)
           ~~~~~~~~~~~~~~~~~~~~~~~^^^^^^^^^^^^^^^^^^^^^
  File "C:\Users\T.SHIGARAKI\Desktop\Projet-Bibliotheque-daniel\Projet-Bibliotheque-daniel\Projet-bibliotheque-admin\venv_admin\Lib\site-packages\django\db\models\query.py", line 1509, in _filter_or_exclude
    clone._filter_or_exclude_inplace(negate, args, kwargs)
    ~~~~~~~~~~~~~~~~~~~~~~~~~~~~~~~~^^^^^^^^^^^^^^^^^^^^^^
  File "C:\Users\T.SHIGARAKI\Desktop\Projet-Bibliotheque-daniel\Projet-Bibliotheque-daniel\Projet-bibliotheque-admin\venv_admin\Lib\site-packages\django\db\models\query.py", line 1516, in _filter_or_exclude_inplace
    self._query.add_q(Q(*args, **kwargs))
    ~~~~~~~~~~~~~~~~~^^^^^^^^^^^^^^^^^^^^
  File "C:\Users\T.SHIGARAKI\Desktop\Projet-Bibliotheque-daniel\Projet-Bibliotheque-daniel\Projet-bibliotheque-admin\venv_admin\Lib\site-packages\django\db\models\sql\query.py", line 1643, in add_q
    clause, _ = self._add_q(q_object, can_reuse)
                ~~~~~~~~~~~^^^^^^^^^^^^^^^^^^^^^
  File "C:\Users\T.SHIGARAKI\Desktop\Projet-Bibliotheque-daniel\Projet-Bibliotheque-daniel\Projet-bibliotheque-admin\venv_admin\Lib\site-packages\django\db\models\sql\query.py", line 1675, in _add_q
    child_clause, needed_inner = self.build_filter(
                                 ~~~~~~~~~~~~~~~~~^
        child,
        ^^^^^^
    ...<7 lines>...
        update_join_types=update_join_types,
        ^^^^^^^^^^^^^^^^^^^^^^^^^^^^^^^^^^^^
    )
    ^
  File "C:\Users\T.SHIGARAKI\Desktop\Projet-Bibliotheque-daniel\Projet-Bibliotheque-daniel\Projet-bibliotheque-admin\venv_admin\Lib\site-packages\django\db\models\sql\query.py", line 1523, in build_filter
    lookups, parts, reffed_expression = self.solve_lookup_type(arg, summarize)
                                        ~~~~~~~~~~~~~~~~~~~~~~^^^^^^^^^^^^^^^^
  File "C:\Users\T.SHIGARAKI\Desktop\Projet-Bibliotheque-daniel\Projet-Bibliotheque-daniel\Projet-bibliotheque-admin\venv_admin\Lib\site-packages\django\db\models\sql\query.py", line 1330, in solve_lookup_type
    _, field, _, lookup_parts = self.names_to_path(lookup_splitted, self.get_meta())
                                ~~~~~~~~~~~~~~~~~~^^^^^^^^^^^^^^^^^^^^^^^^^^^^^^^^^^
  File "C:\Users\T.SHIGARAKI\Desktop\Projet-Bibliotheque-daniel\Projet-Bibliotheque-daniel\Projet-bibliotheque-admin\venv_admin\Lib\site-packages\django\db\models\sql\query.py", line 1802, in names_to_path
    raise FieldError(
    ...<2 lines>...
    )
django.core.exceptions.FieldError: Cannot resolve keyword 'favorited_by' into field. Choices are: author, category, cover_image, created_at, ebook_file, id, isbn, publication_date, title, updated_at
Internal Server Error: /books/search/
Traceback (most recent call last):
  File "C:\Users\T.SHIGARAKI\Desktop\Projet-Bibliotheque-daniel\Projet-Bibliotheque-daniel\Projet-bibliotheque-admin\venv_admin\Lib\site-packages\django\db\models\sql\query.py", line 2234, in add_fields
    join_info = self.setup_joins(
        name.split(LOOKUP_SEP), opts, alias, allow_many=allow_m2m
    )
  File "C:\Users\T.SHIGARAKI\Desktop\Projet-Bibliotheque-daniel\Projet-Bibliotheque-daniel\Projet-bibliotheque-admin\venv_admin\Lib\site-packages\django\db\models\sql\query.py", line 1897, in setup_joins
    path, final_field, targets, rest = self.names_to_path(
                                       ~~~~~~~~~~~~~~~~~~^
        names[:pivot],
        ^^^^^^^^^^^^^^
    ...<2 lines>...
        fail_on_missing=True,
        ^^^^^^^^^^^^^^^^^^^^^
    )
    ^
  File "C:\Users\T.SHIGARAKI\Desktop\Projet-Bibliotheque-daniel\Projet-Bibliotheque-daniel\Projet-bibliotheque-admin\venv_admin\Lib\site-packages\django\db\models\sql\query.py", line 1802, in names_to_path
    raise FieldError(
    ...<2 lines>...
    )
django.core.exceptions.FieldError: Cannot resolve keyword 'book_id' into field. Choices are: added_at, content_object, content_type, content_type_id, id, object_id, user, user_id

During handling of the above exception, another exception occurred:

Traceback (most recent call last):
  File "C:\Users\T.SHIGARAKI\Desktop\Projet-Bibliotheque-daniel\Projet-Bibliotheque-daniel\Projet-bibliotheque-admin\venv_admin\Lib\site-packages\django\core\handlers\exception.py", line 55, in inner
    response = get_response(request)
  File "C:\Users\T.SHIGARAKI\Desktop\Projet-Bibliotheque-daniel\Projet-Bibliotheque-daniel\Projet-bibliotheque-admin\venv_admin\Lib\site-packages\django\core\handlers\base.py", line 197, in _get_response
    response = wrapped_callback(request, *callback_args, **callback_kwargs)
  File "C:\Users\T.SHIGARAKI\Desktop\Projet-Bibliotheque-daniel\Projet-Bibliotheque-daniel\Projet-bibliotheque-admin\venv_admin\Lib\site-packages\django\contrib\auth\decorators.py", line 59, in _view_wrapper
    return view_func(request, *args, **kwargs)
  File "C:\Users\T.SHIGARAKI\Desktop\Projet-Bibliotheque-daniel\Projet-Bibliotheque-daniel\Projet-bibliotheque-admin\books\views.py", line 213, in search_view
    favorite_ids = UserFavorite.objects.filter(user=request.user).values_list('book_id', flat=True)
  File "C:\Users\T.SHIGARAKI\Desktop\Projet-Bibliotheque-daniel\Projet-Bibliotheque-daniel\Projet-bibliotheque-admin\venv_admin\Lib\site-packages\django\db\models\query.py", line 1407, in values_list
    clone = self._values(*_fields, **expressions)
  File "C:\Users\T.SHIGARAKI\Desktop\Projet-Bibliotheque-daniel\Projet-Bibliotheque-daniel\Projet-bibliotheque-admin\venv_admin\Lib\site-packages\django\db\models\query.py", line 1361, in _values
    clone.query.set_values(fields)
    ~~~~~~~~~~~~~~~~~~~~~~^^^^^^^^
  File "C:\Users\T.SHIGARAKI\Desktop\Projet-Bibliotheque-daniel\Projet-Bibliotheque-daniel\Projet-bibliotheque-admin\venv_admin\Lib\site-packages\django\db\models\sql\query.py", line 2560, in set_values
    self.add_fields(field_names, True)
    ~~~~~~~~~~~~~~~^^^^^^^^^^^^^^^^^^^
  File "C:\Users\T.SHIGARAKI\Desktop\Projet-Bibliotheque-daniel\Projet-Bibliotheque-daniel\Projet-bibliotheque-admin\venv_admin\Lib\site-packages\django\db\models\sql\query.py", line 2262, in add_fields
    raise FieldError(
    ...<2 lines>...
    )
django.core.exceptions.FieldError: Cannot resolve keyword 'book_id' into field. Choices are: added_at, content_object, content_type, content_type_id, id, object_id, user, user_id
Internal Server Error: /books/documents/
Traceback (most recent call last):
  File "C:\Users\T.SHIGARAKI\Desktop\Projet-Bibliotheque-daniel\Projet-Bibliotheque-daniel\Projet-bibliotheque-admin\venv_admin\Lib\site-packages\django\db\models\sql\query.py", line 2234, in add_fields
    join_info = self.setup_joins(
        name.split(LOOKUP_SEP), opts, alias, allow_many=allow_m2m
    )
  File "C:\Users\T.SHIGARAKI\Desktop\Projet-Bibliotheque-daniel\Projet-Bibliotheque-daniel\Projet-bibliotheque-admin\venv_admin\Lib\site-packages\django\db\models\sql\query.py", line 1897, in setup_joins
    path, final_field, targets, rest = self.names_to_path(
                                       ~~~~~~~~~~~~~~~~~~^
        names[:pivot],
        ^^^^^^^^^^^^^^
    ...<2 lines>...
        fail_on_missing=True,
        ^^^^^^^^^^^^^^^^^^^^^
    )
    ^
  File "C:\Users\T.SHIGARAKI\Desktop\Projet-Bibliotheque-daniel\Projet-Bibliotheque-daniel\Projet-bibliotheque-admin\venv_admin\Lib\site-packages\django\db\models\sql\query.py", line 1802, in names_to_path
    raise FieldError(
    ...<2 lines>...
    )
django.core.exceptions.FieldError: Cannot resolve keyword 'book_id' into field. Choices are: added_at, content_object, content_type, content_type_id, id, object_id, user, user_id

During handling of the above exception, another exception occurred:

Traceback (most recent call last):
  File "C:\Users\T.SHIGARAKI\Desktop\Projet-Bibliotheque-daniel\Projet-Bibliotheque-daniel\Projet-bibliotheque-admin\venv_admin\Lib\site-packages\django\core\handlers\exception.py", line 55, in inner
    response = get_response(request)
  File "C:\Users\T.SHIGARAKI\Desktop\Projet-Bibliotheque-daniel\Projet-Bibliotheque-daniel\Projet-bibliotheque-admin\venv_admin\Lib\site-packages\django\core\handlers\base.py", line 197, in _get_response
    response = wrapped_callback(request, *callback_args, **callback_kwargs)
  File "C:\Users\T.SHIGARAKI\Desktop\Projet-Bibliotheque-daniel\Projet-Bibliotheque-daniel\Projet-bibliotheque-admin\venv_admin\Lib\site-packages\django\contrib\auth\decorators.py", line 59, in _view_wrapper
    return view_func(request, *args, **kwargs)
  File "C:\Users\T.SHIGARAKI\Desktop\Projet-Bibliotheque-daniel\Projet-Bibliotheque-daniel\Projet-bibliotheque-admin\books\views.py", line 272, in documents_view
    favorite_ids = UserFavorite.objects.filter(user=request.user).values_list('book_id', flat=True)
  File "C:\Users\T.SHIGARAKI\Desktop\Projet-Bibliotheque-daniel\Projet-Bibliotheque-daniel\Projet-bibliotheque-admin\venv_admin\Lib\site-packages\django\db\models\query.py", line 1407, in values_list
    clone = self._values(*_fields, **expressions)
  File "C:\Users\T.SHIGARAKI\Desktop\Projet-Bibliotheque-daniel\Projet-Bibliotheque-daniel\Projet-bibliotheque-admin\venv_admin\Lib\site-packages\django\db\models\query.py", line 1361, in _values
    clone.query.set_values(fields)
    ~~~~~~~~~~~~~~~~~~~~~~^^^^^^^^
  File "C:\Users\T.SHIGARAKI\Desktop\Projet-Bibliotheque-daniel\Projet-Bibliotheque-daniel\Projet-bibliotheque-admin\venv_admin\Lib\site-packages\django\db\models\sql\query.py", line 2560, in set_values
    self.add_fields(field_names, True)
    ~~~~~~~~~~~~~~~^^^^^^^^^^^^^^^^^^^
  File "C:\Users\T.SHIGARAKI\Desktop\Projet-Bibliotheque-daniel\Projet-Bibliotheque-daniel\Projet-bibliotheque-admin\venv_admin\Lib\site-packages\django\db\models\sql\query.py", line 2262, in add_fields
    raise FieldError(
    ...<2 lines>...
    )
django.core.exceptions.FieldError: Cannot resolve keyword 'book_id' into field. Choices are: added_at, content_object, content_type, content_type_id, id, object_id, user, user_id
Internal Server Error: /books/favorites/
Traceback (most recent call last):
  File "C:\Users\T.SHIGARAKI\Desktop\Projet-Bibliotheque-daniel\Projet-Bibliotheque-daniel\Projet-bibliotheque-admin\venv_admin\Lib\site-packages\django\core\handlers\exception.py", line 55, in inner
    response = get_response(request)
  File "C:\Users\T.SHIGARAKI\Desktop\Projet-Bibliotheque-daniel\Projet-Bibliotheque-daniel\Projet-bibliotheque-admin\venv_admin\Lib\site-packages\django\core\handlers\base.py", line 197, in _get_response
    response = wrapped_callback(request, *callback_args, **callback_kwargs)
  File "C:\Users\T.SHIGARAKI\Desktop\Projet-Bibliotheque-daniel\Projet-Bibliotheque-daniel\Projet-bibliotheque-admin\venv_admin\Lib\site-packages\django\contrib\auth\decorators.py", line 59, in _view_wrapper
    return view_func(request, *args, **kwargs)
  File "C:\Users\T.SHIGARAKI\Desktop\Projet-Bibliotheque-daniel\Projet-Bibliotheque-daniel\Projet-bibliotheque-admin\books\views.py", line 291, in favorites_view
    favorite_books = Book.objects.filter(favorited_by__user=request.user)
  File "C:\Users\T.SHIGARAKI\Desktop\Projet-Bibliotheque-daniel\Projet-Bibliotheque-daniel\Projet-bibliotheque-admin\venv_admin\Lib\site-packages\django\db\models\manager.py", line 87, in manager_method
    return getattr(self.get_queryset(), name)(*args, **kwargs)
           ~~~~~~~~~~~~~~~~~~~~~~~~~~~~~~~~~~^^^^^^^^^^^^^^^^^
  File "C:\Users\T.SHIGARAKI\Desktop\Projet-Bibliotheque-daniel\Projet-Bibliotheque-daniel\Projet-bibliotheque-admin\venv_admin\Lib\site-packages\django\db\models\query.py", line 1491, in filter
    return self._filter_or_exclude(False, args, kwargs)
           ~~~~~~~~~~~~~~~~~~~~~~~^^^^^^^^^^^^^^^^^^^^^
  File "C:\Users\T.SHIGARAKI\Desktop\Projet-Bibliotheque-daniel\Projet-Bibliotheque-daniel\Projet-bibliotheque-admin\venv_admin\Lib\site-packages\django\db\models\query.py", line 1509, in _filter_or_exclude
    clone._filter_or_exclude_inplace(negate, args, kwargs)
    ~~~~~~~~~~~~~~~~~~~~~~~~~~~~~~~~^^^^^^^^^^^^^^^^^^^^^^
  File "C:\Users\T.SHIGARAKI\Desktop\Projet-Bibliotheque-daniel\Projet-Bibliotheque-daniel\Projet-bibliotheque-admin\venv_admin\Lib\site-packages\django\db\models\query.py", line 1516, in _filter_or_exclude_inplace
    self._query.add_q(Q(*args, **kwargs))
    ~~~~~~~~~~~~~~~~~^^^^^^^^^^^^^^^^^^^^
  File "C:\Users\T.SHIGARAKI\Desktop\Projet-Bibliotheque-daniel\Projet-Bibliotheque-daniel\Projet-bibliotheque-admin\venv_admin\Lib\site-packages\django\db\models\sql\query.py", line 1643, in add_q
    clause, _ = self._add_q(q_object, can_reuse)
                ~~~~~~~~~~~^^^^^^^^^^^^^^^^^^^^^
  File "C:\Users\T.SHIGARAKI\Desktop\Projet-Bibliotheque-daniel\Projet-Bibliotheque-daniel\Projet-bibliotheque-admin\venv_admin\Lib\site-packages\django\db\models\sql\query.py", line 1675, in _add_q
    child_clause, needed_inner = self.build_filter(
                                 ~~~~~~~~~~~~~~~~~^
        child,
        ^^^^^^
    ...<7 lines>...
        update_join_types=update_join_types,
        ^^^^^^^^^^^^^^^^^^^^^^^^^^^^^^^^^^^^
    )
    ^
  File "C:\Users\T.SHIGARAKI\Desktop\Projet-Bibliotheque-daniel\Projet-Bibliotheque-daniel\Projet-bibliotheque-admin\venv_admin\Lib\site-packages\django\db\models\sql\query.py", line 1523, in build_filter
    lookups, parts, reffed_expression = self.solve_lookup_type(arg, summarize)
                                        ~~~~~~~~~~~~~~~~~~~~~~^^^^^^^^^^^^^^^^
  File "C:\Users\T.SHIGARAKI\Desktop\Projet-Bibliotheque-daniel\Projet-Bibliotheque-daniel\Projet-bibliotheque-admin\venv_admin\Lib\site-packages\django\db\models\sql\query.py", line 1330, in solve_lookup_type
    _, field, _, lookup_parts = self.names_to_path(lookup_splitted, self.get_meta())
                                ~~~~~~~~~~~~~~~~~~^^^^^^^^^^^^^^^^^^^^^^^^^^^^^^^^^^
  File "C:\Users\T.SHIGARAKI\Desktop\Projet-Bibliotheque-daniel\Projet-Bibliotheque-daniel\Projet-bibliotheque-admin\venv_admin\Lib\site-packages\django\db\models\sql\query.py", line 1802, in names_to_path
    raise FieldError(
    ...<2 lines>...
    )
django.core.exceptions.FieldError: Cannot resolve keyword 'favorited_by' into field. Choices are: author, category, cover_image, created_at, ebook_file, id, isbn, publication_date, title, updated_at
User logged in: esso.daniel001, first_login=False
Internal Server Error: /books/search/
Traceback (most recent call last):
  File "C:\Users\T.SHIGARAKI\Desktop\Projet-Bibliotheque-daniel\Projet-Bibliotheque-daniel\Projet-bibliotheque-admin\venv_admin\Lib\site-packages\django\db\models\sql\query.py", line 2234, in add_fields
    join_info = self.setup_joins(
        name.split(LOOKUP_SEP), opts, alias, allow_many=allow_m2m
    )
  File "C:\Users\T.SHIGARAKI\Desktop\Projet-Bibliotheque-daniel\Projet-Bibliotheque-daniel\Projet-bibliotheque-admin\venv_admin\Lib\site-packages\django\db\models\sql\query.py", line 1897, in setup_joins
    path, final_field, targets, rest = self.names_to_path(
                                       ~~~~~~~~~~~~~~~~~~^
        names[:pivot],
        ^^^^^^^^^^^^^^
    ...<2 lines>...
        fail_on_missing=True,
        ^^^^^^^^^^^^^^^^^^^^^
    )
    ^
  File "C:\Users\T.SHIGARAKI\Desktop\Projet-Bibliotheque-daniel\Projet-Bibliotheque-daniel\Projet-bibliotheque-admin\venv_admin\Lib\site-packages\django\db\models\sql\query.py", line 1802, in names_to_path
    raise FieldError(
    ...<2 lines>...
    )
django.core.exceptions.FieldError: Cannot resolve keyword 'book_id' into field. Choices are: added_at, content_object, content_type, content_type_id, id, object_id, user, user_id

During handling of the above exception, another exception occurred:

Traceback (most recent call last):
  File "C:\Users\T.SHIGARAKI\Desktop\Projet-Bibliotheque-daniel\Projet-Bibliotheque-daniel\Projet-bibliotheque-admin\venv_admin\Lib\site-packages\django\core\handlers\exception.py", line 55, in inner
    response = get_response(request)
  File "C:\Users\T.SHIGARAKI\Desktop\Projet-Bibliotheque-daniel\Projet-Bibliotheque-daniel\Projet-bibliotheque-admin\venv_admin\Lib\site-packages\django\core\handlers\base.py", line 197, in _get_response
    response = wrapped_callback(request, *callback_args, **callback_kwargs)
  File "C:\Users\T.SHIGARAKI\Desktop\Projet-Bibliotheque-daniel\Projet-Bibliotheque-daniel\Projet-bibliotheque-admin\venv_admin\Lib\site-packages\django\contrib\auth\decorators.py", line 59, in _view_wrapper
    return view_func(request, *args, **kwargs)
  File "C:\Users\T.SHIGARAKI\Desktop\Projet-Bibliotheque-daniel\Projet-Bibliotheque-daniel\Projet-bibliotheque-admin\books\views.py", line 213, in search_view
    favorite_ids = UserFavorite.objects.filter(user=request.user).values_list('book_id', flat=True)
  File "C:\Users\T.SHIGARAKI\Desktop\Projet-Bibliotheque-daniel\Projet-Bibliotheque-daniel\Projet-bibliotheque-admin\venv_admin\Lib\site-packages\django\db\models\query.py", line 1407, in values_list
    clone = self._values(*_fields, **expressions)
  File "C:\Users\T.SHIGARAKI\Desktop\Projet-Bibliotheque-daniel\Projet-Bibliotheque-daniel\Projet-bibliotheque-admin\venv_admin\Lib\site-packages\django\db\models\query.py", line 1361, in _values
    clone.query.set_values(fields)
    ~~~~~~~~~~~~~~~~~~~~~~^^^^^^^^
  File "C:\Users\T.SHIGARAKI\Desktop\Projet-Bibliotheque-daniel\Projet-Bibliotheque-daniel\Projet-bibliotheque-admin\venv_admin\Lib\site-packages\django\db\models\sql\query.py", line 2560, in set_values
    self.add_fields(field_names, True)
    ~~~~~~~~~~~~~~~^^^^^^^^^^^^^^^^^^^
  File "C:\Users\T.SHIGARAKI\Desktop\Projet-Bibliotheque-daniel\Projet-Bibliotheque-daniel\Projet-bibliotheque-admin\venv_admin\Lib\site-packages\django\db\models\sql\query.py", line 2262, in add_fields
    raise FieldError(
    ...<2 lines>...
    )
django.core.exceptions.FieldError: Cannot resolve keyword 'book_id' into field. Choices are: added_at, content_object, content_type, content_type_id, id, object_id, user, user_id
Internal Server Error: /books/documents/
Traceback (most recent call last):
  File "C:\Users\T.SHIGARAKI\Desktop\Projet-Bibliotheque-daniel\Projet-Bibliotheque-daniel\Projet-bibliotheque-admin\venv_admin\Lib\site-packages\django\db\models\sql\query.py", line 2234, in add_fields
    join_info = self.setup_joins(
        name.split(LOOKUP_SEP), opts, alias, allow_many=allow_m2m
    )
  File "C:\Users\T.SHIGARAKI\Desktop\Projet-Bibliotheque-daniel\Projet-Bibliotheque-daniel\Projet-bibliotheque-admin\venv_admin\Lib\site-packages\django\db\models\sql\query.py", line 1897, in setup_joins
    path, final_field, targets, rest = self.names_to_path(
                                       ~~~~~~~~~~~~~~~~~~^
        names[:pivot],
        ^^^^^^^^^^^^^^
    ...<2 lines>...
        fail_on_missing=True,
        ^^^^^^^^^^^^^^^^^^^^^
    )
    ^
  File "C:\Users\T.SHIGARAKI\Desktop\Projet-Bibliotheque-daniel\Projet-Bibliotheque-daniel\Projet-bibliotheque-admin\venv_admin\Lib\site-packages\django\db\models\sql\query.py", line 1802, in names_to_path
    raise FieldError(
    ...<2 lines>...
    )
django.core.exceptions.FieldError: Cannot resolve keyword 'book_id' into field. Choices are: added_at, content_object, content_type, content_type_id, id, object_id, user, user_id

During handling of the above exception, another exception occurred:

Traceback (most recent call last):
  File "C:\Users\T.SHIGARAKI\Desktop\Projet-Bibliotheque-daniel\Projet-Bibliotheque-daniel\Projet-bibliotheque-admin\venv_admin\Lib\site-packages\django\core\handlers\exception.py", line 55, in inner
    response = get_response(request)
  File "C:\Users\T.SHIGARAKI\Desktop\Projet-Bibliotheque-daniel\Projet-Bibliotheque-daniel\Projet-bibliotheque-admin\venv_admin\Lib\site-packages\django\core\handlers\base.py", line 197, in _get_response
    response = wrapped_callback(request, *callback_args, **callback_kwargs)
  File "C:\Users\T.SHIGARAKI\Desktop\Projet-Bibliotheque-daniel\Projet-Bibliotheque-daniel\Projet-bibliotheque-admin\venv_admin\Lib\site-packages\django\contrib\auth\decorators.py", line 59, in _view_wrapper
    return view_func(request, *args, **kwargs)
  File "C:\Users\T.SHIGARAKI\Desktop\Projet-Bibliotheque-daniel\Projet-Bibliotheque-daniel\Projet-bibliotheque-admin\books\views.py", line 272, in documents_view
    favorite_ids = UserFavorite.objects.filter(user=request.user).values_list('book_id', flat=True)
  File "C:\Users\T.SHIGARAKI\Desktop\Projet-Bibliotheque-daniel\Projet-Bibliotheque-daniel\Projet-bibliotheque-admin\venv_admin\Lib\site-packages\django\db\models\query.py", line 1407, in values_list
    clone = self._values(*_fields, **expressions)
  File "C:\Users\T.SHIGARAKI\Desktop\Projet-Bibliotheque-daniel\Projet-Bibliotheque-daniel\Projet-bibliotheque-admin\venv_admin\Lib\site-packages\django\db\models\query.py", line 1361, in _values
    clone.query.set_values(fields)
    ~~~~~~~~~~~~~~~~~~~~~~^^^^^^^^
  File "C:\Users\T.SHIGARAKI\Desktop\Projet-Bibliotheque-daniel\Projet-Bibliotheque-daniel\Projet-bibliotheque-admin\venv_admin\Lib\site-packages\django\db\models\sql\query.py", line 2560, in set_values
    self.add_fields(field_names, True)
    ~~~~~~~~~~~~~~~^^^^^^^^^^^^^^^^^^^
  File "C:\Users\T.SHIGARAKI\Desktop\Projet-Bibliotheque-daniel\Projet-Bibliotheque-daniel\Projet-bibliotheque-admin\venv_admin\Lib\site-packages\django\db\models\sql\query.py", line 2262, in add_fields
    raise FieldError(
    ...<2 lines>...
    )
django.core.exceptions.FieldError: Cannot resolve keyword 'book_id' into field. Choices are: added_at, content_object, content_type, content_type_id, id, object_id, user, user_id
Internal Server Error: /books/documents/
Traceback (most recent call last):
  File "C:\Users\T.SHIGARAKI\Desktop\Projet-Bibliotheque-daniel\Projet-Bibliotheque-daniel\Projet-bibliotheque-admin\venv_admin\Lib\site-packages\django\db\models\sql\query.py", line 2234, in add_fields
    join_info = self.setup_joins(
        name.split(LOOKUP_SEP), opts, alias, allow_many=allow_m2m
    )
  File "C:\Users\T.SHIGARAKI\Desktop\Projet-Bibliotheque-daniel\Projet-Bibliotheque-daniel\Projet-bibliotheque-admin\venv_admin\Lib\site-packages\django\db\models\sql\query.py", line 1897, in setup_joins
    path, final_field, targets, rest = self.names_to_path(
                                       ~~~~~~~~~~~~~~~~~~^
        names[:pivot],
        ^^^^^^^^^^^^^^
    ...<2 lines>...
        fail_on_missing=True,
        ^^^^^^^^^^^^^^^^^^^^^
    )
    ^
  File "C:\Users\T.SHIGARAKI\Desktop\Projet-Bibliotheque-daniel\Projet-Bibliotheque-daniel\Projet-bibliotheque-admin\venv_admin\Lib\site-packages\django\db\models\sql\query.py", line 1802, in names_to_path
    raise FieldError(
    ...<2 lines>...
    )
django.core.exceptions.FieldError: Cannot resolve keyword 'book_id' into field. Choices are: added_at, content_object, content_type, content_type_id, id, object_id, user, user_id

During handling of the above exception, another exception occurred:

Traceback (most recent call last):
  File "C:\Users\T.SHIGARAKI\Desktop\Projet-Bibliotheque-daniel\Projet-Bibliotheque-daniel\Projet-bibliotheque-admin\venv_admin\Lib\site-packages\django\core\handlers\exception.py", line 55, in inner
    response = get_response(request)
  File "C:\Users\T.SHIGARAKI\Desktop\Projet-Bibliotheque-daniel\Projet-Bibliotheque-daniel\Projet-bibliotheque-admin\venv_admin\Lib\site-packages\django\core\handlers\base.py", line 197, in _get_response
    response = wrapped_callback(request, *callback_args, **callback_kwargs)
  File "C:\Users\T.SHIGARAKI\Desktop\Projet-Bibliotheque-daniel\Projet-Bibliotheque-daniel\Projet-bibliotheque-admin\venv_admin\Lib\site-packages\django\contrib\auth\decorators.py", line 59, in _view_wrapper
    return view_func(request, *args, **kwargs)
  File "C:\Users\T.SHIGARAKI\Desktop\Projet-Bibliotheque-daniel\Projet-Bibliotheque-daniel\Projet-bibliotheque-admin\books\views.py", line 272, in documents_view
    favorite_ids = UserFavorite.objects.filter(user=request.user).values_list('book_id', flat=True)
  File "C:\Users\T.SHIGARAKI\Desktop\Projet-Bibliotheque-daniel\Projet-Bibliotheque-daniel\Projet-bibliotheque-admin\venv_admin\Lib\site-packages\django\db\models\query.py", line 1407, in values_list
    clone = self._values(*_fields, **expressions)
  File "C:\Users\T.SHIGARAKI\Desktop\Projet-Bibliotheque-daniel\Projet-Bibliotheque-daniel\Projet-bibliotheque-admin\venv_admin\Lib\site-packages\django\db\models\query.py", line 1361, in _values
    clone.query.set_values(fields)
    ~~~~~~~~~~~~~~~~~~~~~~^^^^^^^^
  File "C:\Users\T.SHIGARAKI\Desktop\Projet-Bibliotheque-daniel\Projet-Bibliotheque-daniel\Projet-bibliotheque-admin\venv_admin\Lib\site-packages\django\db\models\sql\query.py", line 2560, in set_values
    self.add_fields(field_names, True)
    ~~~~~~~~~~~~~~~^^^^^^^^^^^^^^^^^^^
  File "C:\Users\T.SHIGARAKI\Desktop\Projet-Bibliotheque-daniel\Projet-Bibliotheque-daniel\Projet-bibliotheque-admin\venv_admin\Lib\site-packages\django\db\models\sql\query.py", line 2262, in add_fields
    raise FieldError(
    ...<2 lines>...
    )
django.core.exceptions.FieldError: Cannot resolve keyword 'book_id' into field. Choices are: added_at, content_object, content_type, content_type_id, id, object_id, user, user_id
User logged in: admin_biblio, first_login=False
Notification count: total=2
Total des notifications affichées: 2
Notification count: total=2
Tentative de suppression de toutes les notifications par l'utilisateur admin_biblio
2 notifications supprimées
Notification count: total=0
Notification count: total=0
Notification count: total=0
Notification count: total=0
Notification count: total=0
Tentative de suppression de toutes les notifications par l'utilisateur admin_biblio
0 notifications supprimées
Notification count: total=0
Notification count: total=0
Notification count: total=0
Tentative de marquage de toutes les notifications comme lues par l'utilisateur admin_biblio
0 notifications marquées comme lues
Notification count: total=0
Total des notifications affichées: 0
Notification count: total=0
Total des notifications affichées: 0
Notification count: total=0
Tentative de suppression de toutes les notifications par l'utilisateur admin_biblio
0 notifications supprimées
Notification count: total=0
Total des notifications affichées: 0
Notification count: total=0
Tentative de marquage de toutes les notifications comme lues par l'utilisateur admin_biblio
0 notifications marquées comme lues
Notification count: total=0
Total des notifications affichées: 0
Notification count: total=0
Notification count: total=0
Total des notifications affichées: 0
Notification count: total=0
Internal Server Error: /statistics/
Traceback (most recent call last):
  File "C:\Users\T.SHIGARAKI\Desktop\Projet-Bibliotheque-daniel\Projet-Bibliotheque-daniel\Projet-bibliotheque-admin\venv_admin\Lib\site-packages\django\template\backends\django.py", line 107, in render
    return self.template.render(context)
           ~~~~~~~~~~~~~~~~~~~~^^^^^^^^^
  File "C:\Users\T.SHIGARAKI\Desktop\Projet-Bibliotheque-daniel\Projet-Bibliotheque-daniel\Projet-bibliotheque-admin\venv_admin\Lib\site-packages\django\template\base.py", line 171, in render
    return self._render(context)
           ~~~~~~~~~~~~^^^^^^^^^
  File "C:\Users\T.SHIGARAKI\Desktop\Projet-Bibliotheque-daniel\Projet-Bibliotheque-daniel\Projet-bibliotheque-admin\venv_admin\Lib\site-packages\django\template\base.py", line 163, in _render
    return self.nodelist.render(context)
           ~~~~~~~~~~~~~~~~~~~~^^^^^^^^^
  File "C:\Users\T.SHIGARAKI\Desktop\Projet-Bibliotheque-daniel\Projet-Bibliotheque-daniel\Projet-bibliotheque-admin\venv_admin\Lib\site-packages\django\template\base.py", line 1016, in render
    return SafeString("".join([node.render_annotated(context) for node in self]))
                               ~~~~~~~~~~~~~~~~~~~~~^^^^^^^^^
  File "C:\Users\T.SHIGARAKI\Desktop\Projet-Bibliotheque-daniel\Projet-Bibliotheque-daniel\Projet-bibliotheque-admin\venv_admin\Lib\site-packages\django\template\base.py", line 977, in render_annotated
    return self.render(context)
           ~~~~~~~~~~~^^^^^^^^^
  File "C:\Users\T.SHIGARAKI\Desktop\Projet-Bibliotheque-daniel\Projet-Bibliotheque-daniel\Projet-bibliotheque-admin\venv_admin\Lib\site-packages\django\template\loader_tags.py", line 134, in render
    compiled_parent = self.get_parent(context)
  File "C:\Users\T.SHIGARAKI\Desktop\Projet-Bibliotheque-daniel\Projet-Bibliotheque-daniel\Projet-bibliotheque-admin\venv_admin\Lib\site-packages\django\template\loader_tags.py", line 131, in get_parent
    return self.find_template(parent, context)
           ~~~~~~~~~~~~~~~~~~^^^^^^^^^^^^^^^^^
  File "C:\Users\T.SHIGARAKI\Desktop\Projet-Bibliotheque-daniel\Projet-Bibliotheque-daniel\Projet-bibliotheque-admin\venv_admin\Lib\site-packages\django\template\loader_tags.py", line 109, in find_template
    template, origin = context.template.engine.find_template(
                       ~~~~~~~~~~~~~~~~~~~~~~~~~~~~~~~~~~~~~^
        template_name,
        ^^^^^^^^^^^^^^
        skip=history,
        ^^^^^^^^^^^^^
    )
    ^
  File "C:\Users\T.SHIGARAKI\Desktop\Projet-Bibliotheque-daniel\Projet-Bibliotheque-daniel\Projet-bibliotheque-admin\venv_admin\Lib\site-packages\django\template\engine.py", line 163, in find_template
    raise TemplateDoesNotExist(name, tried=tried)
django.template.exceptions.TemplateDoesNotExist: books/base.html

The above exception was the direct cause of the following exception:

Traceback (most recent call last):
  File "C:\Users\T.SHIGARAKI\Desktop\Projet-Bibliotheque-daniel\Projet-Bibliotheque-daniel\Projet-bibliotheque-admin\venv_admin\Lib\site-packages\django\core\handlers\exception.py", line 55, in inner
    response = get_response(request)
  File "C:\Users\T.SHIGARAKI\Desktop\Projet-Bibliotheque-daniel\Projet-Bibliotheque-daniel\Projet-bibliotheque-admin\venv_admin\Lib\site-packages\django\core\handlers\base.py", line 197, in _get_response
    response = wrapped_callback(request, *callback_args, **callback_kwargs)
  File "C:\Users\T.SHIGARAKI\Desktop\Projet-Bibliotheque-daniel\Projet-Bibliotheque-daniel\Projet-bibliotheque-admin\venv_admin\Lib\site-packages\django\contrib\auth\decorators.py", line 59, in _view_wrapper
    return view_func(request, *args, **kwargs)
  File "C:\Users\T.SHIGARAKI\Desktop\Projet-Bibliotheque-daniel\Projet-Bibliotheque-daniel\Projet-bibliotheque-admin\library_stats\views.py", line 58, in statistics
    return render(request, 'library_stats/statistics.html', context)
  File "C:\Users\T.SHIGARAKI\Desktop\Projet-Bibliotheque-daniel\Projet-Bibliotheque-daniel\Projet-bibliotheque-admin\venv_admin\Lib\site-packages\django\shortcuts.py", line 25, in render
    content = loader.render_to_string(template_name, context, request, using=using)
  File "C:\Users\T.SHIGARAKI\Desktop\Projet-Bibliotheque-daniel\Projet-Bibliotheque-daniel\Projet-bibliotheque-admin\venv_admin\Lib\site-packages\django\template\loader.py", line 62, in render_to_string
    return template.render(context, request)
           ~~~~~~~~~~~~~~~^^^^^^^^^^^^^^^^^^
  File "C:\Users\T.SHIGARAKI\Desktop\Projet-Bibliotheque-daniel\Projet-Bibliotheque-daniel\Projet-bibliotheque-admin\venv_admin\Lib\site-packages\django\template\backends\django.py", line 109, in render
    reraise(exc, self.backend)
    ~~~~~~~^^^^^^^^^^^^^^^^^^^
  File "C:\Users\T.SHIGARAKI\Desktop\Projet-Bibliotheque-daniel\Projet-Bibliotheque-daniel\Projet-bibliotheque-admin\venv_admin\Lib\site-packages\django\template\backends\django.py", line 130, in reraise
    raise new from exc
django.template.exceptions.TemplateDoesNotExist: books/base.html
Tentative de suppression de toutes les notifications par l'utilisateur admin_biblio
0 notifications supprimées
Notification count: total=0
Notification count: total=0
Total des notifications affichées: 0
Notification count: total=0
Total des notifications affichées: 0
Notification count: total=0
Notification count: total=0
Notification count: total=0
Notification count: total=0
Notification count: total=0
Notification count: total=0
Watching for file changes with StatReloader
Watching for file changes with StatReloader
Notification count: total=0
Notification count: total=0
Not Found: /favicon.ico
Notification count: total=0
Notification count: total=0
C:\Users\T.SHIGARAKI\Desktop\Projet-Bibliotheque-daniel\Projet-Bibliotheque-daniel\Projet-bibliotheque-admin\books\views.py changed, reloading.
Watching for file changes with StatReloader
Notification count: total=0
Notification count: total=0
Notification count: total=0
Notification count: total=0
Notification count: total=0
Notification count: total=0
Notification count: total=0
Notification count: total=0
Total des notifications affichées: 0
Notification count: total=0
Notification count: total=0
Internal Server Error: /statistics/
Traceback (most recent call last):
  File "C:\Users\T.SHIGARAKI\Desktop\Projet-Bibliotheque-daniel\Projet-Bibliotheque-daniel\Projet-bibliotheque-admin\venv_admin\Lib\site-packages\django\template\backends\django.py", line 107, in render
    return self.template.render(context)
           ~~~~~~~~~~~~~~~~~~~~^^^^^^^^^
  File "C:\Users\T.SHIGARAKI\Desktop\Projet-Bibliotheque-daniel\Projet-Bibliotheque-daniel\Projet-bibliotheque-admin\venv_admin\Lib\site-packages\django\template\base.py", line 171, in render
    return self._render(context)
           ~~~~~~~~~~~~^^^^^^^^^
  File "C:\Users\T.SHIGARAKI\Desktop\Projet-Bibliotheque-daniel\Projet-Bibliotheque-daniel\Projet-bibliotheque-admin\venv_admin\Lib\site-packages\django\template\base.py", line 163, in _render
    return self.nodelist.render(context)
           ~~~~~~~~~~~~~~~~~~~~^^^^^^^^^
  File "C:\Users\T.SHIGARAKI\Desktop\Projet-Bibliotheque-daniel\Projet-Bibliotheque-daniel\Projet-bibliotheque-admin\venv_admin\Lib\site-packages\django\template\base.py", line 1016, in render
    return SafeString("".join([node.render_annotated(context) for node in self]))
                               ~~~~~~~~~~~~~~~~~~~~~^^^^^^^^^
  File "C:\Users\T.SHIGARAKI\Desktop\Projet-Bibliotheque-daniel\Projet-Bibliotheque-daniel\Projet-bibliotheque-admin\venv_admin\Lib\site-packages\django\template\base.py", line 977, in render_annotated
    return self.render(context)
           ~~~~~~~~~~~^^^^^^^^^
  File "C:\Users\T.SHIGARAKI\Desktop\Projet-Bibliotheque-daniel\Projet-Bibliotheque-daniel\Projet-bibliotheque-admin\venv_admin\Lib\site-packages\django\template\loader_tags.py", line 134, in render
    compiled_parent = self.get_parent(context)
  File "C:\Users\T.SHIGARAKI\Desktop\Projet-Bibliotheque-daniel\Projet-Bibliotheque-daniel\Projet-bibliotheque-admin\venv_admin\Lib\site-packages\django\template\loader_tags.py", line 131, in get_parent
    return self.find_template(parent, context)
           ~~~~~~~~~~~~~~~~~~^^^^^^^^^^^^^^^^^
  File "C:\Users\T.SHIGARAKI\Desktop\Projet-Bibliotheque-daniel\Projet-Bibliotheque-daniel\Projet-bibliotheque-admin\venv_admin\Lib\site-packages\django\template\loader_tags.py", line 109, in find_template
    template, origin = context.template.engine.find_template(
                       ~~~~~~~~~~~~~~~~~~~~~~~~~~~~~~~~~~~~~^
        template_name,
        ^^^^^^^^^^^^^^
        skip=history,
        ^^^^^^^^^^^^^
    )
    ^
  File "C:\Users\T.SHIGARAKI\Desktop\Projet-Bibliotheque-daniel\Projet-Bibliotheque-daniel\Projet-bibliotheque-admin\venv_admin\Lib\site-packages\django\template\engine.py", line 163, in find_template
    raise TemplateDoesNotExist(name, tried=tried)
django.template.exceptions.TemplateDoesNotExist: books/base.html

The above exception was the direct cause of the following exception:

Traceback (most recent call last):
  File "C:\Users\T.SHIGARAKI\Desktop\Projet-Bibliotheque-daniel\Projet-Bibliotheque-daniel\Projet-bibliotheque-admin\venv_admin\Lib\site-packages\django\core\handlers\exception.py", line 55, in inner
    response = get_response(request)
  File "C:\Users\T.SHIGARAKI\Desktop\Projet-Bibliotheque-daniel\Projet-Bibliotheque-daniel\Projet-bibliotheque-admin\venv_admin\Lib\site-packages\django\core\handlers\base.py", line 197, in _get_response
    response = wrapped_callback(request, *callback_args, **callback_kwargs)
  File "C:\Users\T.SHIGARAKI\Desktop\Projet-Bibliotheque-daniel\Projet-Bibliotheque-daniel\Projet-bibliotheque-admin\venv_admin\Lib\site-packages\django\contrib\auth\decorators.py", line 59, in _view_wrapper
    return view_func(request, *args, **kwargs)
  File "C:\Users\T.SHIGARAKI\Desktop\Projet-Bibliotheque-daniel\Projet-Bibliotheque-daniel\Projet-bibliotheque-admin\library_stats\views.py", line 58, in statistics
    return render(request, 'library_stats/statistics.html', context)
  File "C:\Users\T.SHIGARAKI\Desktop\Projet-Bibliotheque-daniel\Projet-Bibliotheque-daniel\Projet-bibliotheque-admin\venv_admin\Lib\site-packages\django\shortcuts.py", line 25, in render
    content = loader.render_to_string(template_name, context, request, using=using)
  File "C:\Users\T.SHIGARAKI\Desktop\Projet-Bibliotheque-daniel\Projet-Bibliotheque-daniel\Projet-bibliotheque-admin\venv_admin\Lib\site-packages\django\template\loader.py", line 62, in render_to_string
    return template.render(context, request)
           ~~~~~~~~~~~~~~~^^^^^^^^^^^^^^^^^^
  File "C:\Users\T.SHIGARAKI\Desktop\Projet-Bibliotheque-daniel\Projet-Bibliotheque-daniel\Projet-bibliotheque-admin\venv_admin\Lib\site-packages\django\template\backends\django.py", line 109, in render
    reraise(exc, self.backend)
    ~~~~~~~^^^^^^^^^^^^^^^^^^^
  File "C:\Users\T.SHIGARAKI\Desktop\Projet-Bibliotheque-daniel\Projet-Bibliotheque-daniel\Projet-bibliotheque-admin\venv_admin\Lib\site-packages\django\template\backends\django.py", line 130, in reraise
    raise new from exc
django.template.exceptions.TemplateDoesNotExist: books/base.html
Notification count: total=0
Notification count: total=0
User logged in: esso.daniel001, first_login=False
Internal Server Error: /books/search/
Traceback (most recent call last):
  File "C:\Users\T.SHIGARAKI\Desktop\Projet-Bibliotheque-daniel\Projet-Bibliotheque-daniel\Projet-bibliotheque-admin\venv_admin\Lib\site-packages\django\db\models\sql\query.py", line 2234, in add_fields
    join_info = self.setup_joins(
        name.split(LOOKUP_SEP), opts, alias, allow_many=allow_m2m
    )
  File "C:\Users\T.SHIGARAKI\Desktop\Projet-Bibliotheque-daniel\Projet-Bibliotheque-daniel\Projet-bibliotheque-admin\venv_admin\Lib\site-packages\django\db\models\sql\query.py", line 1897, in setup_joins
    path, final_field, targets, rest = self.names_to_path(
                                       ~~~~~~~~~~~~~~~~~~^
        names[:pivot],
        ^^^^^^^^^^^^^^
    ...<2 lines>...
        fail_on_missing=True,
        ^^^^^^^^^^^^^^^^^^^^^
    )
    ^
  File "C:\Users\T.SHIGARAKI\Desktop\Projet-Bibliotheque-daniel\Projet-Bibliotheque-daniel\Projet-bibliotheque-admin\venv_admin\Lib\site-packages\django\db\models\sql\query.py", line 1802, in names_to_path
    raise FieldError(
    ...<2 lines>...
    )
django.core.exceptions.FieldError: Cannot resolve keyword 'book_id' into field. Choices are: added_at, content_object, content_type, content_type_id, id, object_id, user, user_id

During handling of the above exception, another exception occurred:

Traceback (most recent call last):
  File "C:\Users\T.SHIGARAKI\Desktop\Projet-Bibliotheque-daniel\Projet-Bibliotheque-daniel\Projet-bibliotheque-admin\venv_admin\Lib\site-packages\django\core\handlers\exception.py", line 55, in inner
    response = get_response(request)
  File "C:\Users\T.SHIGARAKI\Desktop\Projet-Bibliotheque-daniel\Projet-Bibliotheque-daniel\Projet-bibliotheque-admin\venv_admin\Lib\site-packages\django\core\handlers\base.py", line 197, in _get_response
    response = wrapped_callback(request, *callback_args, **callback_kwargs)
  File "C:\Users\T.SHIGARAKI\Desktop\Projet-Bibliotheque-daniel\Projet-Bibliotheque-daniel\Projet-bibliotheque-admin\venv_admin\Lib\site-packages\django\contrib\auth\decorators.py", line 59, in _view_wrapper
    return view_func(request, *args, **kwargs)
  File "C:\Users\T.SHIGARAKI\Desktop\Projet-Bibliotheque-daniel\Projet-Bibliotheque-daniel\Projet-bibliotheque-admin\books\views.py", line 212, in search_view
    favorite_ids = UserFavorite.objects.filter(user=request.user).values_list('book_id', flat=True)
  File "C:\Users\T.SHIGARAKI\Desktop\Projet-Bibliotheque-daniel\Projet-Bibliotheque-daniel\Projet-bibliotheque-admin\venv_admin\Lib\site-packages\django\db\models\query.py", line 1407, in values_list
    clone = self._values(*_fields, **expressions)
  File "C:\Users\T.SHIGARAKI\Desktop\Projet-Bibliotheque-daniel\Projet-Bibliotheque-daniel\Projet-bibliotheque-admin\venv_admin\Lib\site-packages\django\db\models\query.py", line 1361, in _values
    clone.query.set_values(fields)
    ~~~~~~~~~~~~~~~~~~~~~~^^^^^^^^
  File "C:\Users\T.SHIGARAKI\Desktop\Projet-Bibliotheque-daniel\Projet-Bibliotheque-daniel\Projet-bibliotheque-admin\venv_admin\Lib\site-packages\django\db\models\sql\query.py", line 2560, in set_values
    self.add_fields(field_names, True)
    ~~~~~~~~~~~~~~~^^^^^^^^^^^^^^^^^^^
  File "C:\Users\T.SHIGARAKI\Desktop\Projet-Bibliotheque-daniel\Projet-Bibliotheque-daniel\Projet-bibliotheque-admin\venv_admin\Lib\site-packages\django\db\models\sql\query.py", line 2262, in add_fields
    raise FieldError(
    ...<2 lines>...
    )
django.core.exceptions.FieldError: Cannot resolve keyword 'book_id' into field. Choices are: added_at, content_object, content_type, content_type_id, id, object_id, user, user_id
Internal Server Error: /books/favorites/
Traceback (most recent call last):
  File "C:\Users\T.SHIGARAKI\Desktop\Projet-Bibliotheque-daniel\Projet-Bibliotheque-daniel\Projet-bibliotheque-admin\venv_admin\Lib\site-packages\django\core\handlers\exception.py", line 55, in inner
    response = get_response(request)
  File "C:\Users\T.SHIGARAKI\Desktop\Projet-Bibliotheque-daniel\Projet-Bibliotheque-daniel\Projet-bibliotheque-admin\venv_admin\Lib\site-packages\django\core\handlers\base.py", line 197, in _get_response
    response = wrapped_callback(request, *callback_args, **callback_kwargs)
  File "C:\Users\T.SHIGARAKI\Desktop\Projet-Bibliotheque-daniel\Projet-Bibliotheque-daniel\Projet-bibliotheque-admin\venv_admin\Lib\site-packages\django\contrib\auth\decorators.py", line 59, in _view_wrapper
    return view_func(request, *args, **kwargs)
  File "C:\Users\T.SHIGARAKI\Desktop\Projet-Bibliotheque-daniel\Projet-Bibliotheque-daniel\Projet-bibliotheque-admin\books\views.py", line 290, in favorites_view
    favorite_books = Book.objects.filter(favorited_by__user=request.user)
  File "C:\Users\T.SHIGARAKI\Desktop\Projet-Bibliotheque-daniel\Projet-Bibliotheque-daniel\Projet-bibliotheque-admin\venv_admin\Lib\site-packages\django\db\models\manager.py", line 87, in manager_method
    return getattr(self.get_queryset(), name)(*args, **kwargs)
           ~~~~~~~~~~~~~~~~~~~~~~~~~~~~~~~~~~^^^^^^^^^^^^^^^^^
  File "C:\Users\T.SHIGARAKI\Desktop\Projet-Bibliotheque-daniel\Projet-Bibliotheque-daniel\Projet-bibliotheque-admin\venv_admin\Lib\site-packages\django\db\models\query.py", line 1491, in filter
    return self._filter_or_exclude(False, args, kwargs)
           ~~~~~~~~~~~~~~~~~~~~~~~^^^^^^^^^^^^^^^^^^^^^
  File "C:\Users\T.SHIGARAKI\Desktop\Projet-Bibliotheque-daniel\Projet-Bibliotheque-daniel\Projet-bibliotheque-admin\venv_admin\Lib\site-packages\django\db\models\query.py", line 1509, in _filter_or_exclude
    clone._filter_or_exclude_inplace(negate, args, kwargs)
    ~~~~~~~~~~~~~~~~~~~~~~~~~~~~~~~~^^^^^^^^^^^^^^^^^^^^^^
  File "C:\Users\T.SHIGARAKI\Desktop\Projet-Bibliotheque-daniel\Projet-Bibliotheque-daniel\Projet-bibliotheque-admin\venv_admin\Lib\site-packages\django\db\models\query.py", line 1516, in _filter_or_exclude_inplace
    self._query.add_q(Q(*args, **kwargs))
    ~~~~~~~~~~~~~~~~~^^^^^^^^^^^^^^^^^^^^
  File "C:\Users\T.SHIGARAKI\Desktop\Projet-Bibliotheque-daniel\Projet-Bibliotheque-daniel\Projet-bibliotheque-admin\venv_admin\Lib\site-packages\django\db\models\sql\query.py", line 1643, in add_q
    clause, _ = self._add_q(q_object, can_reuse)
                ~~~~~~~~~~~^^^^^^^^^^^^^^^^^^^^^
  File "C:\Users\T.SHIGARAKI\Desktop\Projet-Bibliotheque-daniel\Projet-Bibliotheque-daniel\Projet-bibliotheque-admin\venv_admin\Lib\site-packages\django\db\models\sql\query.py", line 1675, in _add_q
    child_clause, needed_inner = self.build_filter(
                                 ~~~~~~~~~~~~~~~~~^
        child,
        ^^^^^^
    ...<7 lines>...
        update_join_types=update_join_types,
        ^^^^^^^^^^^^^^^^^^^^^^^^^^^^^^^^^^^^
    )
    ^
  File "C:\Users\T.SHIGARAKI\Desktop\Projet-Bibliotheque-daniel\Projet-Bibliotheque-daniel\Projet-bibliotheque-admin\venv_admin\Lib\site-packages\django\db\models\sql\query.py", line 1523, in build_filter
    lookups, parts, reffed_expression = self.solve_lookup_type(arg, summarize)
                                        ~~~~~~~~~~~~~~~~~~~~~~^^^^^^^^^^^^^^^^
  File "C:\Users\T.SHIGARAKI\Desktop\Projet-Bibliotheque-daniel\Projet-Bibliotheque-daniel\Projet-bibliotheque-admin\venv_admin\Lib\site-packages\django\db\models\sql\query.py", line 1330, in solve_lookup_type
    _, field, _, lookup_parts = self.names_to_path(lookup_splitted, self.get_meta())
                                ~~~~~~~~~~~~~~~~~~^^^^^^^^^^^^^^^^^^^^^^^^^^^^^^^^^^
  File "C:\Users\T.SHIGARAKI\Desktop\Projet-Bibliotheque-daniel\Projet-Bibliotheque-daniel\Projet-bibliotheque-admin\venv_admin\Lib\site-packages\django\db\models\sql\query.py", line 1802, in names_to_path
    raise FieldError(
    ...<2 lines>...
    )
django.core.exceptions.FieldError: Cannot resolve keyword 'favorited_by' into field. Choices are: author, category, cover_image, created_at, ebook_file, id, isbn, publication_date, title, updated_at
Watching for file changes with StatReloader
User logged in: esso.daniel001, first_login=False
Not Found: /favicon.ico
Internal Server Error: /books/search/
Traceback (most recent call last):
  File "C:\Users\T.SHIGARAKI\Desktop\Projet-Bibliotheque-daniel\Projet-Bibliotheque-daniel\Projet-bibliotheque-admin\venv_admin\Lib\site-packages\django\db\models\sql\query.py", line 2234, in add_fields
    join_info = self.setup_joins(
        name.split(LOOKUP_SEP), opts, alias, allow_many=allow_m2m
    )
  File "C:\Users\T.SHIGARAKI\Desktop\Projet-Bibliotheque-daniel\Projet-Bibliotheque-daniel\Projet-bibliotheque-admin\venv_admin\Lib\site-packages\django\db\models\sql\query.py", line 1897, in setup_joins
    path, final_field, targets, rest = self.names_to_path(
                                       ~~~~~~~~~~~~~~~~~~^
        names[:pivot],
        ^^^^^^^^^^^^^^
    ...<2 lines>...
        fail_on_missing=True,
        ^^^^^^^^^^^^^^^^^^^^^
    )
    ^
  File "C:\Users\T.SHIGARAKI\Desktop\Projet-Bibliotheque-daniel\Projet-Bibliotheque-daniel\Projet-bibliotheque-admin\venv_admin\Lib\site-packages\django\db\models\sql\query.py", line 1802, in names_to_path
    raise FieldError(
    ...<2 lines>...
    )
django.core.exceptions.FieldError: Cannot resolve keyword 'book_id' into field. Choices are: added_at, content_object, content_type, content_type_id, id, object_id, user, user_id

During handling of the above exception, another exception occurred:

Traceback (most recent call last):
  File "C:\Users\T.SHIGARAKI\Desktop\Projet-Bibliotheque-daniel\Projet-Bibliotheque-daniel\Projet-bibliotheque-admin\venv_admin\Lib\site-packages\django\core\handlers\exception.py", line 55, in inner
    response = get_response(request)
  File "C:\Users\T.SHIGARAKI\Desktop\Projet-Bibliotheque-daniel\Projet-Bibliotheque-daniel\Projet-bibliotheque-admin\venv_admin\Lib\site-packages\django\core\handlers\base.py", line 197, in _get_response
    response = wrapped_callback(request, *callback_args, **callback_kwargs)
  File "C:\Users\T.SHIGARAKI\Desktop\Projet-Bibliotheque-daniel\Projet-Bibliotheque-daniel\Projet-bibliotheque-admin\venv_admin\Lib\site-packages\django\contrib\auth\decorators.py", line 59, in _view_wrapper
    return view_func(request, *args, **kwargs)
  File "C:\Users\T.SHIGARAKI\Desktop\Projet-Bibliotheque-daniel\Projet-Bibliotheque-daniel\Projet-bibliotheque-admin\books\views.py", line 212, in search_view
    favorite_ids = UserFavorite.objects.filter(user=request.user).values_list('book_id', flat=True)
  File "C:\Users\T.SHIGARAKI\Desktop\Projet-Bibliotheque-daniel\Projet-Bibliotheque-daniel\Projet-bibliotheque-admin\venv_admin\Lib\site-packages\django\db\models\query.py", line 1407, in values_list
    clone = self._values(*_fields, **expressions)
  File "C:\Users\T.SHIGARAKI\Desktop\Projet-Bibliotheque-daniel\Projet-Bibliotheque-daniel\Projet-bibliotheque-admin\venv_admin\Lib\site-packages\django\db\models\query.py", line 1361, in _values
    clone.query.set_values(fields)
    ~~~~~~~~~~~~~~~~~~~~~~^^^^^^^^
  File "C:\Users\T.SHIGARAKI\Desktop\Projet-Bibliotheque-daniel\Projet-Bibliotheque-daniel\Projet-bibliotheque-admin\venv_admin\Lib\site-packages\django\db\models\sql\query.py", line 2560, in set_values
    self.add_fields(field_names, True)
    ~~~~~~~~~~~~~~~^^^^^^^^^^^^^^^^^^^
  File "C:\Users\T.SHIGARAKI\Desktop\Projet-Bibliotheque-daniel\Projet-Bibliotheque-daniel\Projet-bibliotheque-admin\venv_admin\Lib\site-packages\django\db\models\sql\query.py", line 2262, in add_fields
    raise FieldError(
    ...<2 lines>...
    )
django.core.exceptions.FieldError: Cannot resolve keyword 'book_id' into field. Choices are: added_at, content_object, content_type, content_type_id, id, object_id, user, user_id
Not Found: /favicon.ico
C:\Users\T.SHIGARAKI\Desktop\Projet-Bibliotheque-daniel\Projet-Bibliotheque-daniel\Projet-bibliotheque-admin\books\views.py changed, reloading.
Watching for file changes with StatReloader
Notification count: total=0
Not Found: /favicon.ico
Notification count: total=0
Notification count: total=0
Notification count: total=0
Notification count: total=0
Notification count: total=0
Notification count: total=0
Notification count: total=0
Notification count: total=0
Watching for file changes with StatReloader
Not Found: /favicon.ico
User logged in: admin_biblio, first_login=False
Notification count: total=0
Notification count: total=0
Notification count: total=0
Notification count: total=0
User logged in: esso.daniel001, first_login=False
Notification count: total=0
Notification count: total=0
Watching for file changes with StatReloader
Not Found: /favicon.ico
